
[03/10/2025 10:25:06] ❌ Erro ao enviar pasta 'carretas vanderleia 11-12-14' para Agro Brasil🌱: Message: unknown error: ChromeDriver only supports characters in the BMP
  (Session info: chrome=140.0.7339.208)
Stacktrace:
	GetHandleVerifier [0x0x7ff7e3271eb5+80197]
	GetHandleVerifier [0x0x7ff7e3271f10+80288]
	(No symbol) [0x0x7ff7e2ff02fa]
	(No symbol) [0x0x7ff7e308c532]
	(No symbol) [0x0x7ff7e30411c7]
	(No symbol) [0x0x7ff7e3040464]
	(No symbol) [0x0x7ff7e307037a]
	(No symbol) [0x0x7ff7e303a456]
	(No symbol) [0x0x7ff7e3070590]
	(No symbol) [0x0x7ff7e30987fb]
	(No symbol) [0x0x7ff7e3070153]
	(No symbol) [0x0x7ff7e3038b02]
	(No symbol) [0x0x7ff7e30398d3]
	GetHandleVerifier [0x0x7ff7e352e83d+2949837]
	GetHandleVerifier [0x0x7ff7e3528c6a+2926330]
	GetHandleVerifier [0x0x7ff7e35486c7+3055959]
	GetHandleVerifier [0x0x7ff7e328cfee+191102]
	GetHandleVerifier [0x0x7ff7e32950af+224063]
	GetHandleVerifier [0x0x7ff7e327af64+117236]
	GetHandleVerifier [0x0x7ff7e327b119+117673]
	GetHandleVerifier [0x0x7ff7e32610a8+11064]
	BaseThreadInitThunk [0x0x7ffb10e6259d+29]
	RtlUserThreadStart [0x0x7ffb1190af78+40]

Traceback (most recent call last):
  File "D:\whatssappAuto\automatizaçãoWatts.py", line 160, in enviar_pasta_para_grupo
    search_box.send_keys(grupo)
  File "C:\Users\fs271\AppData\Local\Programs\Python\Python312\Lib\site-packages\selenium\webdriver\remote\webelement.py", line 304, in send_keys
    self._execute(
  File "C:\Users\fs271\AppData\Local\Programs\Python\Python312\Lib\site-packages\selenium\webdriver\remote\webelement.py", line 573, in _execute
    return self._parent.execute(command, params)
           ^^^^^^^^^^^^^^^^^^^^^^^^^^^^^^^^^^^^^
  File "C:\Users\fs271\AppData\Local\Programs\Python\Python312\Lib\site-packages\selenium\webdriver\remote\webdriver.py", line 454, in execute
    self.error_handler.check_response(response)
  File "C:\Users\fs271\AppData\Local\Programs\Python\Python312\Lib\site-packages\selenium\webdriver\remote\errorhandler.py", line 232, in check_response
    raise exception_class(message, screen, stacktrace)
selenium.common.exceptions.WebDriverException: Message: unknown error: ChromeDriver only supports characters in the BMP
  (Session info: chrome=140.0.7339.208)
Stacktrace:
	GetHandleVerifier [0x0x7ff7e3271eb5+80197]
	GetHandleVerifier [0x0x7ff7e3271f10+80288]
	(No symbol) [0x0x7ff7e2ff02fa]
	(No symbol) [0x0x7ff7e308c532]
	(No symbol) [0x0x7ff7e30411c7]
	(No symbol) [0x0x7ff7e3040464]
	(No symbol) [0x0x7ff7e307037a]
	(No symbol) [0x0x7ff7e303a456]
	(No symbol) [0x0x7ff7e3070590]
	(No symbol) [0x0x7ff7e30987fb]
	(No symbol) [0x0x7ff7e3070153]
	(No symbol) [0x0x7ff7e3038b02]
	(No symbol) [0x0x7ff7e30398d3]
	GetHandleVerifier [0x0x7ff7e352e83d+2949837]
	GetHandleVerifier [0x0x7ff7e3528c6a+2926330]
	GetHandleVerifier [0x0x7ff7e35486c7+3055959]
	GetHandleVerifier [0x0x7ff7e328cfee+191102]
	GetHandleVerifier [0x0x7ff7e32950af+224063]
	GetHandleVerifier [0x0x7ff7e327af64+117236]
	GetHandleVerifier [0x0x7ff7e327b119+117673]
	GetHandleVerifier [0x0x7ff7e32610a8+11064]
	BaseThreadInitThunk [0x0x7ffb10e6259d+29]
	RtlUserThreadStart [0x0x7ffb1190af78+40]


--------------------------------------------------------------------------------

[03/10/2025 10:25:17] ❌ Erro ao enviar pasta 'carretas vanderleia 11-12-14' para Agro Brasil🌱: Message: unknown error: ChromeDriver only supports characters in the BMP
  (Session info: chrome=140.0.7339.208)
Stacktrace:
	GetHandleVerifier [0x0x7ff7e3271eb5+80197]
	GetHandleVerifier [0x0x7ff7e3271f10+80288]
	(No symbol) [0x0x7ff7e2ff02fa]
	(No symbol) [0x0x7ff7e308c532]
	(No symbol) [0x0x7ff7e30411c7]
	(No symbol) [0x0x7ff7e3040464]
	(No symbol) [0x0x7ff7e307037a]
	(No symbol) [0x0x7ff7e303a456]
	(No symbol) [0x0x7ff7e3070590]
	(No symbol) [0x0x7ff7e30987fb]
	(No symbol) [0x0x7ff7e3070153]
	(No symbol) [0x0x7ff7e3038b02]
	(No symbol) [0x0x7ff7e30398d3]
	GetHandleVerifier [0x0x7ff7e352e83d+2949837]
	GetHandleVerifier [0x0x7ff7e3528c6a+2926330]
	GetHandleVerifier [0x0x7ff7e35486c7+3055959]
	GetHandleVerifier [0x0x7ff7e328cfee+191102]
	GetHandleVerifier [0x0x7ff7e32950af+224063]
	GetHandleVerifier [0x0x7ff7e327af64+117236]
	GetHandleVerifier [0x0x7ff7e327b119+117673]
	GetHandleVerifier [0x0x7ff7e32610a8+11064]
	BaseThreadInitThunk [0x0x7ffb10e6259d+29]
	RtlUserThreadStart [0x0x7ffb1190af78+40]

Traceback (most recent call last):
  File "D:\whatssappAuto\automatizaçãoWatts.py", line 160, in enviar_pasta_para_grupo
    search_box.send_keys(grupo)
  File "C:\Users\fs271\AppData\Local\Programs\Python\Python312\Lib\site-packages\selenium\webdriver\remote\webelement.py", line 304, in send_keys
    self._execute(
  File "C:\Users\fs271\AppData\Local\Programs\Python\Python312\Lib\site-packages\selenium\webdriver\remote\webelement.py", line 573, in _execute
    return self._parent.execute(command, params)
           ^^^^^^^^^^^^^^^^^^^^^^^^^^^^^^^^^^^^^
  File "C:\Users\fs271\AppData\Local\Programs\Python\Python312\Lib\site-packages\selenium\webdriver\remote\webdriver.py", line 454, in execute
    self.error_handler.check_response(response)
  File "C:\Users\fs271\AppData\Local\Programs\Python\Python312\Lib\site-packages\selenium\webdriver\remote\errorhandler.py", line 232, in check_response
    raise exception_class(message, screen, stacktrace)
selenium.common.exceptions.WebDriverException: Message: unknown error: ChromeDriver only supports characters in the BMP
  (Session info: chrome=140.0.7339.208)
Stacktrace:
	GetHandleVerifier [0x0x7ff7e3271eb5+80197]
	GetHandleVerifier [0x0x7ff7e3271f10+80288]
	(No symbol) [0x0x7ff7e2ff02fa]
	(No symbol) [0x0x7ff7e308c532]
	(No symbol) [0x0x7ff7e30411c7]
	(No symbol) [0x0x7ff7e3040464]
	(No symbol) [0x0x7ff7e307037a]
	(No symbol) [0x0x7ff7e303a456]
	(No symbol) [0x0x7ff7e3070590]
	(No symbol) [0x0x7ff7e30987fb]
	(No symbol) [0x0x7ff7e3070153]
	(No symbol) [0x0x7ff7e3038b02]
	(No symbol) [0x0x7ff7e30398d3]
	GetHandleVerifier [0x0x7ff7e352e83d+2949837]
	GetHandleVerifier [0x0x7ff7e3528c6a+2926330]
	GetHandleVerifier [0x0x7ff7e35486c7+3055959]
	GetHandleVerifier [0x0x7ff7e328cfee+191102]
	GetHandleVerifier [0x0x7ff7e32950af+224063]
	GetHandleVerifier [0x0x7ff7e327af64+117236]
	GetHandleVerifier [0x0x7ff7e327b119+117673]
	GetHandleVerifier [0x0x7ff7e32610a8+11064]
	BaseThreadInitThunk [0x0x7ffb10e6259d+29]
	RtlUserThreadStart [0x0x7ffb1190af78+40]


--------------------------------------------------------------------------------

[03/10/2025 10:25:27] ❌ Erro ao enviar pasta 'carretas vanderleia 11-12-14' para Agro Brasil🌱: Message: unknown error: ChromeDriver only supports characters in the BMP
  (Session info: chrome=140.0.7339.208)
Stacktrace:
	GetHandleVerifier [0x0x7ff7e3271eb5+80197]
	GetHandleVerifier [0x0x7ff7e3271f10+80288]
	(No symbol) [0x0x7ff7e2ff02fa]
	(No symbol) [0x0x7ff7e308c532]
	(No symbol) [0x0x7ff7e30411c7]
	(No symbol) [0x0x7ff7e3040464]
	(No symbol) [0x0x7ff7e307037a]
	(No symbol) [0x0x7ff7e303a456]
	(No symbol) [0x0x7ff7e3070590]
	(No symbol) [0x0x7ff7e30987fb]
	(No symbol) [0x0x7ff7e3070153]
	(No symbol) [0x0x7ff7e3038b02]
	(No symbol) [0x0x7ff7e30398d3]
	GetHandleVerifier [0x0x7ff7e352e83d+2949837]
	GetHandleVerifier [0x0x7ff7e3528c6a+2926330]
	GetHandleVerifier [0x0x7ff7e35486c7+3055959]
	GetHandleVerifier [0x0x7ff7e328cfee+191102]
	GetHandleVerifier [0x0x7ff7e32950af+224063]
	GetHandleVerifier [0x0x7ff7e327af64+117236]
	GetHandleVerifier [0x0x7ff7e327b119+117673]
	GetHandleVerifier [0x0x7ff7e32610a8+11064]
	BaseThreadInitThunk [0x0x7ffb10e6259d+29]
	RtlUserThreadStart [0x0x7ffb1190af78+40]

Traceback (most recent call last):
  File "D:\whatssappAuto\automatizaçãoWatts.py", line 160, in enviar_pasta_para_grupo
    search_box.send_keys(grupo)
  File "C:\Users\fs271\AppData\Local\Programs\Python\Python312\Lib\site-packages\selenium\webdriver\remote\webelement.py", line 304, in send_keys
    self._execute(
  File "C:\Users\fs271\AppData\Local\Programs\Python\Python312\Lib\site-packages\selenium\webdriver\remote\webelement.py", line 573, in _execute
    return self._parent.execute(command, params)
           ^^^^^^^^^^^^^^^^^^^^^^^^^^^^^^^^^^^^^
  File "C:\Users\fs271\AppData\Local\Programs\Python\Python312\Lib\site-packages\selenium\webdriver\remote\webdriver.py", line 454, in execute
    self.error_handler.check_response(response)
  File "C:\Users\fs271\AppData\Local\Programs\Python\Python312\Lib\site-packages\selenium\webdriver\remote\errorhandler.py", line 232, in check_response
    raise exception_class(message, screen, stacktrace)
selenium.common.exceptions.WebDriverException: Message: unknown error: ChromeDriver only supports characters in the BMP
  (Session info: chrome=140.0.7339.208)
Stacktrace:
	GetHandleVerifier [0x0x7ff7e3271eb5+80197]
	GetHandleVerifier [0x0x7ff7e3271f10+80288]
	(No symbol) [0x0x7ff7e2ff02fa]
	(No symbol) [0x0x7ff7e308c532]
	(No symbol) [0x0x7ff7e30411c7]
	(No symbol) [0x0x7ff7e3040464]
	(No symbol) [0x0x7ff7e307037a]
	(No symbol) [0x0x7ff7e303a456]
	(No symbol) [0x0x7ff7e3070590]
	(No symbol) [0x0x7ff7e30987fb]
	(No symbol) [0x0x7ff7e3070153]
	(No symbol) [0x0x7ff7e3038b02]
	(No symbol) [0x0x7ff7e30398d3]
	GetHandleVerifier [0x0x7ff7e352e83d+2949837]
	GetHandleVerifier [0x0x7ff7e3528c6a+2926330]
	GetHandleVerifier [0x0x7ff7e35486c7+3055959]
	GetHandleVerifier [0x0x7ff7e328cfee+191102]
	GetHandleVerifier [0x0x7ff7e32950af+224063]
	GetHandleVerifier [0x0x7ff7e327af64+117236]
	GetHandleVerifier [0x0x7ff7e327b119+117673]
	GetHandleVerifier [0x0x7ff7e32610a8+11064]
	BaseThreadInitThunk [0x0x7ffb10e6259d+29]
	RtlUserThreadStart [0x0x7ffb1190af78+40]


--------------------------------------------------------------------------------

[03/10/2025 10:25:28] ❌ Erro ao enviar pasta 'carretas vanderleia 11-12-14' para 🇧🇷🌱 AGRO BR BRASIL 4: Message: unknown error: ChromeDriver only supports characters in the BMP
  (Session info: chrome=140.0.7339.208)
Stacktrace:
	GetHandleVerifier [0x0x7ff7e3271eb5+80197]
	GetHandleVerifier [0x0x7ff7e3271f10+80288]
	(No symbol) [0x0x7ff7e2ff02fa]
	(No symbol) [0x0x7ff7e308c532]
	(No symbol) [0x0x7ff7e30411c7]
	(No symbol) [0x0x7ff7e3040464]
	(No symbol) [0x0x7ff7e307037a]
	(No symbol) [0x0x7ff7e303a456]
	(No symbol) [0x0x7ff7e3070590]
	(No symbol) [0x0x7ff7e30987fb]
	(No symbol) [0x0x7ff7e3070153]
	(No symbol) [0x0x7ff7e3038b02]
	(No symbol) [0x0x7ff7e30398d3]
	GetHandleVerifier [0x0x7ff7e352e83d+2949837]
	GetHandleVerifier [0x0x7ff7e3528c6a+2926330]
	GetHandleVerifier [0x0x7ff7e35486c7+3055959]
	GetHandleVerifier [0x0x7ff7e328cfee+191102]
	GetHandleVerifier [0x0x7ff7e32950af+224063]
	GetHandleVerifier [0x0x7ff7e327af64+117236]
	GetHandleVerifier [0x0x7ff7e327b119+117673]
	GetHandleVerifier [0x0x7ff7e32610a8+11064]
	BaseThreadInitThunk [0x0x7ffb10e6259d+29]
	RtlUserThreadStart [0x0x7ffb1190af78+40]

Traceback (most recent call last):
  File "D:\whatssappAuto\automatizaçãoWatts.py", line 160, in enviar_pasta_para_grupo
    search_box.send_keys(grupo)
  File "C:\Users\fs271\AppData\Local\Programs\Python\Python312\Lib\site-packages\selenium\webdriver\remote\webelement.py", line 304, in send_keys
    self._execute(
  File "C:\Users\fs271\AppData\Local\Programs\Python\Python312\Lib\site-packages\selenium\webdriver\remote\webelement.py", line 573, in _execute
    return self._parent.execute(command, params)
           ^^^^^^^^^^^^^^^^^^^^^^^^^^^^^^^^^^^^^
  File "C:\Users\fs271\AppData\Local\Programs\Python\Python312\Lib\site-packages\selenium\webdriver\remote\webdriver.py", line 454, in execute
    self.error_handler.check_response(response)
  File "C:\Users\fs271\AppData\Local\Programs\Python\Python312\Lib\site-packages\selenium\webdriver\remote\errorhandler.py", line 232, in check_response
    raise exception_class(message, screen, stacktrace)
selenium.common.exceptions.WebDriverException: Message: unknown error: ChromeDriver only supports characters in the BMP
  (Session info: chrome=140.0.7339.208)
Stacktrace:
	GetHandleVerifier [0x0x7ff7e3271eb5+80197]
	GetHandleVerifier [0x0x7ff7e3271f10+80288]
	(No symbol) [0x0x7ff7e2ff02fa]
	(No symbol) [0x0x7ff7e308c532]
	(No symbol) [0x0x7ff7e30411c7]
	(No symbol) [0x0x7ff7e3040464]
	(No symbol) [0x0x7ff7e307037a]
	(No symbol) [0x0x7ff7e303a456]
	(No symbol) [0x0x7ff7e3070590]
	(No symbol) [0x0x7ff7e30987fb]
	(No symbol) [0x0x7ff7e3070153]
	(No symbol) [0x0x7ff7e3038b02]
	(No symbol) [0x0x7ff7e30398d3]
	GetHandleVerifier [0x0x7ff7e352e83d+2949837]
	GetHandleVerifier [0x0x7ff7e3528c6a+2926330]
	GetHandleVerifier [0x0x7ff7e35486c7+3055959]
	GetHandleVerifier [0x0x7ff7e328cfee+191102]
	GetHandleVerifier [0x0x7ff7e32950af+224063]
	GetHandleVerifier [0x0x7ff7e327af64+117236]
	GetHandleVerifier [0x0x7ff7e327b119+117673]
	GetHandleVerifier [0x0x7ff7e32610a8+11064]
	BaseThreadInitThunk [0x0x7ffb10e6259d+29]
	RtlUserThreadStart [0x0x7ffb1190af78+40]


--------------------------------------------------------------------------------

[03/10/2025 10:25:38] ❌ Erro ao enviar pasta 'carretas vanderleia 11-12-14' para 🇧🇷🌱 AGRO BR BRASIL 4: Message: unknown error: ChromeDriver only supports characters in the BMP
  (Session info: chrome=140.0.7339.208)
Stacktrace:
	GetHandleVerifier [0x0x7ff7e3271eb5+80197]
	GetHandleVerifier [0x0x7ff7e3271f10+80288]
	(No symbol) [0x0x7ff7e2ff02fa]
	(No symbol) [0x0x7ff7e308c532]
	(No symbol) [0x0x7ff7e30411c7]
	(No symbol) [0x0x7ff7e3040464]
	(No symbol) [0x0x7ff7e307037a]
	(No symbol) [0x0x7ff7e303a456]
	(No symbol) [0x0x7ff7e3070590]
	(No symbol) [0x0x7ff7e30987fb]
	(No symbol) [0x0x7ff7e3070153]
	(No symbol) [0x0x7ff7e3038b02]
	(No symbol) [0x0x7ff7e30398d3]
	GetHandleVerifier [0x0x7ff7e352e83d+2949837]
	GetHandleVerifier [0x0x7ff7e3528c6a+2926330]
	GetHandleVerifier [0x0x7ff7e35486c7+3055959]
	GetHandleVerifier [0x0x7ff7e328cfee+191102]
	GetHandleVerifier [0x0x7ff7e32950af+224063]
	GetHandleVerifier [0x0x7ff7e327af64+117236]
	GetHandleVerifier [0x0x7ff7e327b119+117673]
	GetHandleVerifier [0x0x7ff7e32610a8+11064]
	BaseThreadInitThunk [0x0x7ffb10e6259d+29]
	RtlUserThreadStart [0x0x7ffb1190af78+40]

Traceback (most recent call last):
  File "D:\whatssappAuto\automatizaçãoWatts.py", line 160, in enviar_pasta_para_grupo
    search_box.send_keys(grupo)
  File "C:\Users\fs271\AppData\Local\Programs\Python\Python312\Lib\site-packages\selenium\webdriver\remote\webelement.py", line 304, in send_keys
    self._execute(
  File "C:\Users\fs271\AppData\Local\Programs\Python\Python312\Lib\site-packages\selenium\webdriver\remote\webelement.py", line 573, in _execute
    return self._parent.execute(command, params)
           ^^^^^^^^^^^^^^^^^^^^^^^^^^^^^^^^^^^^^
  File "C:\Users\fs271\AppData\Local\Programs\Python\Python312\Lib\site-packages\selenium\webdriver\remote\webdriver.py", line 454, in execute
    self.error_handler.check_response(response)
  File "C:\Users\fs271\AppData\Local\Programs\Python\Python312\Lib\site-packages\selenium\webdriver\remote\errorhandler.py", line 232, in check_response
    raise exception_class(message, screen, stacktrace)
selenium.common.exceptions.WebDriverException: Message: unknown error: ChromeDriver only supports characters in the BMP
  (Session info: chrome=140.0.7339.208)
Stacktrace:
	GetHandleVerifier [0x0x7ff7e3271eb5+80197]
	GetHandleVerifier [0x0x7ff7e3271f10+80288]
	(No symbol) [0x0x7ff7e2ff02fa]
	(No symbol) [0x0x7ff7e308c532]
	(No symbol) [0x0x7ff7e30411c7]
	(No symbol) [0x0x7ff7e3040464]
	(No symbol) [0x0x7ff7e307037a]
	(No symbol) [0x0x7ff7e303a456]
	(No symbol) [0x0x7ff7e3070590]
	(No symbol) [0x0x7ff7e30987fb]
	(No symbol) [0x0x7ff7e3070153]
	(No symbol) [0x0x7ff7e3038b02]
	(No symbol) [0x0x7ff7e30398d3]
	GetHandleVerifier [0x0x7ff7e352e83d+2949837]
	GetHandleVerifier [0x0x7ff7e3528c6a+2926330]
	GetHandleVerifier [0x0x7ff7e35486c7+3055959]
	GetHandleVerifier [0x0x7ff7e328cfee+191102]
	GetHandleVerifier [0x0x7ff7e32950af+224063]
	GetHandleVerifier [0x0x7ff7e327af64+117236]
	GetHandleVerifier [0x0x7ff7e327b119+117673]
	GetHandleVerifier [0x0x7ff7e32610a8+11064]
	BaseThreadInitThunk [0x0x7ffb10e6259d+29]
	RtlUserThreadStart [0x0x7ffb1190af78+40]


--------------------------------------------------------------------------------

[03/10/2025 10:25:48] ❌ Erro ao enviar pasta 'carretas vanderleia 11-12-14' para 🇧🇷🌱 AGRO BR BRASIL 4: Message: unknown error: ChromeDriver only supports characters in the BMP
  (Session info: chrome=140.0.7339.208)
Stacktrace:
	GetHandleVerifier [0x0x7ff7e3271eb5+80197]
	GetHandleVerifier [0x0x7ff7e3271f10+80288]
	(No symbol) [0x0x7ff7e2ff02fa]
	(No symbol) [0x0x7ff7e308c532]
	(No symbol) [0x0x7ff7e30411c7]
	(No symbol) [0x0x7ff7e3040464]
	(No symbol) [0x0x7ff7e307037a]
	(No symbol) [0x0x7ff7e303a456]
	(No symbol) [0x0x7ff7e3070590]
	(No symbol) [0x0x7ff7e30987fb]
	(No symbol) [0x0x7ff7e3070153]
	(No symbol) [0x0x7ff7e3038b02]
	(No symbol) [0x0x7ff7e30398d3]
	GetHandleVerifier [0x0x7ff7e352e83d+2949837]
	GetHandleVerifier [0x0x7ff7e3528c6a+2926330]
	GetHandleVerifier [0x0x7ff7e35486c7+3055959]
	GetHandleVerifier [0x0x7ff7e328cfee+191102]
	GetHandleVerifier [0x0x7ff7e32950af+224063]
	GetHandleVerifier [0x0x7ff7e327af64+117236]
	GetHandleVerifier [0x0x7ff7e327b119+117673]
	GetHandleVerifier [0x0x7ff7e32610a8+11064]
	BaseThreadInitThunk [0x0x7ffb10e6259d+29]
	RtlUserThreadStart [0x0x7ffb1190af78+40]

Traceback (most recent call last):
  File "D:\whatssappAuto\automatizaçãoWatts.py", line 160, in enviar_pasta_para_grupo
    search_box.send_keys(grupo)
  File "C:\Users\fs271\AppData\Local\Programs\Python\Python312\Lib\site-packages\selenium\webdriver\remote\webelement.py", line 304, in send_keys
    self._execute(
  File "C:\Users\fs271\AppData\Local\Programs\Python\Python312\Lib\site-packages\selenium\webdriver\remote\webelement.py", line 573, in _execute
    return self._parent.execute(command, params)
           ^^^^^^^^^^^^^^^^^^^^^^^^^^^^^^^^^^^^^
  File "C:\Users\fs271\AppData\Local\Programs\Python\Python312\Lib\site-packages\selenium\webdriver\remote\webdriver.py", line 454, in execute
    self.error_handler.check_response(response)
  File "C:\Users\fs271\AppData\Local\Programs\Python\Python312\Lib\site-packages\selenium\webdriver\remote\errorhandler.py", line 232, in check_response
    raise exception_class(message, screen, stacktrace)
selenium.common.exceptions.WebDriverException: Message: unknown error: ChromeDriver only supports characters in the BMP
  (Session info: chrome=140.0.7339.208)
Stacktrace:
	GetHandleVerifier [0x0x7ff7e3271eb5+80197]
	GetHandleVerifier [0x0x7ff7e3271f10+80288]
	(No symbol) [0x0x7ff7e2ff02fa]
	(No symbol) [0x0x7ff7e308c532]
	(No symbol) [0x0x7ff7e30411c7]
	(No symbol) [0x0x7ff7e3040464]
	(No symbol) [0x0x7ff7e307037a]
	(No symbol) [0x0x7ff7e303a456]
	(No symbol) [0x0x7ff7e3070590]
	(No symbol) [0x0x7ff7e30987fb]
	(No symbol) [0x0x7ff7e3070153]
	(No symbol) [0x0x7ff7e3038b02]
	(No symbol) [0x0x7ff7e30398d3]
	GetHandleVerifier [0x0x7ff7e352e83d+2949837]
	GetHandleVerifier [0x0x7ff7e3528c6a+2926330]
	GetHandleVerifier [0x0x7ff7e35486c7+3055959]
	GetHandleVerifier [0x0x7ff7e328cfee+191102]
	GetHandleVerifier [0x0x7ff7e32950af+224063]
	GetHandleVerifier [0x0x7ff7e327af64+117236]
	GetHandleVerifier [0x0x7ff7e327b119+117673]
	GetHandleVerifier [0x0x7ff7e32610a8+11064]
	BaseThreadInitThunk [0x0x7ffb10e6259d+29]
	RtlUserThreadStart [0x0x7ffb1190af78+40]


--------------------------------------------------------------------------------

[03/10/2025 10:25:48] ❌ Erro ao enviar pasta 'carretas vanderleia 11-12-14' para 🌱AGRO BR BRASIL: Message: unknown error: ChromeDriver only supports characters in the BMP
  (Session info: chrome=140.0.7339.208)
Stacktrace:
	GetHandleVerifier [0x0x7ff7e3271eb5+80197]
	GetHandleVerifier [0x0x7ff7e3271f10+80288]
	(No symbol) [0x0x7ff7e2ff02fa]
	(No symbol) [0x0x7ff7e308c532]
	(No symbol) [0x0x7ff7e30411c7]
	(No symbol) [0x0x7ff7e3040464]
	(No symbol) [0x0x7ff7e307037a]
	(No symbol) [0x0x7ff7e303a456]
	(No symbol) [0x0x7ff7e3070590]
	(No symbol) [0x0x7ff7e30987fb]
	(No symbol) [0x0x7ff7e3070153]
	(No symbol) [0x0x7ff7e3038b02]
	(No symbol) [0x0x7ff7e30398d3]
	GetHandleVerifier [0x0x7ff7e352e83d+2949837]
	GetHandleVerifier [0x0x7ff7e3528c6a+2926330]
	GetHandleVerifier [0x0x7ff7e35486c7+3055959]
	GetHandleVerifier [0x0x7ff7e328cfee+191102]
	GetHandleVerifier [0x0x7ff7e32950af+224063]
	GetHandleVerifier [0x0x7ff7e327af64+117236]
	GetHandleVerifier [0x0x7ff7e327b119+117673]
	GetHandleVerifier [0x0x7ff7e32610a8+11064]
	BaseThreadInitThunk [0x0x7ffb10e6259d+29]
	RtlUserThreadStart [0x0x7ffb1190af78+40]

Traceback (most recent call last):
  File "D:\whatssappAuto\automatizaçãoWatts.py", line 160, in enviar_pasta_para_grupo
    search_box.send_keys(grupo)
  File "C:\Users\fs271\AppData\Local\Programs\Python\Python312\Lib\site-packages\selenium\webdriver\remote\webelement.py", line 304, in send_keys
    self._execute(
  File "C:\Users\fs271\AppData\Local\Programs\Python\Python312\Lib\site-packages\selenium\webdriver\remote\webelement.py", line 573, in _execute
    return self._parent.execute(command, params)
           ^^^^^^^^^^^^^^^^^^^^^^^^^^^^^^^^^^^^^
  File "C:\Users\fs271\AppData\Local\Programs\Python\Python312\Lib\site-packages\selenium\webdriver\remote\webdriver.py", line 454, in execute
    self.error_handler.check_response(response)
  File "C:\Users\fs271\AppData\Local\Programs\Python\Python312\Lib\site-packages\selenium\webdriver\remote\errorhandler.py", line 232, in check_response
    raise exception_class(message, screen, stacktrace)
selenium.common.exceptions.WebDriverException: Message: unknown error: ChromeDriver only supports characters in the BMP
  (Session info: chrome=140.0.7339.208)
Stacktrace:
	GetHandleVerifier [0x0x7ff7e3271eb5+80197]
	GetHandleVerifier [0x0x7ff7e3271f10+80288]
	(No symbol) [0x0x7ff7e2ff02fa]
	(No symbol) [0x0x7ff7e308c532]
	(No symbol) [0x0x7ff7e30411c7]
	(No symbol) [0x0x7ff7e3040464]
	(No symbol) [0x0x7ff7e307037a]
	(No symbol) [0x0x7ff7e303a456]
	(No symbol) [0x0x7ff7e3070590]
	(No symbol) [0x0x7ff7e30987fb]
	(No symbol) [0x0x7ff7e3070153]
	(No symbol) [0x0x7ff7e3038b02]
	(No symbol) [0x0x7ff7e30398d3]
	GetHandleVerifier [0x0x7ff7e352e83d+2949837]
	GetHandleVerifier [0x0x7ff7e3528c6a+2926330]
	GetHandleVerifier [0x0x7ff7e35486c7+3055959]
	GetHandleVerifier [0x0x7ff7e328cfee+191102]
	GetHandleVerifier [0x0x7ff7e32950af+224063]
	GetHandleVerifier [0x0x7ff7e327af64+117236]
	GetHandleVerifier [0x0x7ff7e327b119+117673]
	GetHandleVerifier [0x0x7ff7e32610a8+11064]
	BaseThreadInitThunk [0x0x7ffb10e6259d+29]
	RtlUserThreadStart [0x0x7ffb1190af78+40]


--------------------------------------------------------------------------------

[03/10/2025 10:25:58] ❌ Erro ao enviar pasta 'carretas vanderleia 11-12-14' para 🌱AGRO BR BRASIL: Message: unknown error: ChromeDriver only supports characters in the BMP
  (Session info: chrome=140.0.7339.208)
Stacktrace:
	GetHandleVerifier [0x0x7ff7e3271eb5+80197]
	GetHandleVerifier [0x0x7ff7e3271f10+80288]
	(No symbol) [0x0x7ff7e2ff02fa]
	(No symbol) [0x0x7ff7e308c532]
	(No symbol) [0x0x7ff7e30411c7]
	(No symbol) [0x0x7ff7e3040464]
	(No symbol) [0x0x7ff7e307037a]
	(No symbol) [0x0x7ff7e303a456]
	(No symbol) [0x0x7ff7e3070590]
	(No symbol) [0x0x7ff7e30987fb]
	(No symbol) [0x0x7ff7e3070153]
	(No symbol) [0x0x7ff7e3038b02]
	(No symbol) [0x0x7ff7e30398d3]
	GetHandleVerifier [0x0x7ff7e352e83d+2949837]
	GetHandleVerifier [0x0x7ff7e3528c6a+2926330]
	GetHandleVerifier [0x0x7ff7e35486c7+3055959]
	GetHandleVerifier [0x0x7ff7e328cfee+191102]
	GetHandleVerifier [0x0x7ff7e32950af+224063]
	GetHandleVerifier [0x0x7ff7e327af64+117236]
	GetHandleVerifier [0x0x7ff7e327b119+117673]
	GetHandleVerifier [0x0x7ff7e32610a8+11064]
	BaseThreadInitThunk [0x0x7ffb10e6259d+29]
	RtlUserThreadStart [0x0x7ffb1190af78+40]

Traceback (most recent call last):
  File "D:\whatssappAuto\automatizaçãoWatts.py", line 160, in enviar_pasta_para_grupo
    search_box.send_keys(grupo)
  File "C:\Users\fs271\AppData\Local\Programs\Python\Python312\Lib\site-packages\selenium\webdriver\remote\webelement.py", line 304, in send_keys
    self._execute(
  File "C:\Users\fs271\AppData\Local\Programs\Python\Python312\Lib\site-packages\selenium\webdriver\remote\webelement.py", line 573, in _execute
    return self._parent.execute(command, params)
           ^^^^^^^^^^^^^^^^^^^^^^^^^^^^^^^^^^^^^
  File "C:\Users\fs271\AppData\Local\Programs\Python\Python312\Lib\site-packages\selenium\webdriver\remote\webdriver.py", line 454, in execute
    self.error_handler.check_response(response)
  File "C:\Users\fs271\AppData\Local\Programs\Python\Python312\Lib\site-packages\selenium\webdriver\remote\errorhandler.py", line 232, in check_response
    raise exception_class(message, screen, stacktrace)
selenium.common.exceptions.WebDriverException: Message: unknown error: ChromeDriver only supports characters in the BMP
  (Session info: chrome=140.0.7339.208)
Stacktrace:
	GetHandleVerifier [0x0x7ff7e3271eb5+80197]
	GetHandleVerifier [0x0x7ff7e3271f10+80288]
	(No symbol) [0x0x7ff7e2ff02fa]
	(No symbol) [0x0x7ff7e308c532]
	(No symbol) [0x0x7ff7e30411c7]
	(No symbol) [0x0x7ff7e3040464]
	(No symbol) [0x0x7ff7e307037a]
	(No symbol) [0x0x7ff7e303a456]
	(No symbol) [0x0x7ff7e3070590]
	(No symbol) [0x0x7ff7e30987fb]
	(No symbol) [0x0x7ff7e3070153]
	(No symbol) [0x0x7ff7e3038b02]
	(No symbol) [0x0x7ff7e30398d3]
	GetHandleVerifier [0x0x7ff7e352e83d+2949837]
	GetHandleVerifier [0x0x7ff7e3528c6a+2926330]
	GetHandleVerifier [0x0x7ff7e35486c7+3055959]
	GetHandleVerifier [0x0x7ff7e328cfee+191102]
	GetHandleVerifier [0x0x7ff7e32950af+224063]
	GetHandleVerifier [0x0x7ff7e327af64+117236]
	GetHandleVerifier [0x0x7ff7e327b119+117673]
	GetHandleVerifier [0x0x7ff7e32610a8+11064]
	BaseThreadInitThunk [0x0x7ffb10e6259d+29]
	RtlUserThreadStart [0x0x7ffb1190af78+40]


--------------------------------------------------------------------------------

[03/10/2025 10:26:09] ❌ Erro ao enviar pasta 'carretas vanderleia 11-12-14' para 🌱AGRO BR BRASIL: Message: unknown error: ChromeDriver only supports characters in the BMP
  (Session info: chrome=140.0.7339.208)
Stacktrace:
	GetHandleVerifier [0x0x7ff7e3271eb5+80197]
	GetHandleVerifier [0x0x7ff7e3271f10+80288]
	(No symbol) [0x0x7ff7e2ff02fa]
	(No symbol) [0x0x7ff7e308c532]
	(No symbol) [0x0x7ff7e30411c7]
	(No symbol) [0x0x7ff7e3040464]
	(No symbol) [0x0x7ff7e307037a]
	(No symbol) [0x0x7ff7e303a456]
	(No symbol) [0x0x7ff7e3070590]
	(No symbol) [0x0x7ff7e30987fb]
	(No symbol) [0x0x7ff7e3070153]
	(No symbol) [0x0x7ff7e3038b02]
	(No symbol) [0x0x7ff7e30398d3]
	GetHandleVerifier [0x0x7ff7e352e83d+2949837]
	GetHandleVerifier [0x0x7ff7e3528c6a+2926330]
	GetHandleVerifier [0x0x7ff7e35486c7+3055959]
	GetHandleVerifier [0x0x7ff7e328cfee+191102]
	GetHandleVerifier [0x0x7ff7e32950af+224063]
	GetHandleVerifier [0x0x7ff7e327af64+117236]
	GetHandleVerifier [0x0x7ff7e327b119+117673]
	GetHandleVerifier [0x0x7ff7e32610a8+11064]
	BaseThreadInitThunk [0x0x7ffb10e6259d+29]
	RtlUserThreadStart [0x0x7ffb1190af78+40]

Traceback (most recent call last):
  File "D:\whatssappAuto\automatizaçãoWatts.py", line 160, in enviar_pasta_para_grupo
    search_box.send_keys(grupo)
  File "C:\Users\fs271\AppData\Local\Programs\Python\Python312\Lib\site-packages\selenium\webdriver\remote\webelement.py", line 304, in send_keys
    self._execute(
  File "C:\Users\fs271\AppData\Local\Programs\Python\Python312\Lib\site-packages\selenium\webdriver\remote\webelement.py", line 573, in _execute
    return self._parent.execute(command, params)
           ^^^^^^^^^^^^^^^^^^^^^^^^^^^^^^^^^^^^^
  File "C:\Users\fs271\AppData\Local\Programs\Python\Python312\Lib\site-packages\selenium\webdriver\remote\webdriver.py", line 454, in execute
    self.error_handler.check_response(response)
  File "C:\Users\fs271\AppData\Local\Programs\Python\Python312\Lib\site-packages\selenium\webdriver\remote\errorhandler.py", line 232, in check_response
    raise exception_class(message, screen, stacktrace)
selenium.common.exceptions.WebDriverException: Message: unknown error: ChromeDriver only supports characters in the BMP
  (Session info: chrome=140.0.7339.208)
Stacktrace:
	GetHandleVerifier [0x0x7ff7e3271eb5+80197]
	GetHandleVerifier [0x0x7ff7e3271f10+80288]
	(No symbol) [0x0x7ff7e2ff02fa]
	(No symbol) [0x0x7ff7e308c532]
	(No symbol) [0x0x7ff7e30411c7]
	(No symbol) [0x0x7ff7e3040464]
	(No symbol) [0x0x7ff7e307037a]
	(No symbol) [0x0x7ff7e303a456]
	(No symbol) [0x0x7ff7e3070590]
	(No symbol) [0x0x7ff7e30987fb]
	(No symbol) [0x0x7ff7e3070153]
	(No symbol) [0x0x7ff7e3038b02]
	(No symbol) [0x0x7ff7e30398d3]
	GetHandleVerifier [0x0x7ff7e352e83d+2949837]
	GetHandleVerifier [0x0x7ff7e3528c6a+2926330]
	GetHandleVerifier [0x0x7ff7e35486c7+3055959]
	GetHandleVerifier [0x0x7ff7e328cfee+191102]
	GetHandleVerifier [0x0x7ff7e32950af+224063]
	GetHandleVerifier [0x0x7ff7e327af64+117236]
	GetHandleVerifier [0x0x7ff7e327b119+117673]
	GetHandleVerifier [0x0x7ff7e32610a8+11064]
	BaseThreadInitThunk [0x0x7ffb10e6259d+29]
	RtlUserThreadStart [0x0x7ffb1190af78+40]


--------------------------------------------------------------------------------

[03/10/2025 10:44:52] ❌ Erro ao enviar pasta 'carretas vanderleia 11-12-14' para Agro Brasil🌱: Message: unknown error: ChromeDriver only supports characters in the BMP
  (Session info: chrome=140.0.7339.208)
Stacktrace:
	GetHandleVerifier [0x0x7ff7e3271eb5+80197]
	GetHandleVerifier [0x0x7ff7e3271f10+80288]
	(No symbol) [0x0x7ff7e2ff02fa]
	(No symbol) [0x0x7ff7e308c532]
	(No symbol) [0x0x7ff7e30411c7]
	(No symbol) [0x0x7ff7e3040464]
	(No symbol) [0x0x7ff7e307037a]
	(No symbol) [0x0x7ff7e303a456]
	(No symbol) [0x0x7ff7e3070590]
	(No symbol) [0x0x7ff7e30987fb]
	(No symbol) [0x0x7ff7e3070153]
	(No symbol) [0x0x7ff7e3038b02]
	(No symbol) [0x0x7ff7e30398d3]
	GetHandleVerifier [0x0x7ff7e352e83d+2949837]
	GetHandleVerifier [0x0x7ff7e3528c6a+2926330]
	GetHandleVerifier [0x0x7ff7e35486c7+3055959]
	GetHandleVerifier [0x0x7ff7e328cfee+191102]
	GetHandleVerifier [0x0x7ff7e32950af+224063]
	GetHandleVerifier [0x0x7ff7e327af64+117236]
	GetHandleVerifier [0x0x7ff7e327b119+117673]
	GetHandleVerifier [0x0x7ff7e32610a8+11064]
	BaseThreadInitThunk [0x0x7ffb10e6259d+29]
	RtlUserThreadStart [0x0x7ffb1190af78+40]

Traceback (most recent call last):
  File "D:\whatssappAuto\automatizaçãoWatts.py", line 160, in enviar_pasta_para_grupo
    search_box.send_keys(grupo)
  File "C:\Users\fs271\AppData\Local\Programs\Python\Python312\Lib\site-packages\selenium\webdriver\remote\webelement.py", line 304, in send_keys
    self._execute(
  File "C:\Users\fs271\AppData\Local\Programs\Python\Python312\Lib\site-packages\selenium\webdriver\remote\webelement.py", line 573, in _execute
    return self._parent.execute(command, params)
           ^^^^^^^^^^^^^^^^^^^^^^^^^^^^^^^^^^^^^
  File "C:\Users\fs271\AppData\Local\Programs\Python\Python312\Lib\site-packages\selenium\webdriver\remote\webdriver.py", line 454, in execute
    self.error_handler.check_response(response)
  File "C:\Users\fs271\AppData\Local\Programs\Python\Python312\Lib\site-packages\selenium\webdriver\remote\errorhandler.py", line 232, in check_response
    raise exception_class(message, screen, stacktrace)
selenium.common.exceptions.WebDriverException: Message: unknown error: ChromeDriver only supports characters in the BMP
  (Session info: chrome=140.0.7339.208)
Stacktrace:
	GetHandleVerifier [0x0x7ff7e3271eb5+80197]
	GetHandleVerifier [0x0x7ff7e3271f10+80288]
	(No symbol) [0x0x7ff7e2ff02fa]
	(No symbol) [0x0x7ff7e308c532]
	(No symbol) [0x0x7ff7e30411c7]
	(No symbol) [0x0x7ff7e3040464]
	(No symbol) [0x0x7ff7e307037a]
	(No symbol) [0x0x7ff7e303a456]
	(No symbol) [0x0x7ff7e3070590]
	(No symbol) [0x0x7ff7e30987fb]
	(No symbol) [0x0x7ff7e3070153]
	(No symbol) [0x0x7ff7e3038b02]
	(No symbol) [0x0x7ff7e30398d3]
	GetHandleVerifier [0x0x7ff7e352e83d+2949837]
	GetHandleVerifier [0x0x7ff7e3528c6a+2926330]
	GetHandleVerifier [0x0x7ff7e35486c7+3055959]
	GetHandleVerifier [0x0x7ff7e328cfee+191102]
	GetHandleVerifier [0x0x7ff7e32950af+224063]
	GetHandleVerifier [0x0x7ff7e327af64+117236]
	GetHandleVerifier [0x0x7ff7e327b119+117673]
	GetHandleVerifier [0x0x7ff7e32610a8+11064]
	BaseThreadInitThunk [0x0x7ffb10e6259d+29]
	RtlUserThreadStart [0x0x7ffb1190af78+40]


--------------------------------------------------------------------------------

[03/10/2025 10:45:03] ❌ Erro ao enviar pasta 'carretas vanderleia 11-12-14' para Agro Brasil🌱: Message: unknown error: ChromeDriver only supports characters in the BMP
  (Session info: chrome=140.0.7339.208)
Stacktrace:
	GetHandleVerifier [0x0x7ff7e3271eb5+80197]
	GetHandleVerifier [0x0x7ff7e3271f10+80288]
	(No symbol) [0x0x7ff7e2ff02fa]
	(No symbol) [0x0x7ff7e308c532]
	(No symbol) [0x0x7ff7e30411c7]
	(No symbol) [0x0x7ff7e3040464]
	(No symbol) [0x0x7ff7e307037a]
	(No symbol) [0x0x7ff7e303a456]
	(No symbol) [0x0x7ff7e3070590]
	(No symbol) [0x0x7ff7e30987fb]
	(No symbol) [0x0x7ff7e3070153]
	(No symbol) [0x0x7ff7e3038b02]
	(No symbol) [0x0x7ff7e30398d3]
	GetHandleVerifier [0x0x7ff7e352e83d+2949837]
	GetHandleVerifier [0x0x7ff7e3528c6a+2926330]
	GetHandleVerifier [0x0x7ff7e35486c7+3055959]
	GetHandleVerifier [0x0x7ff7e328cfee+191102]
	GetHandleVerifier [0x0x7ff7e32950af+224063]
	GetHandleVerifier [0x0x7ff7e327af64+117236]
	GetHandleVerifier [0x0x7ff7e327b119+117673]
	GetHandleVerifier [0x0x7ff7e32610a8+11064]
	BaseThreadInitThunk [0x0x7ffb10e6259d+29]
	RtlUserThreadStart [0x0x7ffb1190af78+40]

Traceback (most recent call last):
  File "D:\whatssappAuto\automatizaçãoWatts.py", line 160, in enviar_pasta_para_grupo
    search_box.send_keys(grupo)
  File "C:\Users\fs271\AppData\Local\Programs\Python\Python312\Lib\site-packages\selenium\webdriver\remote\webelement.py", line 304, in send_keys
    self._execute(
  File "C:\Users\fs271\AppData\Local\Programs\Python\Python312\Lib\site-packages\selenium\webdriver\remote\webelement.py", line 573, in _execute
    return self._parent.execute(command, params)
           ^^^^^^^^^^^^^^^^^^^^^^^^^^^^^^^^^^^^^
  File "C:\Users\fs271\AppData\Local\Programs\Python\Python312\Lib\site-packages\selenium\webdriver\remote\webdriver.py", line 454, in execute
    self.error_handler.check_response(response)
  File "C:\Users\fs271\AppData\Local\Programs\Python\Python312\Lib\site-packages\selenium\webdriver\remote\errorhandler.py", line 232, in check_response
    raise exception_class(message, screen, stacktrace)
selenium.common.exceptions.WebDriverException: Message: unknown error: ChromeDriver only supports characters in the BMP
  (Session info: chrome=140.0.7339.208)
Stacktrace:
	GetHandleVerifier [0x0x7ff7e3271eb5+80197]
	GetHandleVerifier [0x0x7ff7e3271f10+80288]
	(No symbol) [0x0x7ff7e2ff02fa]
	(No symbol) [0x0x7ff7e308c532]
	(No symbol) [0x0x7ff7e30411c7]
	(No symbol) [0x0x7ff7e3040464]
	(No symbol) [0x0x7ff7e307037a]
	(No symbol) [0x0x7ff7e303a456]
	(No symbol) [0x0x7ff7e3070590]
	(No symbol) [0x0x7ff7e30987fb]
	(No symbol) [0x0x7ff7e3070153]
	(No symbol) [0x0x7ff7e3038b02]
	(No symbol) [0x0x7ff7e30398d3]
	GetHandleVerifier [0x0x7ff7e352e83d+2949837]
	GetHandleVerifier [0x0x7ff7e3528c6a+2926330]
	GetHandleVerifier [0x0x7ff7e35486c7+3055959]
	GetHandleVerifier [0x0x7ff7e328cfee+191102]
	GetHandleVerifier [0x0x7ff7e32950af+224063]
	GetHandleVerifier [0x0x7ff7e327af64+117236]
	GetHandleVerifier [0x0x7ff7e327b119+117673]
	GetHandleVerifier [0x0x7ff7e32610a8+11064]
	BaseThreadInitThunk [0x0x7ffb10e6259d+29]
	RtlUserThreadStart [0x0x7ffb1190af78+40]


--------------------------------------------------------------------------------

[03/10/2025 10:45:13] ❌ Erro ao enviar pasta 'carretas vanderleia 11-12-14' para Agro Brasil🌱: Message: unknown error: ChromeDriver only supports characters in the BMP
  (Session info: chrome=140.0.7339.208)
Stacktrace:
	GetHandleVerifier [0x0x7ff7e3271eb5+80197]
	GetHandleVerifier [0x0x7ff7e3271f10+80288]
	(No symbol) [0x0x7ff7e2ff02fa]
	(No symbol) [0x0x7ff7e308c532]
	(No symbol) [0x0x7ff7e30411c7]
	(No symbol) [0x0x7ff7e3040464]
	(No symbol) [0x0x7ff7e307037a]
	(No symbol) [0x0x7ff7e303a456]
	(No symbol) [0x0x7ff7e3070590]
	(No symbol) [0x0x7ff7e30987fb]
	(No symbol) [0x0x7ff7e3070153]
	(No symbol) [0x0x7ff7e3038b02]
	(No symbol) [0x0x7ff7e30398d3]
	GetHandleVerifier [0x0x7ff7e352e83d+2949837]
	GetHandleVerifier [0x0x7ff7e3528c6a+2926330]
	GetHandleVerifier [0x0x7ff7e35486c7+3055959]
	GetHandleVerifier [0x0x7ff7e328cfee+191102]
	GetHandleVerifier [0x0x7ff7e32950af+224063]
	GetHandleVerifier [0x0x7ff7e327af64+117236]
	GetHandleVerifier [0x0x7ff7e327b119+117673]
	GetHandleVerifier [0x0x7ff7e32610a8+11064]
	BaseThreadInitThunk [0x0x7ffb10e6259d+29]
	RtlUserThreadStart [0x0x7ffb1190af78+40]

Traceback (most recent call last):
  File "D:\whatssappAuto\automatizaçãoWatts.py", line 160, in enviar_pasta_para_grupo
    search_box.send_keys(grupo)
  File "C:\Users\fs271\AppData\Local\Programs\Python\Python312\Lib\site-packages\selenium\webdriver\remote\webelement.py", line 304, in send_keys
    self._execute(
  File "C:\Users\fs271\AppData\Local\Programs\Python\Python312\Lib\site-packages\selenium\webdriver\remote\webelement.py", line 573, in _execute
    return self._parent.execute(command, params)
           ^^^^^^^^^^^^^^^^^^^^^^^^^^^^^^^^^^^^^
  File "C:\Users\fs271\AppData\Local\Programs\Python\Python312\Lib\site-packages\selenium\webdriver\remote\webdriver.py", line 454, in execute
    self.error_handler.check_response(response)
  File "C:\Users\fs271\AppData\Local\Programs\Python\Python312\Lib\site-packages\selenium\webdriver\remote\errorhandler.py", line 232, in check_response
    raise exception_class(message, screen, stacktrace)
selenium.common.exceptions.WebDriverException: Message: unknown error: ChromeDriver only supports characters in the BMP
  (Session info: chrome=140.0.7339.208)
Stacktrace:
	GetHandleVerifier [0x0x7ff7e3271eb5+80197]
	GetHandleVerifier [0x0x7ff7e3271f10+80288]
	(No symbol) [0x0x7ff7e2ff02fa]
	(No symbol) [0x0x7ff7e308c532]
	(No symbol) [0x0x7ff7e30411c7]
	(No symbol) [0x0x7ff7e3040464]
	(No symbol) [0x0x7ff7e307037a]
	(No symbol) [0x0x7ff7e303a456]
	(No symbol) [0x0x7ff7e3070590]
	(No symbol) [0x0x7ff7e30987fb]
	(No symbol) [0x0x7ff7e3070153]
	(No symbol) [0x0x7ff7e3038b02]
	(No symbol) [0x0x7ff7e30398d3]
	GetHandleVerifier [0x0x7ff7e352e83d+2949837]
	GetHandleVerifier [0x0x7ff7e3528c6a+2926330]
	GetHandleVerifier [0x0x7ff7e35486c7+3055959]
	GetHandleVerifier [0x0x7ff7e328cfee+191102]
	GetHandleVerifier [0x0x7ff7e32950af+224063]
	GetHandleVerifier [0x0x7ff7e327af64+117236]
	GetHandleVerifier [0x0x7ff7e327b119+117673]
	GetHandleVerifier [0x0x7ff7e32610a8+11064]
	BaseThreadInitThunk [0x0x7ffb10e6259d+29]
	RtlUserThreadStart [0x0x7ffb1190af78+40]


--------------------------------------------------------------------------------

[03/10/2025 10:45:13] ❌ Erro ao enviar pasta 'carretas vanderleia 11-12-14' para 🇧🇷🌱 AGRO BR BRASIL 4: Message: unknown error: ChromeDriver only supports characters in the BMP
  (Session info: chrome=140.0.7339.208)
Stacktrace:
	GetHandleVerifier [0x0x7ff7e3271eb5+80197]
	GetHandleVerifier [0x0x7ff7e3271f10+80288]
	(No symbol) [0x0x7ff7e2ff02fa]
	(No symbol) [0x0x7ff7e308c532]
	(No symbol) [0x0x7ff7e30411c7]
	(No symbol) [0x0x7ff7e3040464]
	(No symbol) [0x0x7ff7e307037a]
	(No symbol) [0x0x7ff7e303a456]
	(No symbol) [0x0x7ff7e3070590]
	(No symbol) [0x0x7ff7e30987fb]
	(No symbol) [0x0x7ff7e3070153]
	(No symbol) [0x0x7ff7e3038b02]
	(No symbol) [0x0x7ff7e30398d3]
	GetHandleVerifier [0x0x7ff7e352e83d+2949837]
	GetHandleVerifier [0x0x7ff7e3528c6a+2926330]
	GetHandleVerifier [0x0x7ff7e35486c7+3055959]
	GetHandleVerifier [0x0x7ff7e328cfee+191102]
	GetHandleVerifier [0x0x7ff7e32950af+224063]
	GetHandleVerifier [0x0x7ff7e327af64+117236]
	GetHandleVerifier [0x0x7ff7e327b119+117673]
	GetHandleVerifier [0x0x7ff7e32610a8+11064]
	BaseThreadInitThunk [0x0x7ffb10e6259d+29]
	RtlUserThreadStart [0x0x7ffb1190af78+40]

Traceback (most recent call last):
  File "D:\whatssappAuto\automatizaçãoWatts.py", line 160, in enviar_pasta_para_grupo
    search_box.send_keys(grupo)
  File "C:\Users\fs271\AppData\Local\Programs\Python\Python312\Lib\site-packages\selenium\webdriver\remote\webelement.py", line 304, in send_keys
    self._execute(
  File "C:\Users\fs271\AppData\Local\Programs\Python\Python312\Lib\site-packages\selenium\webdriver\remote\webelement.py", line 573, in _execute
    return self._parent.execute(command, params)
           ^^^^^^^^^^^^^^^^^^^^^^^^^^^^^^^^^^^^^
  File "C:\Users\fs271\AppData\Local\Programs\Python\Python312\Lib\site-packages\selenium\webdriver\remote\webdriver.py", line 454, in execute
    self.error_handler.check_response(response)
  File "C:\Users\fs271\AppData\Local\Programs\Python\Python312\Lib\site-packages\selenium\webdriver\remote\errorhandler.py", line 232, in check_response
    raise exception_class(message, screen, stacktrace)
selenium.common.exceptions.WebDriverException: Message: unknown error: ChromeDriver only supports characters in the BMP
  (Session info: chrome=140.0.7339.208)
Stacktrace:
	GetHandleVerifier [0x0x7ff7e3271eb5+80197]
	GetHandleVerifier [0x0x7ff7e3271f10+80288]
	(No symbol) [0x0x7ff7e2ff02fa]
	(No symbol) [0x0x7ff7e308c532]
	(No symbol) [0x0x7ff7e30411c7]
	(No symbol) [0x0x7ff7e3040464]
	(No symbol) [0x0x7ff7e307037a]
	(No symbol) [0x0x7ff7e303a456]
	(No symbol) [0x0x7ff7e3070590]
	(No symbol) [0x0x7ff7e30987fb]
	(No symbol) [0x0x7ff7e3070153]
	(No symbol) [0x0x7ff7e3038b02]
	(No symbol) [0x0x7ff7e30398d3]
	GetHandleVerifier [0x0x7ff7e352e83d+2949837]
	GetHandleVerifier [0x0x7ff7e3528c6a+2926330]
	GetHandleVerifier [0x0x7ff7e35486c7+3055959]
	GetHandleVerifier [0x0x7ff7e328cfee+191102]
	GetHandleVerifier [0x0x7ff7e32950af+224063]
	GetHandleVerifier [0x0x7ff7e327af64+117236]
	GetHandleVerifier [0x0x7ff7e327b119+117673]
	GetHandleVerifier [0x0x7ff7e32610a8+11064]
	BaseThreadInitThunk [0x0x7ffb10e6259d+29]
	RtlUserThreadStart [0x0x7ffb1190af78+40]


--------------------------------------------------------------------------------

[03/10/2025 10:45:24] ❌ Erro ao enviar pasta 'carretas vanderleia 11-12-14' para 🇧🇷🌱 AGRO BR BRASIL 4: Message: unknown error: ChromeDriver only supports characters in the BMP
  (Session info: chrome=140.0.7339.208)
Stacktrace:
	GetHandleVerifier [0x0x7ff7e3271eb5+80197]
	GetHandleVerifier [0x0x7ff7e3271f10+80288]
	(No symbol) [0x0x7ff7e2ff02fa]
	(No symbol) [0x0x7ff7e308c532]
	(No symbol) [0x0x7ff7e30411c7]
	(No symbol) [0x0x7ff7e3040464]
	(No symbol) [0x0x7ff7e307037a]
	(No symbol) [0x0x7ff7e303a456]
	(No symbol) [0x0x7ff7e3070590]
	(No symbol) [0x0x7ff7e30987fb]
	(No symbol) [0x0x7ff7e3070153]
	(No symbol) [0x0x7ff7e3038b02]
	(No symbol) [0x0x7ff7e30398d3]
	GetHandleVerifier [0x0x7ff7e352e83d+2949837]
	GetHandleVerifier [0x0x7ff7e3528c6a+2926330]
	GetHandleVerifier [0x0x7ff7e35486c7+3055959]
	GetHandleVerifier [0x0x7ff7e328cfee+191102]
	GetHandleVerifier [0x0x7ff7e32950af+224063]
	GetHandleVerifier [0x0x7ff7e327af64+117236]
	GetHandleVerifier [0x0x7ff7e327b119+117673]
	GetHandleVerifier [0x0x7ff7e32610a8+11064]
	BaseThreadInitThunk [0x0x7ffb10e6259d+29]
	RtlUserThreadStart [0x0x7ffb1190af78+40]

Traceback (most recent call last):
  File "D:\whatssappAuto\automatizaçãoWatts.py", line 160, in enviar_pasta_para_grupo
    search_box.send_keys(grupo)
  File "C:\Users\fs271\AppData\Local\Programs\Python\Python312\Lib\site-packages\selenium\webdriver\remote\webelement.py", line 304, in send_keys
    self._execute(
  File "C:\Users\fs271\AppData\Local\Programs\Python\Python312\Lib\site-packages\selenium\webdriver\remote\webelement.py", line 573, in _execute
    return self._parent.execute(command, params)
           ^^^^^^^^^^^^^^^^^^^^^^^^^^^^^^^^^^^^^
  File "C:\Users\fs271\AppData\Local\Programs\Python\Python312\Lib\site-packages\selenium\webdriver\remote\webdriver.py", line 454, in execute
    self.error_handler.check_response(response)
  File "C:\Users\fs271\AppData\Local\Programs\Python\Python312\Lib\site-packages\selenium\webdriver\remote\errorhandler.py", line 232, in check_response
    raise exception_class(message, screen, stacktrace)
selenium.common.exceptions.WebDriverException: Message: unknown error: ChromeDriver only supports characters in the BMP
  (Session info: chrome=140.0.7339.208)
Stacktrace:
	GetHandleVerifier [0x0x7ff7e3271eb5+80197]
	GetHandleVerifier [0x0x7ff7e3271f10+80288]
	(No symbol) [0x0x7ff7e2ff02fa]
	(No symbol) [0x0x7ff7e308c532]
	(No symbol) [0x0x7ff7e30411c7]
	(No symbol) [0x0x7ff7e3040464]
	(No symbol) [0x0x7ff7e307037a]
	(No symbol) [0x0x7ff7e303a456]
	(No symbol) [0x0x7ff7e3070590]
	(No symbol) [0x0x7ff7e30987fb]
	(No symbol) [0x0x7ff7e3070153]
	(No symbol) [0x0x7ff7e3038b02]
	(No symbol) [0x0x7ff7e30398d3]
	GetHandleVerifier [0x0x7ff7e352e83d+2949837]
	GetHandleVerifier [0x0x7ff7e3528c6a+2926330]
	GetHandleVerifier [0x0x7ff7e35486c7+3055959]
	GetHandleVerifier [0x0x7ff7e328cfee+191102]
	GetHandleVerifier [0x0x7ff7e32950af+224063]
	GetHandleVerifier [0x0x7ff7e327af64+117236]
	GetHandleVerifier [0x0x7ff7e327b119+117673]
	GetHandleVerifier [0x0x7ff7e32610a8+11064]
	BaseThreadInitThunk [0x0x7ffb10e6259d+29]
	RtlUserThreadStart [0x0x7ffb1190af78+40]


--------------------------------------------------------------------------------

[04/10/2025 13:49:51] ❌ Erro ao enviar pasta 'carretas vanderleia 11-12-14' para Agro Brasil🌱: Message: unknown error: ChromeDriver only supports characters in the BMP
  (Session info: chrome=140.0.7339.208)
Stacktrace:
	GetHandleVerifier [0x0x7ff6cc891eb5+80197]
	GetHandleVerifier [0x0x7ff6cc891f10+80288]
	(No symbol) [0x0x7ff6cc6102fa]
	(No symbol) [0x0x7ff6cc6ac532]
	(No symbol) [0x0x7ff6cc6611c7]
	(No symbol) [0x0x7ff6cc660464]
	(No symbol) [0x0x7ff6cc69037a]
	(No symbol) [0x0x7ff6cc65a456]
	(No symbol) [0x0x7ff6cc690590]
	(No symbol) [0x0x7ff6cc6b87fb]
	(No symbol) [0x0x7ff6cc690153]
	(No symbol) [0x0x7ff6cc658b02]
	(No symbol) [0x0x7ff6cc6598d3]
	GetHandleVerifier [0x0x7ff6ccb4e83d+2949837]
	GetHandleVerifier [0x0x7ff6ccb48c6a+2926330]
	GetHandleVerifier [0x0x7ff6ccb686c7+3055959]
	GetHandleVerifier [0x0x7ff6cc8acfee+191102]
	GetHandleVerifier [0x0x7ff6cc8b50af+224063]
	GetHandleVerifier [0x0x7ff6cc89af64+117236]
	GetHandleVerifier [0x0x7ff6cc89b119+117673]
	GetHandleVerifier [0x0x7ff6cc8810a8+11064]
	BaseThreadInitThunk [0x0x7ffb10e6259d+29]
	RtlUserThreadStart [0x0x7ffb1190af78+40]

Traceback (most recent call last):
  File "D:\whatssappAuto\automatizaçãoWatts.py", line 161, in enviar_pasta_para_grupo
    search_box.send_keys(grupo)
  File "C:\Users\fs271\AppData\Local\Programs\Python\Python312\Lib\site-packages\selenium\webdriver\remote\webelement.py", line 304, in send_keys
    self._execute(
  File "C:\Users\fs271\AppData\Local\Programs\Python\Python312\Lib\site-packages\selenium\webdriver\remote\webelement.py", line 573, in _execute
    return self._parent.execute(command, params)
           ^^^^^^^^^^^^^^^^^^^^^^^^^^^^^^^^^^^^^
  File "C:\Users\fs271\AppData\Local\Programs\Python\Python312\Lib\site-packages\selenium\webdriver\remote\webdriver.py", line 454, in execute
    self.error_handler.check_response(response)
  File "C:\Users\fs271\AppData\Local\Programs\Python\Python312\Lib\site-packages\selenium\webdriver\remote\errorhandler.py", line 232, in check_response
    raise exception_class(message, screen, stacktrace)
selenium.common.exceptions.WebDriverException: Message: unknown error: ChromeDriver only supports characters in the BMP
  (Session info: chrome=140.0.7339.208)
Stacktrace:
	GetHandleVerifier [0x0x7ff6cc891eb5+80197]
	GetHandleVerifier [0x0x7ff6cc891f10+80288]
	(No symbol) [0x0x7ff6cc6102fa]
	(No symbol) [0x0x7ff6cc6ac532]
	(No symbol) [0x0x7ff6cc6611c7]
	(No symbol) [0x0x7ff6cc660464]
	(No symbol) [0x0x7ff6cc69037a]
	(No symbol) [0x0x7ff6cc65a456]
	(No symbol) [0x0x7ff6cc690590]
	(No symbol) [0x0x7ff6cc6b87fb]
	(No symbol) [0x0x7ff6cc690153]
	(No symbol) [0x0x7ff6cc658b02]
	(No symbol) [0x0x7ff6cc6598d3]
	GetHandleVerifier [0x0x7ff6ccb4e83d+2949837]
	GetHandleVerifier [0x0x7ff6ccb48c6a+2926330]
	GetHandleVerifier [0x0x7ff6ccb686c7+3055959]
	GetHandleVerifier [0x0x7ff6cc8acfee+191102]
	GetHandleVerifier [0x0x7ff6cc8b50af+224063]
	GetHandleVerifier [0x0x7ff6cc89af64+117236]
	GetHandleVerifier [0x0x7ff6cc89b119+117673]
	GetHandleVerifier [0x0x7ff6cc8810a8+11064]
	BaseThreadInitThunk [0x0x7ffb10e6259d+29]
	RtlUserThreadStart [0x0x7ffb1190af78+40]


--------------------------------------------------------------------------------

[04/10/2025 13:50:11] ❌ Erro ao enviar pasta 'carretas vanderleia 11-12-14' para Agro Brasil🌱: Message: unknown error: ChromeDriver only supports characters in the BMP
  (Session info: chrome=140.0.7339.208)
Stacktrace:
	GetHandleVerifier [0x0x7ff6cc891eb5+80197]
	GetHandleVerifier [0x0x7ff6cc891f10+80288]
	(No symbol) [0x0x7ff6cc6102fa]
	(No symbol) [0x0x7ff6cc6ac532]
	(No symbol) [0x0x7ff6cc6611c7]
	(No symbol) [0x0x7ff6cc660464]
	(No symbol) [0x0x7ff6cc69037a]
	(No symbol) [0x0x7ff6cc65a456]
	(No symbol) [0x0x7ff6cc690590]
	(No symbol) [0x0x7ff6cc6b87fb]
	(No symbol) [0x0x7ff6cc690153]
	(No symbol) [0x0x7ff6cc658b02]
	(No symbol) [0x0x7ff6cc6598d3]
	GetHandleVerifier [0x0x7ff6ccb4e83d+2949837]
	GetHandleVerifier [0x0x7ff6ccb48c6a+2926330]
	GetHandleVerifier [0x0x7ff6ccb686c7+3055959]
	GetHandleVerifier [0x0x7ff6cc8acfee+191102]
	GetHandleVerifier [0x0x7ff6cc8b50af+224063]
	GetHandleVerifier [0x0x7ff6cc89af64+117236]
	GetHandleVerifier [0x0x7ff6cc89b119+117673]
	GetHandleVerifier [0x0x7ff6cc8810a8+11064]
	BaseThreadInitThunk [0x0x7ffb10e6259d+29]
	RtlUserThreadStart [0x0x7ffb1190af78+40]

Traceback (most recent call last):
  File "D:\whatssappAuto\automatizaçãoWatts.py", line 161, in enviar_pasta_para_grupo
    search_box.send_keys(grupo)
  File "C:\Users\fs271\AppData\Local\Programs\Python\Python312\Lib\site-packages\selenium\webdriver\remote\webelement.py", line 304, in send_keys
    self._execute(
  File "C:\Users\fs271\AppData\Local\Programs\Python\Python312\Lib\site-packages\selenium\webdriver\remote\webelement.py", line 573, in _execute
    return self._parent.execute(command, params)
           ^^^^^^^^^^^^^^^^^^^^^^^^^^^^^^^^^^^^^
  File "C:\Users\fs271\AppData\Local\Programs\Python\Python312\Lib\site-packages\selenium\webdriver\remote\webdriver.py", line 454, in execute
    self.error_handler.check_response(response)
  File "C:\Users\fs271\AppData\Local\Programs\Python\Python312\Lib\site-packages\selenium\webdriver\remote\errorhandler.py", line 232, in check_response
    raise exception_class(message, screen, stacktrace)
selenium.common.exceptions.WebDriverException: Message: unknown error: ChromeDriver only supports characters in the BMP
  (Session info: chrome=140.0.7339.208)
Stacktrace:
	GetHandleVerifier [0x0x7ff6cc891eb5+80197]
	GetHandleVerifier [0x0x7ff6cc891f10+80288]
	(No symbol) [0x0x7ff6cc6102fa]
	(No symbol) [0x0x7ff6cc6ac532]
	(No symbol) [0x0x7ff6cc6611c7]
	(No symbol) [0x0x7ff6cc660464]
	(No symbol) [0x0x7ff6cc69037a]
	(No symbol) [0x0x7ff6cc65a456]
	(No symbol) [0x0x7ff6cc690590]
	(No symbol) [0x0x7ff6cc6b87fb]
	(No symbol) [0x0x7ff6cc690153]
	(No symbol) [0x0x7ff6cc658b02]
	(No symbol) [0x0x7ff6cc6598d3]
	GetHandleVerifier [0x0x7ff6ccb4e83d+2949837]
	GetHandleVerifier [0x0x7ff6ccb48c6a+2926330]
	GetHandleVerifier [0x0x7ff6ccb686c7+3055959]
	GetHandleVerifier [0x0x7ff6cc8acfee+191102]
	GetHandleVerifier [0x0x7ff6cc8b50af+224063]
	GetHandleVerifier [0x0x7ff6cc89af64+117236]
	GetHandleVerifier [0x0x7ff6cc89b119+117673]
	GetHandleVerifier [0x0x7ff6cc8810a8+11064]
	BaseThreadInitThunk [0x0x7ffb10e6259d+29]
	RtlUserThreadStart [0x0x7ffb1190af78+40]


--------------------------------------------------------------------------------

[04/10/2025 13:50:23] ❌ Erro ao enviar pasta 'carretas vanderleia 11-12-14' para Agro Brasil🌱: Message: unknown error: ChromeDriver only supports characters in the BMP
  (Session info: chrome=140.0.7339.208)
Stacktrace:
	GetHandleVerifier [0x0x7ff6cc891eb5+80197]
	GetHandleVerifier [0x0x7ff6cc891f10+80288]
	(No symbol) [0x0x7ff6cc6102fa]
	(No symbol) [0x0x7ff6cc6ac532]
	(No symbol) [0x0x7ff6cc6611c7]
	(No symbol) [0x0x7ff6cc660464]
	(No symbol) [0x0x7ff6cc69037a]
	(No symbol) [0x0x7ff6cc65a456]
	(No symbol) [0x0x7ff6cc690590]
	(No symbol) [0x0x7ff6cc6b87fb]
	(No symbol) [0x0x7ff6cc690153]
	(No symbol) [0x0x7ff6cc658b02]
	(No symbol) [0x0x7ff6cc6598d3]
	GetHandleVerifier [0x0x7ff6ccb4e83d+2949837]
	GetHandleVerifier [0x0x7ff6ccb48c6a+2926330]
	GetHandleVerifier [0x0x7ff6ccb686c7+3055959]
	GetHandleVerifier [0x0x7ff6cc8acfee+191102]
	GetHandleVerifier [0x0x7ff6cc8b50af+224063]
	GetHandleVerifier [0x0x7ff6cc89af64+117236]
	GetHandleVerifier [0x0x7ff6cc89b119+117673]
	GetHandleVerifier [0x0x7ff6cc8810a8+11064]
	BaseThreadInitThunk [0x0x7ffb10e6259d+29]
	RtlUserThreadStart [0x0x7ffb1190af78+40]

Traceback (most recent call last):
  File "D:\whatssappAuto\automatizaçãoWatts.py", line 161, in enviar_pasta_para_grupo
    search_box.send_keys(grupo)
  File "C:\Users\fs271\AppData\Local\Programs\Python\Python312\Lib\site-packages\selenium\webdriver\remote\webelement.py", line 304, in send_keys
    self._execute(
  File "C:\Users\fs271\AppData\Local\Programs\Python\Python312\Lib\site-packages\selenium\webdriver\remote\webelement.py", line 573, in _execute
    return self._parent.execute(command, params)
           ^^^^^^^^^^^^^^^^^^^^^^^^^^^^^^^^^^^^^
  File "C:\Users\fs271\AppData\Local\Programs\Python\Python312\Lib\site-packages\selenium\webdriver\remote\webdriver.py", line 454, in execute
    self.error_handler.check_response(response)
  File "C:\Users\fs271\AppData\Local\Programs\Python\Python312\Lib\site-packages\selenium\webdriver\remote\errorhandler.py", line 232, in check_response
    raise exception_class(message, screen, stacktrace)
selenium.common.exceptions.WebDriverException: Message: unknown error: ChromeDriver only supports characters in the BMP
  (Session info: chrome=140.0.7339.208)
Stacktrace:
	GetHandleVerifier [0x0x7ff6cc891eb5+80197]
	GetHandleVerifier [0x0x7ff6cc891f10+80288]
	(No symbol) [0x0x7ff6cc6102fa]
	(No symbol) [0x0x7ff6cc6ac532]
	(No symbol) [0x0x7ff6cc6611c7]
	(No symbol) [0x0x7ff6cc660464]
	(No symbol) [0x0x7ff6cc69037a]
	(No symbol) [0x0x7ff6cc65a456]
	(No symbol) [0x0x7ff6cc690590]
	(No symbol) [0x0x7ff6cc6b87fb]
	(No symbol) [0x0x7ff6cc690153]
	(No symbol) [0x0x7ff6cc658b02]
	(No symbol) [0x0x7ff6cc6598d3]
	GetHandleVerifier [0x0x7ff6ccb4e83d+2949837]
	GetHandleVerifier [0x0x7ff6ccb48c6a+2926330]
	GetHandleVerifier [0x0x7ff6ccb686c7+3055959]
	GetHandleVerifier [0x0x7ff6cc8acfee+191102]
	GetHandleVerifier [0x0x7ff6cc8b50af+224063]
	GetHandleVerifier [0x0x7ff6cc89af64+117236]
	GetHandleVerifier [0x0x7ff6cc89b119+117673]
	GetHandleVerifier [0x0x7ff6cc8810a8+11064]
	BaseThreadInitThunk [0x0x7ffb10e6259d+29]
	RtlUserThreadStart [0x0x7ffb1190af78+40]


--------------------------------------------------------------------------------

[04/10/2025 13:50:28] ❌ Erro ao enviar pasta 'carretas vanderleia 11-12-14' para 🇧🇷🌱 AGRO BR BRASIL 4: Message: unknown error: ChromeDriver only supports characters in the BMP
  (Session info: chrome=140.0.7339.208)
Stacktrace:
	GetHandleVerifier [0x0x7ff6cc891eb5+80197]
	GetHandleVerifier [0x0x7ff6cc891f10+80288]
	(No symbol) [0x0x7ff6cc6102fa]
	(No symbol) [0x0x7ff6cc6ac532]
	(No symbol) [0x0x7ff6cc6611c7]
	(No symbol) [0x0x7ff6cc660464]
	(No symbol) [0x0x7ff6cc69037a]
	(No symbol) [0x0x7ff6cc65a456]
	(No symbol) [0x0x7ff6cc690590]
	(No symbol) [0x0x7ff6cc6b87fb]
	(No symbol) [0x0x7ff6cc690153]
	(No symbol) [0x0x7ff6cc658b02]
	(No symbol) [0x0x7ff6cc6598d3]
	GetHandleVerifier [0x0x7ff6ccb4e83d+2949837]
	GetHandleVerifier [0x0x7ff6ccb48c6a+2926330]
	GetHandleVerifier [0x0x7ff6ccb686c7+3055959]
	GetHandleVerifier [0x0x7ff6cc8acfee+191102]
	GetHandleVerifier [0x0x7ff6cc8b50af+224063]
	GetHandleVerifier [0x0x7ff6cc89af64+117236]
	GetHandleVerifier [0x0x7ff6cc89b119+117673]
	GetHandleVerifier [0x0x7ff6cc8810a8+11064]
	BaseThreadInitThunk [0x0x7ffb10e6259d+29]
	RtlUserThreadStart [0x0x7ffb1190af78+40]

Traceback (most recent call last):
  File "D:\whatssappAuto\automatizaçãoWatts.py", line 161, in enviar_pasta_para_grupo
    search_box.send_keys(grupo)
  File "C:\Users\fs271\AppData\Local\Programs\Python\Python312\Lib\site-packages\selenium\webdriver\remote\webelement.py", line 304, in send_keys
    self._execute(
  File "C:\Users\fs271\AppData\Local\Programs\Python\Python312\Lib\site-packages\selenium\webdriver\remote\webelement.py", line 573, in _execute
    return self._parent.execute(command, params)
           ^^^^^^^^^^^^^^^^^^^^^^^^^^^^^^^^^^^^^
  File "C:\Users\fs271\AppData\Local\Programs\Python\Python312\Lib\site-packages\selenium\webdriver\remote\webdriver.py", line 454, in execute
    self.error_handler.check_response(response)
  File "C:\Users\fs271\AppData\Local\Programs\Python\Python312\Lib\site-packages\selenium\webdriver\remote\errorhandler.py", line 232, in check_response
    raise exception_class(message, screen, stacktrace)
selenium.common.exceptions.WebDriverException: Message: unknown error: ChromeDriver only supports characters in the BMP
  (Session info: chrome=140.0.7339.208)
Stacktrace:
	GetHandleVerifier [0x0x7ff6cc891eb5+80197]
	GetHandleVerifier [0x0x7ff6cc891f10+80288]
	(No symbol) [0x0x7ff6cc6102fa]
	(No symbol) [0x0x7ff6cc6ac532]
	(No symbol) [0x0x7ff6cc6611c7]
	(No symbol) [0x0x7ff6cc660464]
	(No symbol) [0x0x7ff6cc69037a]
	(No symbol) [0x0x7ff6cc65a456]
	(No symbol) [0x0x7ff6cc690590]
	(No symbol) [0x0x7ff6cc6b87fb]
	(No symbol) [0x0x7ff6cc690153]
	(No symbol) [0x0x7ff6cc658b02]
	(No symbol) [0x0x7ff6cc6598d3]
	GetHandleVerifier [0x0x7ff6ccb4e83d+2949837]
	GetHandleVerifier [0x0x7ff6ccb48c6a+2926330]
	GetHandleVerifier [0x0x7ff6ccb686c7+3055959]
	GetHandleVerifier [0x0x7ff6cc8acfee+191102]
	GetHandleVerifier [0x0x7ff6cc8b50af+224063]
	GetHandleVerifier [0x0x7ff6cc89af64+117236]
	GetHandleVerifier [0x0x7ff6cc89b119+117673]
	GetHandleVerifier [0x0x7ff6cc8810a8+11064]
	BaseThreadInitThunk [0x0x7ffb10e6259d+29]
	RtlUserThreadStart [0x0x7ffb1190af78+40]


--------------------------------------------------------------------------------

[04/10/2025 13:50:39] ❌ Erro ao enviar pasta 'carretas vanderleia 11-12-14' para 🇧🇷🌱 AGRO BR BRASIL 4: Message: unknown error: ChromeDriver only supports characters in the BMP
  (Session info: chrome=140.0.7339.208)
Stacktrace:
	GetHandleVerifier [0x0x7ff6cc891eb5+80197]
	GetHandleVerifier [0x0x7ff6cc891f10+80288]
	(No symbol) [0x0x7ff6cc6102fa]
	(No symbol) [0x0x7ff6cc6ac532]
	(No symbol) [0x0x7ff6cc6611c7]
	(No symbol) [0x0x7ff6cc660464]
	(No symbol) [0x0x7ff6cc69037a]
	(No symbol) [0x0x7ff6cc65a456]
	(No symbol) [0x0x7ff6cc690590]
	(No symbol) [0x0x7ff6cc6b87fb]
	(No symbol) [0x0x7ff6cc690153]
	(No symbol) [0x0x7ff6cc658b02]
	(No symbol) [0x0x7ff6cc6598d3]
	GetHandleVerifier [0x0x7ff6ccb4e83d+2949837]
	GetHandleVerifier [0x0x7ff6ccb48c6a+2926330]
	GetHandleVerifier [0x0x7ff6ccb686c7+3055959]
	GetHandleVerifier [0x0x7ff6cc8acfee+191102]
	GetHandleVerifier [0x0x7ff6cc8b50af+224063]
	GetHandleVerifier [0x0x7ff6cc89af64+117236]
	GetHandleVerifier [0x0x7ff6cc89b119+117673]
	GetHandleVerifier [0x0x7ff6cc8810a8+11064]
	BaseThreadInitThunk [0x0x7ffb10e6259d+29]
	RtlUserThreadStart [0x0x7ffb1190af78+40]

Traceback (most recent call last):
  File "D:\whatssappAuto\automatizaçãoWatts.py", line 161, in enviar_pasta_para_grupo
    search_box.send_keys(grupo)
  File "C:\Users\fs271\AppData\Local\Programs\Python\Python312\Lib\site-packages\selenium\webdriver\remote\webelement.py", line 304, in send_keys
    self._execute(
  File "C:\Users\fs271\AppData\Local\Programs\Python\Python312\Lib\site-packages\selenium\webdriver\remote\webelement.py", line 573, in _execute
    return self._parent.execute(command, params)
           ^^^^^^^^^^^^^^^^^^^^^^^^^^^^^^^^^^^^^
  File "C:\Users\fs271\AppData\Local\Programs\Python\Python312\Lib\site-packages\selenium\webdriver\remote\webdriver.py", line 454, in execute
    self.error_handler.check_response(response)
  File "C:\Users\fs271\AppData\Local\Programs\Python\Python312\Lib\site-packages\selenium\webdriver\remote\errorhandler.py", line 232, in check_response
    raise exception_class(message, screen, stacktrace)
selenium.common.exceptions.WebDriverException: Message: unknown error: ChromeDriver only supports characters in the BMP
  (Session info: chrome=140.0.7339.208)
Stacktrace:
	GetHandleVerifier [0x0x7ff6cc891eb5+80197]
	GetHandleVerifier [0x0x7ff6cc891f10+80288]
	(No symbol) [0x0x7ff6cc6102fa]
	(No symbol) [0x0x7ff6cc6ac532]
	(No symbol) [0x0x7ff6cc6611c7]
	(No symbol) [0x0x7ff6cc660464]
	(No symbol) [0x0x7ff6cc69037a]
	(No symbol) [0x0x7ff6cc65a456]
	(No symbol) [0x0x7ff6cc690590]
	(No symbol) [0x0x7ff6cc6b87fb]
	(No symbol) [0x0x7ff6cc690153]
	(No symbol) [0x0x7ff6cc658b02]
	(No symbol) [0x0x7ff6cc6598d3]
	GetHandleVerifier [0x0x7ff6ccb4e83d+2949837]
	GetHandleVerifier [0x0x7ff6ccb48c6a+2926330]
	GetHandleVerifier [0x0x7ff6ccb686c7+3055959]
	GetHandleVerifier [0x0x7ff6cc8acfee+191102]
	GetHandleVerifier [0x0x7ff6cc8b50af+224063]
	GetHandleVerifier [0x0x7ff6cc89af64+117236]
	GetHandleVerifier [0x0x7ff6cc89b119+117673]
	GetHandleVerifier [0x0x7ff6cc8810a8+11064]
	BaseThreadInitThunk [0x0x7ffb10e6259d+29]
	RtlUserThreadStart [0x0x7ffb1190af78+40]


--------------------------------------------------------------------------------

[04/10/2025 13:50:50] ❌ Erro ao enviar pasta 'carretas vanderleia 11-12-14' para 🇧🇷🌱 AGRO BR BRASIL 4: Message: unknown error: ChromeDriver only supports characters in the BMP
  (Session info: chrome=140.0.7339.208)
Stacktrace:
	GetHandleVerifier [0x0x7ff6cc891eb5+80197]
	GetHandleVerifier [0x0x7ff6cc891f10+80288]
	(No symbol) [0x0x7ff6cc6102fa]
	(No symbol) [0x0x7ff6cc6ac532]
	(No symbol) [0x0x7ff6cc6611c7]
	(No symbol) [0x0x7ff6cc660464]
	(No symbol) [0x0x7ff6cc69037a]
	(No symbol) [0x0x7ff6cc65a456]
	(No symbol) [0x0x7ff6cc690590]
	(No symbol) [0x0x7ff6cc6b87fb]
	(No symbol) [0x0x7ff6cc690153]
	(No symbol) [0x0x7ff6cc658b02]
	(No symbol) [0x0x7ff6cc6598d3]
	GetHandleVerifier [0x0x7ff6ccb4e83d+2949837]
	GetHandleVerifier [0x0x7ff6ccb48c6a+2926330]
	GetHandleVerifier [0x0x7ff6ccb686c7+3055959]
	GetHandleVerifier [0x0x7ff6cc8acfee+191102]
	GetHandleVerifier [0x0x7ff6cc8b50af+224063]
	GetHandleVerifier [0x0x7ff6cc89af64+117236]
	GetHandleVerifier [0x0x7ff6cc89b119+117673]
	GetHandleVerifier [0x0x7ff6cc8810a8+11064]
	BaseThreadInitThunk [0x0x7ffb10e6259d+29]
	RtlUserThreadStart [0x0x7ffb1190af78+40]

Traceback (most recent call last):
  File "D:\whatssappAuto\automatizaçãoWatts.py", line 161, in enviar_pasta_para_grupo
    search_box.send_keys(grupo)
  File "C:\Users\fs271\AppData\Local\Programs\Python\Python312\Lib\site-packages\selenium\webdriver\remote\webelement.py", line 304, in send_keys
    self._execute(
  File "C:\Users\fs271\AppData\Local\Programs\Python\Python312\Lib\site-packages\selenium\webdriver\remote\webelement.py", line 573, in _execute
    return self._parent.execute(command, params)
           ^^^^^^^^^^^^^^^^^^^^^^^^^^^^^^^^^^^^^
  File "C:\Users\fs271\AppData\Local\Programs\Python\Python312\Lib\site-packages\selenium\webdriver\remote\webdriver.py", line 454, in execute
    self.error_handler.check_response(response)
  File "C:\Users\fs271\AppData\Local\Programs\Python\Python312\Lib\site-packages\selenium\webdriver\remote\errorhandler.py", line 232, in check_response
    raise exception_class(message, screen, stacktrace)
selenium.common.exceptions.WebDriverException: Message: unknown error: ChromeDriver only supports characters in the BMP
  (Session info: chrome=140.0.7339.208)
Stacktrace:
	GetHandleVerifier [0x0x7ff6cc891eb5+80197]
	GetHandleVerifier [0x0x7ff6cc891f10+80288]
	(No symbol) [0x0x7ff6cc6102fa]
	(No symbol) [0x0x7ff6cc6ac532]
	(No symbol) [0x0x7ff6cc6611c7]
	(No symbol) [0x0x7ff6cc660464]
	(No symbol) [0x0x7ff6cc69037a]
	(No symbol) [0x0x7ff6cc65a456]
	(No symbol) [0x0x7ff6cc690590]
	(No symbol) [0x0x7ff6cc6b87fb]
	(No symbol) [0x0x7ff6cc690153]
	(No symbol) [0x0x7ff6cc658b02]
	(No symbol) [0x0x7ff6cc6598d3]
	GetHandleVerifier [0x0x7ff6ccb4e83d+2949837]
	GetHandleVerifier [0x0x7ff6ccb48c6a+2926330]
	GetHandleVerifier [0x0x7ff6ccb686c7+3055959]
	GetHandleVerifier [0x0x7ff6cc8acfee+191102]
	GetHandleVerifier [0x0x7ff6cc8b50af+224063]
	GetHandleVerifier [0x0x7ff6cc89af64+117236]
	GetHandleVerifier [0x0x7ff6cc89b119+117673]
	GetHandleVerifier [0x0x7ff6cc8810a8+11064]
	BaseThreadInitThunk [0x0x7ffb10e6259d+29]
	RtlUserThreadStart [0x0x7ffb1190af78+40]


--------------------------------------------------------------------------------

[04/10/2025 13:50:51] ❌ Erro ao enviar pasta 'carretas vanderleia 11-12-14' para 🌱AGRO BR BRASIL: Message: unknown error: ChromeDriver only supports characters in the BMP
  (Session info: chrome=140.0.7339.208)
Stacktrace:
	GetHandleVerifier [0x0x7ff6cc891eb5+80197]
	GetHandleVerifier [0x0x7ff6cc891f10+80288]
	(No symbol) [0x0x7ff6cc6102fa]
	(No symbol) [0x0x7ff6cc6ac532]
	(No symbol) [0x0x7ff6cc6611c7]
	(No symbol) [0x0x7ff6cc660464]
	(No symbol) [0x0x7ff6cc69037a]
	(No symbol) [0x0x7ff6cc65a456]
	(No symbol) [0x0x7ff6cc690590]
	(No symbol) [0x0x7ff6cc6b87fb]
	(No symbol) [0x0x7ff6cc690153]
	(No symbol) [0x0x7ff6cc658b02]
	(No symbol) [0x0x7ff6cc6598d3]
	GetHandleVerifier [0x0x7ff6ccb4e83d+2949837]
	GetHandleVerifier [0x0x7ff6ccb48c6a+2926330]
	GetHandleVerifier [0x0x7ff6ccb686c7+3055959]
	GetHandleVerifier [0x0x7ff6cc8acfee+191102]
	GetHandleVerifier [0x0x7ff6cc8b50af+224063]
	GetHandleVerifier [0x0x7ff6cc89af64+117236]
	GetHandleVerifier [0x0x7ff6cc89b119+117673]
	GetHandleVerifier [0x0x7ff6cc8810a8+11064]
	BaseThreadInitThunk [0x0x7ffb10e6259d+29]
	RtlUserThreadStart [0x0x7ffb1190af78+40]

Traceback (most recent call last):
  File "D:\whatssappAuto\automatizaçãoWatts.py", line 161, in enviar_pasta_para_grupo
    search_box.send_keys(grupo)
  File "C:\Users\fs271\AppData\Local\Programs\Python\Python312\Lib\site-packages\selenium\webdriver\remote\webelement.py", line 304, in send_keys
    self._execute(
  File "C:\Users\fs271\AppData\Local\Programs\Python\Python312\Lib\site-packages\selenium\webdriver\remote\webelement.py", line 573, in _execute
    return self._parent.execute(command, params)
           ^^^^^^^^^^^^^^^^^^^^^^^^^^^^^^^^^^^^^
  File "C:\Users\fs271\AppData\Local\Programs\Python\Python312\Lib\site-packages\selenium\webdriver\remote\webdriver.py", line 454, in execute
    self.error_handler.check_response(response)
  File "C:\Users\fs271\AppData\Local\Programs\Python\Python312\Lib\site-packages\selenium\webdriver\remote\errorhandler.py", line 232, in check_response
    raise exception_class(message, screen, stacktrace)
selenium.common.exceptions.WebDriverException: Message: unknown error: ChromeDriver only supports characters in the BMP
  (Session info: chrome=140.0.7339.208)
Stacktrace:
	GetHandleVerifier [0x0x7ff6cc891eb5+80197]
	GetHandleVerifier [0x0x7ff6cc891f10+80288]
	(No symbol) [0x0x7ff6cc6102fa]
	(No symbol) [0x0x7ff6cc6ac532]
	(No symbol) [0x0x7ff6cc6611c7]
	(No symbol) [0x0x7ff6cc660464]
	(No symbol) [0x0x7ff6cc69037a]
	(No symbol) [0x0x7ff6cc65a456]
	(No symbol) [0x0x7ff6cc690590]
	(No symbol) [0x0x7ff6cc6b87fb]
	(No symbol) [0x0x7ff6cc690153]
	(No symbol) [0x0x7ff6cc658b02]
	(No symbol) [0x0x7ff6cc6598d3]
	GetHandleVerifier [0x0x7ff6ccb4e83d+2949837]
	GetHandleVerifier [0x0x7ff6ccb48c6a+2926330]
	GetHandleVerifier [0x0x7ff6ccb686c7+3055959]
	GetHandleVerifier [0x0x7ff6cc8acfee+191102]
	GetHandleVerifier [0x0x7ff6cc8b50af+224063]
	GetHandleVerifier [0x0x7ff6cc89af64+117236]
	GetHandleVerifier [0x0x7ff6cc89b119+117673]
	GetHandleVerifier [0x0x7ff6cc8810a8+11064]
	BaseThreadInitThunk [0x0x7ffb10e6259d+29]
	RtlUserThreadStart [0x0x7ffb1190af78+40]


--------------------------------------------------------------------------------

[04/10/2025 13:51:04] ❌ Erro ao enviar pasta 'carretas vanderleia 11-12-14' para 🌱AGRO BR BRASIL: Message: unknown error: ChromeDriver only supports characters in the BMP
  (Session info: chrome=140.0.7339.208)
Stacktrace:
	GetHandleVerifier [0x0x7ff6cc891eb5+80197]
	GetHandleVerifier [0x0x7ff6cc891f10+80288]
	(No symbol) [0x0x7ff6cc6102fa]
	(No symbol) [0x0x7ff6cc6ac532]
	(No symbol) [0x0x7ff6cc6611c7]
	(No symbol) [0x0x7ff6cc660464]
	(No symbol) [0x0x7ff6cc69037a]
	(No symbol) [0x0x7ff6cc65a456]
	(No symbol) [0x0x7ff6cc690590]
	(No symbol) [0x0x7ff6cc6b87fb]
	(No symbol) [0x0x7ff6cc690153]
	(No symbol) [0x0x7ff6cc658b02]
	(No symbol) [0x0x7ff6cc6598d3]
	GetHandleVerifier [0x0x7ff6ccb4e83d+2949837]
	GetHandleVerifier [0x0x7ff6ccb48c6a+2926330]
	GetHandleVerifier [0x0x7ff6ccb686c7+3055959]
	GetHandleVerifier [0x0x7ff6cc8acfee+191102]
	GetHandleVerifier [0x0x7ff6cc8b50af+224063]
	GetHandleVerifier [0x0x7ff6cc89af64+117236]
	GetHandleVerifier [0x0x7ff6cc89b119+117673]
	GetHandleVerifier [0x0x7ff6cc8810a8+11064]
	BaseThreadInitThunk [0x0x7ffb10e6259d+29]
	RtlUserThreadStart [0x0x7ffb1190af78+40]

Traceback (most recent call last):
  File "D:\whatssappAuto\automatizaçãoWatts.py", line 161, in enviar_pasta_para_grupo
    search_box.send_keys(grupo)
  File "C:\Users\fs271\AppData\Local\Programs\Python\Python312\Lib\site-packages\selenium\webdriver\remote\webelement.py", line 304, in send_keys
    self._execute(
  File "C:\Users\fs271\AppData\Local\Programs\Python\Python312\Lib\site-packages\selenium\webdriver\remote\webelement.py", line 573, in _execute
    return self._parent.execute(command, params)
           ^^^^^^^^^^^^^^^^^^^^^^^^^^^^^^^^^^^^^
  File "C:\Users\fs271\AppData\Local\Programs\Python\Python312\Lib\site-packages\selenium\webdriver\remote\webdriver.py", line 454, in execute
    self.error_handler.check_response(response)
  File "C:\Users\fs271\AppData\Local\Programs\Python\Python312\Lib\site-packages\selenium\webdriver\remote\errorhandler.py", line 232, in check_response
    raise exception_class(message, screen, stacktrace)
selenium.common.exceptions.WebDriverException: Message: unknown error: ChromeDriver only supports characters in the BMP
  (Session info: chrome=140.0.7339.208)
Stacktrace:
	GetHandleVerifier [0x0x7ff6cc891eb5+80197]
	GetHandleVerifier [0x0x7ff6cc891f10+80288]
	(No symbol) [0x0x7ff6cc6102fa]
	(No symbol) [0x0x7ff6cc6ac532]
	(No symbol) [0x0x7ff6cc6611c7]
	(No symbol) [0x0x7ff6cc660464]
	(No symbol) [0x0x7ff6cc69037a]
	(No symbol) [0x0x7ff6cc65a456]
	(No symbol) [0x0x7ff6cc690590]
	(No symbol) [0x0x7ff6cc6b87fb]
	(No symbol) [0x0x7ff6cc690153]
	(No symbol) [0x0x7ff6cc658b02]
	(No symbol) [0x0x7ff6cc6598d3]
	GetHandleVerifier [0x0x7ff6ccb4e83d+2949837]
	GetHandleVerifier [0x0x7ff6ccb48c6a+2926330]
	GetHandleVerifier [0x0x7ff6ccb686c7+3055959]
	GetHandleVerifier [0x0x7ff6cc8acfee+191102]
	GetHandleVerifier [0x0x7ff6cc8b50af+224063]
	GetHandleVerifier [0x0x7ff6cc89af64+117236]
	GetHandleVerifier [0x0x7ff6cc89b119+117673]
	GetHandleVerifier [0x0x7ff6cc8810a8+11064]
	BaseThreadInitThunk [0x0x7ffb10e6259d+29]
	RtlUserThreadStart [0x0x7ffb1190af78+40]


--------------------------------------------------------------------------------

[04/10/2025 13:51:15] ❌ Erro ao enviar pasta 'carretas vanderleia 11-12-14' para 🌱AGRO BR BRASIL: Message: unknown error: ChromeDriver only supports characters in the BMP
  (Session info: chrome=140.0.7339.208)
Stacktrace:
	GetHandleVerifier [0x0x7ff6cc891eb5+80197]
	GetHandleVerifier [0x0x7ff6cc891f10+80288]
	(No symbol) [0x0x7ff6cc6102fa]
	(No symbol) [0x0x7ff6cc6ac532]
	(No symbol) [0x0x7ff6cc6611c7]
	(No symbol) [0x0x7ff6cc660464]
	(No symbol) [0x0x7ff6cc69037a]
	(No symbol) [0x0x7ff6cc65a456]
	(No symbol) [0x0x7ff6cc690590]
	(No symbol) [0x0x7ff6cc6b87fb]
	(No symbol) [0x0x7ff6cc690153]
	(No symbol) [0x0x7ff6cc658b02]
	(No symbol) [0x0x7ff6cc6598d3]
	GetHandleVerifier [0x0x7ff6ccb4e83d+2949837]
	GetHandleVerifier [0x0x7ff6ccb48c6a+2926330]
	GetHandleVerifier [0x0x7ff6ccb686c7+3055959]
	GetHandleVerifier [0x0x7ff6cc8acfee+191102]
	GetHandleVerifier [0x0x7ff6cc8b50af+224063]
	GetHandleVerifier [0x0x7ff6cc89af64+117236]
	GetHandleVerifier [0x0x7ff6cc89b119+117673]
	GetHandleVerifier [0x0x7ff6cc8810a8+11064]
	BaseThreadInitThunk [0x0x7ffb10e6259d+29]
	RtlUserThreadStart [0x0x7ffb1190af78+40]

Traceback (most recent call last):
  File "D:\whatssappAuto\automatizaçãoWatts.py", line 161, in enviar_pasta_para_grupo
    search_box.send_keys(grupo)
  File "C:\Users\fs271\AppData\Local\Programs\Python\Python312\Lib\site-packages\selenium\webdriver\remote\webelement.py", line 304, in send_keys
    self._execute(
  File "C:\Users\fs271\AppData\Local\Programs\Python\Python312\Lib\site-packages\selenium\webdriver\remote\webelement.py", line 573, in _execute
    return self._parent.execute(command, params)
           ^^^^^^^^^^^^^^^^^^^^^^^^^^^^^^^^^^^^^
  File "C:\Users\fs271\AppData\Local\Programs\Python\Python312\Lib\site-packages\selenium\webdriver\remote\webdriver.py", line 454, in execute
    self.error_handler.check_response(response)
  File "C:\Users\fs271\AppData\Local\Programs\Python\Python312\Lib\site-packages\selenium\webdriver\remote\errorhandler.py", line 232, in check_response
    raise exception_class(message, screen, stacktrace)
selenium.common.exceptions.WebDriverException: Message: unknown error: ChromeDriver only supports characters in the BMP
  (Session info: chrome=140.0.7339.208)
Stacktrace:
	GetHandleVerifier [0x0x7ff6cc891eb5+80197]
	GetHandleVerifier [0x0x7ff6cc891f10+80288]
	(No symbol) [0x0x7ff6cc6102fa]
	(No symbol) [0x0x7ff6cc6ac532]
	(No symbol) [0x0x7ff6cc6611c7]
	(No symbol) [0x0x7ff6cc660464]
	(No symbol) [0x0x7ff6cc69037a]
	(No symbol) [0x0x7ff6cc65a456]
	(No symbol) [0x0x7ff6cc690590]
	(No symbol) [0x0x7ff6cc6b87fb]
	(No symbol) [0x0x7ff6cc690153]
	(No symbol) [0x0x7ff6cc658b02]
	(No symbol) [0x0x7ff6cc6598d3]
	GetHandleVerifier [0x0x7ff6ccb4e83d+2949837]
	GetHandleVerifier [0x0x7ff6ccb48c6a+2926330]
	GetHandleVerifier [0x0x7ff6ccb686c7+3055959]
	GetHandleVerifier [0x0x7ff6cc8acfee+191102]
	GetHandleVerifier [0x0x7ff6cc8b50af+224063]
	GetHandleVerifier [0x0x7ff6cc89af64+117236]
	GetHandleVerifier [0x0x7ff6cc89b119+117673]
	GetHandleVerifier [0x0x7ff6cc8810a8+11064]
	BaseThreadInitThunk [0x0x7ffb10e6259d+29]
	RtlUserThreadStart [0x0x7ffb1190af78+40]


--------------------------------------------------------------------------------

[04/10/2025 14:16:53] ❌ Erro ao enviar pasta 'caçambas 2014-2016 melhor preço' para Agro Brasil🌱: Message: unknown error: ChromeDriver only supports characters in the BMP
  (Session info: chrome=140.0.7339.208)
Stacktrace:
	GetHandleVerifier [0x0x7ff6cc891eb5+80197]
	GetHandleVerifier [0x0x7ff6cc891f10+80288]
	(No symbol) [0x0x7ff6cc6102fa]
	(No symbol) [0x0x7ff6cc6ac532]
	(No symbol) [0x0x7ff6cc6611c7]
	(No symbol) [0x0x7ff6cc660464]
	(No symbol) [0x0x7ff6cc69037a]
	(No symbol) [0x0x7ff6cc65a456]
	(No symbol) [0x0x7ff6cc690590]
	(No symbol) [0x0x7ff6cc6b87fb]
	(No symbol) [0x0x7ff6cc690153]
	(No symbol) [0x0x7ff6cc658b02]
	(No symbol) [0x0x7ff6cc6598d3]
	GetHandleVerifier [0x0x7ff6ccb4e83d+2949837]
	GetHandleVerifier [0x0x7ff6ccb48c6a+2926330]
	GetHandleVerifier [0x0x7ff6ccb686c7+3055959]
	GetHandleVerifier [0x0x7ff6cc8acfee+191102]
	GetHandleVerifier [0x0x7ff6cc8b50af+224063]
	GetHandleVerifier [0x0x7ff6cc89af64+117236]
	GetHandleVerifier [0x0x7ff6cc89b119+117673]
	GetHandleVerifier [0x0x7ff6cc8810a8+11064]
	BaseThreadInitThunk [0x0x7ffb10e6259d+29]
	RtlUserThreadStart [0x0x7ffb1190af78+40]

Traceback (most recent call last):
  File "D:\whatssappAuto\automatizaçãoWatts.py", line 161, in enviar_pasta_para_grupo
    search_box.send_keys(grupo)
  File "C:\Users\fs271\AppData\Local\Programs\Python\Python312\Lib\site-packages\selenium\webdriver\remote\webelement.py", line 304, in send_keys
    self._execute(
  File "C:\Users\fs271\AppData\Local\Programs\Python\Python312\Lib\site-packages\selenium\webdriver\remote\webelement.py", line 573, in _execute
    return self._parent.execute(command, params)
           ^^^^^^^^^^^^^^^^^^^^^^^^^^^^^^^^^^^^^
  File "C:\Users\fs271\AppData\Local\Programs\Python\Python312\Lib\site-packages\selenium\webdriver\remote\webdriver.py", line 454, in execute
    self.error_handler.check_response(response)
  File "C:\Users\fs271\AppData\Local\Programs\Python\Python312\Lib\site-packages\selenium\webdriver\remote\errorhandler.py", line 232, in check_response
    raise exception_class(message, screen, stacktrace)
selenium.common.exceptions.WebDriverException: Message: unknown error: ChromeDriver only supports characters in the BMP
  (Session info: chrome=140.0.7339.208)
Stacktrace:
	GetHandleVerifier [0x0x7ff6cc891eb5+80197]
	GetHandleVerifier [0x0x7ff6cc891f10+80288]
	(No symbol) [0x0x7ff6cc6102fa]
	(No symbol) [0x0x7ff6cc6ac532]
	(No symbol) [0x0x7ff6cc6611c7]
	(No symbol) [0x0x7ff6cc660464]
	(No symbol) [0x0x7ff6cc69037a]
	(No symbol) [0x0x7ff6cc65a456]
	(No symbol) [0x0x7ff6cc690590]
	(No symbol) [0x0x7ff6cc6b87fb]
	(No symbol) [0x0x7ff6cc690153]
	(No symbol) [0x0x7ff6cc658b02]
	(No symbol) [0x0x7ff6cc6598d3]
	GetHandleVerifier [0x0x7ff6ccb4e83d+2949837]
	GetHandleVerifier [0x0x7ff6ccb48c6a+2926330]
	GetHandleVerifier [0x0x7ff6ccb686c7+3055959]
	GetHandleVerifier [0x0x7ff6cc8acfee+191102]
	GetHandleVerifier [0x0x7ff6cc8b50af+224063]
	GetHandleVerifier [0x0x7ff6cc89af64+117236]
	GetHandleVerifier [0x0x7ff6cc89b119+117673]
	GetHandleVerifier [0x0x7ff6cc8810a8+11064]
	BaseThreadInitThunk [0x0x7ffb10e6259d+29]
	RtlUserThreadStart [0x0x7ffb1190af78+40]


--------------------------------------------------------------------------------

[04/10/2025 14:17:06] ❌ Erro ao enviar pasta 'caçambas 2014-2016 melhor preço' para Agro Brasil🌱: Message: unknown error: ChromeDriver only supports characters in the BMP
  (Session info: chrome=140.0.7339.208)
Stacktrace:
	GetHandleVerifier [0x0x7ff6cc891eb5+80197]
	GetHandleVerifier [0x0x7ff6cc891f10+80288]
	(No symbol) [0x0x7ff6cc6102fa]
	(No symbol) [0x0x7ff6cc6ac532]
	(No symbol) [0x0x7ff6cc6611c7]
	(No symbol) [0x0x7ff6cc660464]
	(No symbol) [0x0x7ff6cc69037a]
	(No symbol) [0x0x7ff6cc65a456]
	(No symbol) [0x0x7ff6cc690590]
	(No symbol) [0x0x7ff6cc6b87fb]
	(No symbol) [0x0x7ff6cc690153]
	(No symbol) [0x0x7ff6cc658b02]
	(No symbol) [0x0x7ff6cc6598d3]
	GetHandleVerifier [0x0x7ff6ccb4e83d+2949837]
	GetHandleVerifier [0x0x7ff6ccb48c6a+2926330]
	GetHandleVerifier [0x0x7ff6ccb686c7+3055959]
	GetHandleVerifier [0x0x7ff6cc8acfee+191102]
	GetHandleVerifier [0x0x7ff6cc8b50af+224063]
	GetHandleVerifier [0x0x7ff6cc89af64+117236]
	GetHandleVerifier [0x0x7ff6cc89b119+117673]
	GetHandleVerifier [0x0x7ff6cc8810a8+11064]
	BaseThreadInitThunk [0x0x7ffb10e6259d+29]
	RtlUserThreadStart [0x0x7ffb1190af78+40]

Traceback (most recent call last):
  File "D:\whatssappAuto\automatizaçãoWatts.py", line 161, in enviar_pasta_para_grupo
    search_box.send_keys(grupo)
  File "C:\Users\fs271\AppData\Local\Programs\Python\Python312\Lib\site-packages\selenium\webdriver\remote\webelement.py", line 304, in send_keys
    self._execute(
  File "C:\Users\fs271\AppData\Local\Programs\Python\Python312\Lib\site-packages\selenium\webdriver\remote\webelement.py", line 573, in _execute
    return self._parent.execute(command, params)
           ^^^^^^^^^^^^^^^^^^^^^^^^^^^^^^^^^^^^^
  File "C:\Users\fs271\AppData\Local\Programs\Python\Python312\Lib\site-packages\selenium\webdriver\remote\webdriver.py", line 454, in execute
    self.error_handler.check_response(response)
  File "C:\Users\fs271\AppData\Local\Programs\Python\Python312\Lib\site-packages\selenium\webdriver\remote\errorhandler.py", line 232, in check_response
    raise exception_class(message, screen, stacktrace)
selenium.common.exceptions.WebDriverException: Message: unknown error: ChromeDriver only supports characters in the BMP
  (Session info: chrome=140.0.7339.208)
Stacktrace:
	GetHandleVerifier [0x0x7ff6cc891eb5+80197]
	GetHandleVerifier [0x0x7ff6cc891f10+80288]
	(No symbol) [0x0x7ff6cc6102fa]
	(No symbol) [0x0x7ff6cc6ac532]
	(No symbol) [0x0x7ff6cc6611c7]
	(No symbol) [0x0x7ff6cc660464]
	(No symbol) [0x0x7ff6cc69037a]
	(No symbol) [0x0x7ff6cc65a456]
	(No symbol) [0x0x7ff6cc690590]
	(No symbol) [0x0x7ff6cc6b87fb]
	(No symbol) [0x0x7ff6cc690153]
	(No symbol) [0x0x7ff6cc658b02]
	(No symbol) [0x0x7ff6cc6598d3]
	GetHandleVerifier [0x0x7ff6ccb4e83d+2949837]
	GetHandleVerifier [0x0x7ff6ccb48c6a+2926330]
	GetHandleVerifier [0x0x7ff6ccb686c7+3055959]
	GetHandleVerifier [0x0x7ff6cc8acfee+191102]
	GetHandleVerifier [0x0x7ff6cc8b50af+224063]
	GetHandleVerifier [0x0x7ff6cc89af64+117236]
	GetHandleVerifier [0x0x7ff6cc89b119+117673]
	GetHandleVerifier [0x0x7ff6cc8810a8+11064]
	BaseThreadInitThunk [0x0x7ffb10e6259d+29]
	RtlUserThreadStart [0x0x7ffb1190af78+40]


--------------------------------------------------------------------------------

[04/10/2025 14:17:18] ❌ Erro ao enviar pasta 'caçambas 2014-2016 melhor preço' para Agro Brasil🌱: Message: unknown error: ChromeDriver only supports characters in the BMP
  (Session info: chrome=140.0.7339.208)
Stacktrace:
	GetHandleVerifier [0x0x7ff6cc891eb5+80197]
	GetHandleVerifier [0x0x7ff6cc891f10+80288]
	(No symbol) [0x0x7ff6cc6102fa]
	(No symbol) [0x0x7ff6cc6ac532]
	(No symbol) [0x0x7ff6cc6611c7]
	(No symbol) [0x0x7ff6cc660464]
	(No symbol) [0x0x7ff6cc69037a]
	(No symbol) [0x0x7ff6cc65a456]
	(No symbol) [0x0x7ff6cc690590]
	(No symbol) [0x0x7ff6cc6b87fb]
	(No symbol) [0x0x7ff6cc690153]
	(No symbol) [0x0x7ff6cc658b02]
	(No symbol) [0x0x7ff6cc6598d3]
	GetHandleVerifier [0x0x7ff6ccb4e83d+2949837]
	GetHandleVerifier [0x0x7ff6ccb48c6a+2926330]
	GetHandleVerifier [0x0x7ff6ccb686c7+3055959]
	GetHandleVerifier [0x0x7ff6cc8acfee+191102]
	GetHandleVerifier [0x0x7ff6cc8b50af+224063]
	GetHandleVerifier [0x0x7ff6cc89af64+117236]
	GetHandleVerifier [0x0x7ff6cc89b119+117673]
	GetHandleVerifier [0x0x7ff6cc8810a8+11064]
	BaseThreadInitThunk [0x0x7ffb10e6259d+29]
	RtlUserThreadStart [0x0x7ffb1190af78+40]

Traceback (most recent call last):
  File "D:\whatssappAuto\automatizaçãoWatts.py", line 161, in enviar_pasta_para_grupo
    search_box.send_keys(grupo)
  File "C:\Users\fs271\AppData\Local\Programs\Python\Python312\Lib\site-packages\selenium\webdriver\remote\webelement.py", line 304, in send_keys
    self._execute(
  File "C:\Users\fs271\AppData\Local\Programs\Python\Python312\Lib\site-packages\selenium\webdriver\remote\webelement.py", line 573, in _execute
    return self._parent.execute(command, params)
           ^^^^^^^^^^^^^^^^^^^^^^^^^^^^^^^^^^^^^
  File "C:\Users\fs271\AppData\Local\Programs\Python\Python312\Lib\site-packages\selenium\webdriver\remote\webdriver.py", line 454, in execute
    self.error_handler.check_response(response)
  File "C:\Users\fs271\AppData\Local\Programs\Python\Python312\Lib\site-packages\selenium\webdriver\remote\errorhandler.py", line 232, in check_response
    raise exception_class(message, screen, stacktrace)
selenium.common.exceptions.WebDriverException: Message: unknown error: ChromeDriver only supports characters in the BMP
  (Session info: chrome=140.0.7339.208)
Stacktrace:
	GetHandleVerifier [0x0x7ff6cc891eb5+80197]
	GetHandleVerifier [0x0x7ff6cc891f10+80288]
	(No symbol) [0x0x7ff6cc6102fa]
	(No symbol) [0x0x7ff6cc6ac532]
	(No symbol) [0x0x7ff6cc6611c7]
	(No symbol) [0x0x7ff6cc660464]
	(No symbol) [0x0x7ff6cc69037a]
	(No symbol) [0x0x7ff6cc65a456]
	(No symbol) [0x0x7ff6cc690590]
	(No symbol) [0x0x7ff6cc6b87fb]
	(No symbol) [0x0x7ff6cc690153]
	(No symbol) [0x0x7ff6cc658b02]
	(No symbol) [0x0x7ff6cc6598d3]
	GetHandleVerifier [0x0x7ff6ccb4e83d+2949837]
	GetHandleVerifier [0x0x7ff6ccb48c6a+2926330]
	GetHandleVerifier [0x0x7ff6ccb686c7+3055959]
	GetHandleVerifier [0x0x7ff6cc8acfee+191102]
	GetHandleVerifier [0x0x7ff6cc8b50af+224063]
	GetHandleVerifier [0x0x7ff6cc89af64+117236]
	GetHandleVerifier [0x0x7ff6cc89b119+117673]
	GetHandleVerifier [0x0x7ff6cc8810a8+11064]
	BaseThreadInitThunk [0x0x7ffb10e6259d+29]
	RtlUserThreadStart [0x0x7ffb1190af78+40]


--------------------------------------------------------------------------------

[04/10/2025 14:17:19] ❌ Erro ao enviar pasta 'caçambas 2014-2016 melhor preço' para 🇧🇷🌱 AGRO BR BRASIL 4: Message: unknown error: ChromeDriver only supports characters in the BMP
  (Session info: chrome=140.0.7339.208)
Stacktrace:
	GetHandleVerifier [0x0x7ff6cc891eb5+80197]
	GetHandleVerifier [0x0x7ff6cc891f10+80288]
	(No symbol) [0x0x7ff6cc6102fa]
	(No symbol) [0x0x7ff6cc6ac532]
	(No symbol) [0x0x7ff6cc6611c7]
	(No symbol) [0x0x7ff6cc660464]
	(No symbol) [0x0x7ff6cc69037a]
	(No symbol) [0x0x7ff6cc65a456]
	(No symbol) [0x0x7ff6cc690590]
	(No symbol) [0x0x7ff6cc6b87fb]
	(No symbol) [0x0x7ff6cc690153]
	(No symbol) [0x0x7ff6cc658b02]
	(No symbol) [0x0x7ff6cc6598d3]
	GetHandleVerifier [0x0x7ff6ccb4e83d+2949837]
	GetHandleVerifier [0x0x7ff6ccb48c6a+2926330]
	GetHandleVerifier [0x0x7ff6ccb686c7+3055959]
	GetHandleVerifier [0x0x7ff6cc8acfee+191102]
	GetHandleVerifier [0x0x7ff6cc8b50af+224063]
	GetHandleVerifier [0x0x7ff6cc89af64+117236]
	GetHandleVerifier [0x0x7ff6cc89b119+117673]
	GetHandleVerifier [0x0x7ff6cc8810a8+11064]
	BaseThreadInitThunk [0x0x7ffb10e6259d+29]
	RtlUserThreadStart [0x0x7ffb1190af78+40]

Traceback (most recent call last):
  File "D:\whatssappAuto\automatizaçãoWatts.py", line 161, in enviar_pasta_para_grupo
    search_box.send_keys(grupo)
  File "C:\Users\fs271\AppData\Local\Programs\Python\Python312\Lib\site-packages\selenium\webdriver\remote\webelement.py", line 304, in send_keys
    self._execute(
  File "C:\Users\fs271\AppData\Local\Programs\Python\Python312\Lib\site-packages\selenium\webdriver\remote\webelement.py", line 573, in _execute
    return self._parent.execute(command, params)
           ^^^^^^^^^^^^^^^^^^^^^^^^^^^^^^^^^^^^^
  File "C:\Users\fs271\AppData\Local\Programs\Python\Python312\Lib\site-packages\selenium\webdriver\remote\webdriver.py", line 454, in execute
    self.error_handler.check_response(response)
  File "C:\Users\fs271\AppData\Local\Programs\Python\Python312\Lib\site-packages\selenium\webdriver\remote\errorhandler.py", line 232, in check_response
    raise exception_class(message, screen, stacktrace)
selenium.common.exceptions.WebDriverException: Message: unknown error: ChromeDriver only supports characters in the BMP
  (Session info: chrome=140.0.7339.208)
Stacktrace:
	GetHandleVerifier [0x0x7ff6cc891eb5+80197]
	GetHandleVerifier [0x0x7ff6cc891f10+80288]
	(No symbol) [0x0x7ff6cc6102fa]
	(No symbol) [0x0x7ff6cc6ac532]
	(No symbol) [0x0x7ff6cc6611c7]
	(No symbol) [0x0x7ff6cc660464]
	(No symbol) [0x0x7ff6cc69037a]
	(No symbol) [0x0x7ff6cc65a456]
	(No symbol) [0x0x7ff6cc690590]
	(No symbol) [0x0x7ff6cc6b87fb]
	(No symbol) [0x0x7ff6cc690153]
	(No symbol) [0x0x7ff6cc658b02]
	(No symbol) [0x0x7ff6cc6598d3]
	GetHandleVerifier [0x0x7ff6ccb4e83d+2949837]
	GetHandleVerifier [0x0x7ff6ccb48c6a+2926330]
	GetHandleVerifier [0x0x7ff6ccb686c7+3055959]
	GetHandleVerifier [0x0x7ff6cc8acfee+191102]
	GetHandleVerifier [0x0x7ff6cc8b50af+224063]
	GetHandleVerifier [0x0x7ff6cc89af64+117236]
	GetHandleVerifier [0x0x7ff6cc89b119+117673]
	GetHandleVerifier [0x0x7ff6cc8810a8+11064]
	BaseThreadInitThunk [0x0x7ffb10e6259d+29]
	RtlUserThreadStart [0x0x7ffb1190af78+40]


--------------------------------------------------------------------------------

[04/10/2025 14:17:30] ❌ Erro ao enviar pasta 'caçambas 2014-2016 melhor preço' para 🇧🇷🌱 AGRO BR BRASIL 4: Message: unknown error: ChromeDriver only supports characters in the BMP
  (Session info: chrome=140.0.7339.208)
Stacktrace:
	GetHandleVerifier [0x0x7ff6cc891eb5+80197]
	GetHandleVerifier [0x0x7ff6cc891f10+80288]
	(No symbol) [0x0x7ff6cc6102fa]
	(No symbol) [0x0x7ff6cc6ac532]
	(No symbol) [0x0x7ff6cc6611c7]
	(No symbol) [0x0x7ff6cc660464]
	(No symbol) [0x0x7ff6cc69037a]
	(No symbol) [0x0x7ff6cc65a456]
	(No symbol) [0x0x7ff6cc690590]
	(No symbol) [0x0x7ff6cc6b87fb]
	(No symbol) [0x0x7ff6cc690153]
	(No symbol) [0x0x7ff6cc658b02]
	(No symbol) [0x0x7ff6cc6598d3]
	GetHandleVerifier [0x0x7ff6ccb4e83d+2949837]
	GetHandleVerifier [0x0x7ff6ccb48c6a+2926330]
	GetHandleVerifier [0x0x7ff6ccb686c7+3055959]
	GetHandleVerifier [0x0x7ff6cc8acfee+191102]
	GetHandleVerifier [0x0x7ff6cc8b50af+224063]
	GetHandleVerifier [0x0x7ff6cc89af64+117236]
	GetHandleVerifier [0x0x7ff6cc89b119+117673]
	GetHandleVerifier [0x0x7ff6cc8810a8+11064]
	BaseThreadInitThunk [0x0x7ffb10e6259d+29]
	RtlUserThreadStart [0x0x7ffb1190af78+40]

Traceback (most recent call last):
  File "D:\whatssappAuto\automatizaçãoWatts.py", line 161, in enviar_pasta_para_grupo
    search_box.send_keys(grupo)
  File "C:\Users\fs271\AppData\Local\Programs\Python\Python312\Lib\site-packages\selenium\webdriver\remote\webelement.py", line 304, in send_keys
    self._execute(
  File "C:\Users\fs271\AppData\Local\Programs\Python\Python312\Lib\site-packages\selenium\webdriver\remote\webelement.py", line 573, in _execute
    return self._parent.execute(command, params)
           ^^^^^^^^^^^^^^^^^^^^^^^^^^^^^^^^^^^^^
  File "C:\Users\fs271\AppData\Local\Programs\Python\Python312\Lib\site-packages\selenium\webdriver\remote\webdriver.py", line 454, in execute
    self.error_handler.check_response(response)
  File "C:\Users\fs271\AppData\Local\Programs\Python\Python312\Lib\site-packages\selenium\webdriver\remote\errorhandler.py", line 232, in check_response
    raise exception_class(message, screen, stacktrace)
selenium.common.exceptions.WebDriverException: Message: unknown error: ChromeDriver only supports characters in the BMP
  (Session info: chrome=140.0.7339.208)
Stacktrace:
	GetHandleVerifier [0x0x7ff6cc891eb5+80197]
	GetHandleVerifier [0x0x7ff6cc891f10+80288]
	(No symbol) [0x0x7ff6cc6102fa]
	(No symbol) [0x0x7ff6cc6ac532]
	(No symbol) [0x0x7ff6cc6611c7]
	(No symbol) [0x0x7ff6cc660464]
	(No symbol) [0x0x7ff6cc69037a]
	(No symbol) [0x0x7ff6cc65a456]
	(No symbol) [0x0x7ff6cc690590]
	(No symbol) [0x0x7ff6cc6b87fb]
	(No symbol) [0x0x7ff6cc690153]
	(No symbol) [0x0x7ff6cc658b02]
	(No symbol) [0x0x7ff6cc6598d3]
	GetHandleVerifier [0x0x7ff6ccb4e83d+2949837]
	GetHandleVerifier [0x0x7ff6ccb48c6a+2926330]
	GetHandleVerifier [0x0x7ff6ccb686c7+3055959]
	GetHandleVerifier [0x0x7ff6cc8acfee+191102]
	GetHandleVerifier [0x0x7ff6cc8b50af+224063]
	GetHandleVerifier [0x0x7ff6cc89af64+117236]
	GetHandleVerifier [0x0x7ff6cc89b119+117673]
	GetHandleVerifier [0x0x7ff6cc8810a8+11064]
	BaseThreadInitThunk [0x0x7ffb10e6259d+29]
	RtlUserThreadStart [0x0x7ffb1190af78+40]


--------------------------------------------------------------------------------

[04/10/2025 14:17:42] ❌ Erro ao enviar pasta 'caçambas 2014-2016 melhor preço' para 🇧🇷🌱 AGRO BR BRASIL 4: Message: unknown error: ChromeDriver only supports characters in the BMP
  (Session info: chrome=140.0.7339.208)
Stacktrace:
	GetHandleVerifier [0x0x7ff6cc891eb5+80197]
	GetHandleVerifier [0x0x7ff6cc891f10+80288]
	(No symbol) [0x0x7ff6cc6102fa]
	(No symbol) [0x0x7ff6cc6ac532]
	(No symbol) [0x0x7ff6cc6611c7]
	(No symbol) [0x0x7ff6cc660464]
	(No symbol) [0x0x7ff6cc69037a]
	(No symbol) [0x0x7ff6cc65a456]
	(No symbol) [0x0x7ff6cc690590]
	(No symbol) [0x0x7ff6cc6b87fb]
	(No symbol) [0x0x7ff6cc690153]
	(No symbol) [0x0x7ff6cc658b02]
	(No symbol) [0x0x7ff6cc6598d3]
	GetHandleVerifier [0x0x7ff6ccb4e83d+2949837]
	GetHandleVerifier [0x0x7ff6ccb48c6a+2926330]
	GetHandleVerifier [0x0x7ff6ccb686c7+3055959]
	GetHandleVerifier [0x0x7ff6cc8acfee+191102]
	GetHandleVerifier [0x0x7ff6cc8b50af+224063]
	GetHandleVerifier [0x0x7ff6cc89af64+117236]
	GetHandleVerifier [0x0x7ff6cc89b119+117673]
	GetHandleVerifier [0x0x7ff6cc8810a8+11064]
	BaseThreadInitThunk [0x0x7ffb10e6259d+29]
	RtlUserThreadStart [0x0x7ffb1190af78+40]

Traceback (most recent call last):
  File "D:\whatssappAuto\automatizaçãoWatts.py", line 161, in enviar_pasta_para_grupo
    search_box.send_keys(grupo)
  File "C:\Users\fs271\AppData\Local\Programs\Python\Python312\Lib\site-packages\selenium\webdriver\remote\webelement.py", line 304, in send_keys
    self._execute(
  File "C:\Users\fs271\AppData\Local\Programs\Python\Python312\Lib\site-packages\selenium\webdriver\remote\webelement.py", line 573, in _execute
    return self._parent.execute(command, params)
           ^^^^^^^^^^^^^^^^^^^^^^^^^^^^^^^^^^^^^
  File "C:\Users\fs271\AppData\Local\Programs\Python\Python312\Lib\site-packages\selenium\webdriver\remote\webdriver.py", line 454, in execute
    self.error_handler.check_response(response)
  File "C:\Users\fs271\AppData\Local\Programs\Python\Python312\Lib\site-packages\selenium\webdriver\remote\errorhandler.py", line 232, in check_response
    raise exception_class(message, screen, stacktrace)
selenium.common.exceptions.WebDriverException: Message: unknown error: ChromeDriver only supports characters in the BMP
  (Session info: chrome=140.0.7339.208)
Stacktrace:
	GetHandleVerifier [0x0x7ff6cc891eb5+80197]
	GetHandleVerifier [0x0x7ff6cc891f10+80288]
	(No symbol) [0x0x7ff6cc6102fa]
	(No symbol) [0x0x7ff6cc6ac532]
	(No symbol) [0x0x7ff6cc6611c7]
	(No symbol) [0x0x7ff6cc660464]
	(No symbol) [0x0x7ff6cc69037a]
	(No symbol) [0x0x7ff6cc65a456]
	(No symbol) [0x0x7ff6cc690590]
	(No symbol) [0x0x7ff6cc6b87fb]
	(No symbol) [0x0x7ff6cc690153]
	(No symbol) [0x0x7ff6cc658b02]
	(No symbol) [0x0x7ff6cc6598d3]
	GetHandleVerifier [0x0x7ff6ccb4e83d+2949837]
	GetHandleVerifier [0x0x7ff6ccb48c6a+2926330]
	GetHandleVerifier [0x0x7ff6ccb686c7+3055959]
	GetHandleVerifier [0x0x7ff6cc8acfee+191102]
	GetHandleVerifier [0x0x7ff6cc8b50af+224063]
	GetHandleVerifier [0x0x7ff6cc89af64+117236]
	GetHandleVerifier [0x0x7ff6cc89b119+117673]
	GetHandleVerifier [0x0x7ff6cc8810a8+11064]
	BaseThreadInitThunk [0x0x7ffb10e6259d+29]
	RtlUserThreadStart [0x0x7ffb1190af78+40]


--------------------------------------------------------------------------------

[04/10/2025 14:17:45] ❌ Erro ao enviar pasta 'caçambas 2014-2016 melhor preço' para 🌱AGRO BR BRASIL: Message: unknown error: ChromeDriver only supports characters in the BMP
  (Session info: chrome=140.0.7339.208)
Stacktrace:
	GetHandleVerifier [0x0x7ff6cc891eb5+80197]
	GetHandleVerifier [0x0x7ff6cc891f10+80288]
	(No symbol) [0x0x7ff6cc6102fa]
	(No symbol) [0x0x7ff6cc6ac532]
	(No symbol) [0x0x7ff6cc6611c7]
	(No symbol) [0x0x7ff6cc660464]
	(No symbol) [0x0x7ff6cc69037a]
	(No symbol) [0x0x7ff6cc65a456]
	(No symbol) [0x0x7ff6cc690590]
	(No symbol) [0x0x7ff6cc6b87fb]
	(No symbol) [0x0x7ff6cc690153]
	(No symbol) [0x0x7ff6cc658b02]
	(No symbol) [0x0x7ff6cc6598d3]
	GetHandleVerifier [0x0x7ff6ccb4e83d+2949837]
	GetHandleVerifier [0x0x7ff6ccb48c6a+2926330]
	GetHandleVerifier [0x0x7ff6ccb686c7+3055959]
	GetHandleVerifier [0x0x7ff6cc8acfee+191102]
	GetHandleVerifier [0x0x7ff6cc8b50af+224063]
	GetHandleVerifier [0x0x7ff6cc89af64+117236]
	GetHandleVerifier [0x0x7ff6cc89b119+117673]
	GetHandleVerifier [0x0x7ff6cc8810a8+11064]
	BaseThreadInitThunk [0x0x7ffb10e6259d+29]
	RtlUserThreadStart [0x0x7ffb1190af78+40]

Traceback (most recent call last):
  File "D:\whatssappAuto\automatizaçãoWatts.py", line 161, in enviar_pasta_para_grupo
    search_box.send_keys(grupo)
  File "C:\Users\fs271\AppData\Local\Programs\Python\Python312\Lib\site-packages\selenium\webdriver\remote\webelement.py", line 304, in send_keys
    self._execute(
  File "C:\Users\fs271\AppData\Local\Programs\Python\Python312\Lib\site-packages\selenium\webdriver\remote\webelement.py", line 573, in _execute
    return self._parent.execute(command, params)
           ^^^^^^^^^^^^^^^^^^^^^^^^^^^^^^^^^^^^^
  File "C:\Users\fs271\AppData\Local\Programs\Python\Python312\Lib\site-packages\selenium\webdriver\remote\webdriver.py", line 454, in execute
    self.error_handler.check_response(response)
  File "C:\Users\fs271\AppData\Local\Programs\Python\Python312\Lib\site-packages\selenium\webdriver\remote\errorhandler.py", line 232, in check_response
    raise exception_class(message, screen, stacktrace)
selenium.common.exceptions.WebDriverException: Message: unknown error: ChromeDriver only supports characters in the BMP
  (Session info: chrome=140.0.7339.208)
Stacktrace:
	GetHandleVerifier [0x0x7ff6cc891eb5+80197]
	GetHandleVerifier [0x0x7ff6cc891f10+80288]
	(No symbol) [0x0x7ff6cc6102fa]
	(No symbol) [0x0x7ff6cc6ac532]
	(No symbol) [0x0x7ff6cc6611c7]
	(No symbol) [0x0x7ff6cc660464]
	(No symbol) [0x0x7ff6cc69037a]
	(No symbol) [0x0x7ff6cc65a456]
	(No symbol) [0x0x7ff6cc690590]
	(No symbol) [0x0x7ff6cc6b87fb]
	(No symbol) [0x0x7ff6cc690153]
	(No symbol) [0x0x7ff6cc658b02]
	(No symbol) [0x0x7ff6cc6598d3]
	GetHandleVerifier [0x0x7ff6ccb4e83d+2949837]
	GetHandleVerifier [0x0x7ff6ccb48c6a+2926330]
	GetHandleVerifier [0x0x7ff6ccb686c7+3055959]
	GetHandleVerifier [0x0x7ff6cc8acfee+191102]
	GetHandleVerifier [0x0x7ff6cc8b50af+224063]
	GetHandleVerifier [0x0x7ff6cc89af64+117236]
	GetHandleVerifier [0x0x7ff6cc89b119+117673]
	GetHandleVerifier [0x0x7ff6cc8810a8+11064]
	BaseThreadInitThunk [0x0x7ffb10e6259d+29]
	RtlUserThreadStart [0x0x7ffb1190af78+40]


--------------------------------------------------------------------------------

[04/10/2025 14:17:56] ❌ Erro ao enviar pasta 'caçambas 2014-2016 melhor preço' para 🌱AGRO BR BRASIL: Message: unknown error: ChromeDriver only supports characters in the BMP
  (Session info: chrome=140.0.7339.208)
Stacktrace:
	GetHandleVerifier [0x0x7ff6cc891eb5+80197]
	GetHandleVerifier [0x0x7ff6cc891f10+80288]
	(No symbol) [0x0x7ff6cc6102fa]
	(No symbol) [0x0x7ff6cc6ac532]
	(No symbol) [0x0x7ff6cc6611c7]
	(No symbol) [0x0x7ff6cc660464]
	(No symbol) [0x0x7ff6cc69037a]
	(No symbol) [0x0x7ff6cc65a456]
	(No symbol) [0x0x7ff6cc690590]
	(No symbol) [0x0x7ff6cc6b87fb]
	(No symbol) [0x0x7ff6cc690153]
	(No symbol) [0x0x7ff6cc658b02]
	(No symbol) [0x0x7ff6cc6598d3]
	GetHandleVerifier [0x0x7ff6ccb4e83d+2949837]
	GetHandleVerifier [0x0x7ff6ccb48c6a+2926330]
	GetHandleVerifier [0x0x7ff6ccb686c7+3055959]
	GetHandleVerifier [0x0x7ff6cc8acfee+191102]
	GetHandleVerifier [0x0x7ff6cc8b50af+224063]
	GetHandleVerifier [0x0x7ff6cc89af64+117236]
	GetHandleVerifier [0x0x7ff6cc89b119+117673]
	GetHandleVerifier [0x0x7ff6cc8810a8+11064]
	BaseThreadInitThunk [0x0x7ffb10e6259d+29]
	RtlUserThreadStart [0x0x7ffb1190af78+40]

Traceback (most recent call last):
  File "D:\whatssappAuto\automatizaçãoWatts.py", line 161, in enviar_pasta_para_grupo
    search_box.send_keys(grupo)
  File "C:\Users\fs271\AppData\Local\Programs\Python\Python312\Lib\site-packages\selenium\webdriver\remote\webelement.py", line 304, in send_keys
    self._execute(
  File "C:\Users\fs271\AppData\Local\Programs\Python\Python312\Lib\site-packages\selenium\webdriver\remote\webelement.py", line 573, in _execute
    return self._parent.execute(command, params)
           ^^^^^^^^^^^^^^^^^^^^^^^^^^^^^^^^^^^^^
  File "C:\Users\fs271\AppData\Local\Programs\Python\Python312\Lib\site-packages\selenium\webdriver\remote\webdriver.py", line 454, in execute
    self.error_handler.check_response(response)
  File "C:\Users\fs271\AppData\Local\Programs\Python\Python312\Lib\site-packages\selenium\webdriver\remote\errorhandler.py", line 232, in check_response
    raise exception_class(message, screen, stacktrace)
selenium.common.exceptions.WebDriverException: Message: unknown error: ChromeDriver only supports characters in the BMP
  (Session info: chrome=140.0.7339.208)
Stacktrace:
	GetHandleVerifier [0x0x7ff6cc891eb5+80197]
	GetHandleVerifier [0x0x7ff6cc891f10+80288]
	(No symbol) [0x0x7ff6cc6102fa]
	(No symbol) [0x0x7ff6cc6ac532]
	(No symbol) [0x0x7ff6cc6611c7]
	(No symbol) [0x0x7ff6cc660464]
	(No symbol) [0x0x7ff6cc69037a]
	(No symbol) [0x0x7ff6cc65a456]
	(No symbol) [0x0x7ff6cc690590]
	(No symbol) [0x0x7ff6cc6b87fb]
	(No symbol) [0x0x7ff6cc690153]
	(No symbol) [0x0x7ff6cc658b02]
	(No symbol) [0x0x7ff6cc6598d3]
	GetHandleVerifier [0x0x7ff6ccb4e83d+2949837]
	GetHandleVerifier [0x0x7ff6ccb48c6a+2926330]
	GetHandleVerifier [0x0x7ff6ccb686c7+3055959]
	GetHandleVerifier [0x0x7ff6cc8acfee+191102]
	GetHandleVerifier [0x0x7ff6cc8b50af+224063]
	GetHandleVerifier [0x0x7ff6cc89af64+117236]
	GetHandleVerifier [0x0x7ff6cc89b119+117673]
	GetHandleVerifier [0x0x7ff6cc8810a8+11064]
	BaseThreadInitThunk [0x0x7ffb10e6259d+29]
	RtlUserThreadStart [0x0x7ffb1190af78+40]


--------------------------------------------------------------------------------

[04/10/2025 14:18:08] ❌ Erro ao enviar pasta 'caçambas 2014-2016 melhor preço' para 🌱AGRO BR BRASIL: Message: unknown error: ChromeDriver only supports characters in the BMP
  (Session info: chrome=140.0.7339.208)
Stacktrace:
	GetHandleVerifier [0x0x7ff6cc891eb5+80197]
	GetHandleVerifier [0x0x7ff6cc891f10+80288]
	(No symbol) [0x0x7ff6cc6102fa]
	(No symbol) [0x0x7ff6cc6ac532]
	(No symbol) [0x0x7ff6cc6611c7]
	(No symbol) [0x0x7ff6cc660464]
	(No symbol) [0x0x7ff6cc69037a]
	(No symbol) [0x0x7ff6cc65a456]
	(No symbol) [0x0x7ff6cc690590]
	(No symbol) [0x0x7ff6cc6b87fb]
	(No symbol) [0x0x7ff6cc690153]
	(No symbol) [0x0x7ff6cc658b02]
	(No symbol) [0x0x7ff6cc6598d3]
	GetHandleVerifier [0x0x7ff6ccb4e83d+2949837]
	GetHandleVerifier [0x0x7ff6ccb48c6a+2926330]
	GetHandleVerifier [0x0x7ff6ccb686c7+3055959]
	GetHandleVerifier [0x0x7ff6cc8acfee+191102]
	GetHandleVerifier [0x0x7ff6cc8b50af+224063]
	GetHandleVerifier [0x0x7ff6cc89af64+117236]
	GetHandleVerifier [0x0x7ff6cc89b119+117673]
	GetHandleVerifier [0x0x7ff6cc8810a8+11064]
	BaseThreadInitThunk [0x0x7ffb10e6259d+29]
	RtlUserThreadStart [0x0x7ffb1190af78+40]

Traceback (most recent call last):
  File "D:\whatssappAuto\automatizaçãoWatts.py", line 161, in enviar_pasta_para_grupo
    search_box.send_keys(grupo)
  File "C:\Users\fs271\AppData\Local\Programs\Python\Python312\Lib\site-packages\selenium\webdriver\remote\webelement.py", line 304, in send_keys
    self._execute(
  File "C:\Users\fs271\AppData\Local\Programs\Python\Python312\Lib\site-packages\selenium\webdriver\remote\webelement.py", line 573, in _execute
    return self._parent.execute(command, params)
           ^^^^^^^^^^^^^^^^^^^^^^^^^^^^^^^^^^^^^
  File "C:\Users\fs271\AppData\Local\Programs\Python\Python312\Lib\site-packages\selenium\webdriver\remote\webdriver.py", line 454, in execute
    self.error_handler.check_response(response)
  File "C:\Users\fs271\AppData\Local\Programs\Python\Python312\Lib\site-packages\selenium\webdriver\remote\errorhandler.py", line 232, in check_response
    raise exception_class(message, screen, stacktrace)
selenium.common.exceptions.WebDriverException: Message: unknown error: ChromeDriver only supports characters in the BMP
  (Session info: chrome=140.0.7339.208)
Stacktrace:
	GetHandleVerifier [0x0x7ff6cc891eb5+80197]
	GetHandleVerifier [0x0x7ff6cc891f10+80288]
	(No symbol) [0x0x7ff6cc6102fa]
	(No symbol) [0x0x7ff6cc6ac532]
	(No symbol) [0x0x7ff6cc6611c7]
	(No symbol) [0x0x7ff6cc660464]
	(No symbol) [0x0x7ff6cc69037a]
	(No symbol) [0x0x7ff6cc65a456]
	(No symbol) [0x0x7ff6cc690590]
	(No symbol) [0x0x7ff6cc6b87fb]
	(No symbol) [0x0x7ff6cc690153]
	(No symbol) [0x0x7ff6cc658b02]
	(No symbol) [0x0x7ff6cc6598d3]
	GetHandleVerifier [0x0x7ff6ccb4e83d+2949837]
	GetHandleVerifier [0x0x7ff6ccb48c6a+2926330]
	GetHandleVerifier [0x0x7ff6ccb686c7+3055959]
	GetHandleVerifier [0x0x7ff6cc8acfee+191102]
	GetHandleVerifier [0x0x7ff6cc8b50af+224063]
	GetHandleVerifier [0x0x7ff6cc89af64+117236]
	GetHandleVerifier [0x0x7ff6cc89b119+117673]
	GetHandleVerifier [0x0x7ff6cc8810a8+11064]
	BaseThreadInitThunk [0x0x7ffb10e6259d+29]
	RtlUserThreadStart [0x0x7ffb1190af78+40]


--------------------------------------------------------------------------------

[04/10/2025 14:41:28] ❌ Erro ao enviar pasta 'fh540 2014 frota 40 unidades' para Agro Brasil🌱: Message: unknown error: ChromeDriver only supports characters in the BMP
  (Session info: chrome=140.0.7339.208)
Stacktrace:
	GetHandleVerifier [0x0x7ff6cc891eb5+80197]
	GetHandleVerifier [0x0x7ff6cc891f10+80288]
	(No symbol) [0x0x7ff6cc6102fa]
	(No symbol) [0x0x7ff6cc6ac532]
	(No symbol) [0x0x7ff6cc6611c7]
	(No symbol) [0x0x7ff6cc660464]
	(No symbol) [0x0x7ff6cc69037a]
	(No symbol) [0x0x7ff6cc65a456]
	(No symbol) [0x0x7ff6cc690590]
	(No symbol) [0x0x7ff6cc6b87fb]
	(No symbol) [0x0x7ff6cc690153]
	(No symbol) [0x0x7ff6cc658b02]
	(No symbol) [0x0x7ff6cc6598d3]
	GetHandleVerifier [0x0x7ff6ccb4e83d+2949837]
	GetHandleVerifier [0x0x7ff6ccb48c6a+2926330]
	GetHandleVerifier [0x0x7ff6ccb686c7+3055959]
	GetHandleVerifier [0x0x7ff6cc8acfee+191102]
	GetHandleVerifier [0x0x7ff6cc8b50af+224063]
	GetHandleVerifier [0x0x7ff6cc89af64+117236]
	GetHandleVerifier [0x0x7ff6cc89b119+117673]
	GetHandleVerifier [0x0x7ff6cc8810a8+11064]
	BaseThreadInitThunk [0x0x7ffb10e6259d+29]
	RtlUserThreadStart [0x0x7ffb1190af78+40]

Traceback (most recent call last):
  File "D:\whatssappAuto\automatizaçãoWatts.py", line 161, in enviar_pasta_para_grupo
    search_box.send_keys(grupo)
  File "C:\Users\fs271\AppData\Local\Programs\Python\Python312\Lib\site-packages\selenium\webdriver\remote\webelement.py", line 304, in send_keys
    self._execute(
  File "C:\Users\fs271\AppData\Local\Programs\Python\Python312\Lib\site-packages\selenium\webdriver\remote\webelement.py", line 573, in _execute
    return self._parent.execute(command, params)
           ^^^^^^^^^^^^^^^^^^^^^^^^^^^^^^^^^^^^^
  File "C:\Users\fs271\AppData\Local\Programs\Python\Python312\Lib\site-packages\selenium\webdriver\remote\webdriver.py", line 454, in execute
    self.error_handler.check_response(response)
  File "C:\Users\fs271\AppData\Local\Programs\Python\Python312\Lib\site-packages\selenium\webdriver\remote\errorhandler.py", line 232, in check_response
    raise exception_class(message, screen, stacktrace)
selenium.common.exceptions.WebDriverException: Message: unknown error: ChromeDriver only supports characters in the BMP
  (Session info: chrome=140.0.7339.208)
Stacktrace:
	GetHandleVerifier [0x0x7ff6cc891eb5+80197]
	GetHandleVerifier [0x0x7ff6cc891f10+80288]
	(No symbol) [0x0x7ff6cc6102fa]
	(No symbol) [0x0x7ff6cc6ac532]
	(No symbol) [0x0x7ff6cc6611c7]
	(No symbol) [0x0x7ff6cc660464]
	(No symbol) [0x0x7ff6cc69037a]
	(No symbol) [0x0x7ff6cc65a456]
	(No symbol) [0x0x7ff6cc690590]
	(No symbol) [0x0x7ff6cc6b87fb]
	(No symbol) [0x0x7ff6cc690153]
	(No symbol) [0x0x7ff6cc658b02]
	(No symbol) [0x0x7ff6cc6598d3]
	GetHandleVerifier [0x0x7ff6ccb4e83d+2949837]
	GetHandleVerifier [0x0x7ff6ccb48c6a+2926330]
	GetHandleVerifier [0x0x7ff6ccb686c7+3055959]
	GetHandleVerifier [0x0x7ff6cc8acfee+191102]
	GetHandleVerifier [0x0x7ff6cc8b50af+224063]
	GetHandleVerifier [0x0x7ff6cc89af64+117236]
	GetHandleVerifier [0x0x7ff6cc89b119+117673]
	GetHandleVerifier [0x0x7ff6cc8810a8+11064]
	BaseThreadInitThunk [0x0x7ffb10e6259d+29]
	RtlUserThreadStart [0x0x7ffb1190af78+40]


--------------------------------------------------------------------------------

[04/10/2025 14:41:38] ❌ Erro ao enviar pasta 'fh540 2014 frota 40 unidades' para Agro Brasil🌱: Message: unknown error: ChromeDriver only supports characters in the BMP
  (Session info: chrome=140.0.7339.208)
Stacktrace:
	GetHandleVerifier [0x0x7ff6cc891eb5+80197]
	GetHandleVerifier [0x0x7ff6cc891f10+80288]
	(No symbol) [0x0x7ff6cc6102fa]
	(No symbol) [0x0x7ff6cc6ac532]
	(No symbol) [0x0x7ff6cc6611c7]
	(No symbol) [0x0x7ff6cc660464]
	(No symbol) [0x0x7ff6cc69037a]
	(No symbol) [0x0x7ff6cc65a456]
	(No symbol) [0x0x7ff6cc690590]
	(No symbol) [0x0x7ff6cc6b87fb]
	(No symbol) [0x0x7ff6cc690153]
	(No symbol) [0x0x7ff6cc658b02]
	(No symbol) [0x0x7ff6cc6598d3]
	GetHandleVerifier [0x0x7ff6ccb4e83d+2949837]
	GetHandleVerifier [0x0x7ff6ccb48c6a+2926330]
	GetHandleVerifier [0x0x7ff6ccb686c7+3055959]
	GetHandleVerifier [0x0x7ff6cc8acfee+191102]
	GetHandleVerifier [0x0x7ff6cc8b50af+224063]
	GetHandleVerifier [0x0x7ff6cc89af64+117236]
	GetHandleVerifier [0x0x7ff6cc89b119+117673]
	GetHandleVerifier [0x0x7ff6cc8810a8+11064]
	BaseThreadInitThunk [0x0x7ffb10e6259d+29]
	RtlUserThreadStart [0x0x7ffb1190af78+40]

Traceback (most recent call last):
  File "D:\whatssappAuto\automatizaçãoWatts.py", line 161, in enviar_pasta_para_grupo
    search_box.send_keys(grupo)
  File "C:\Users\fs271\AppData\Local\Programs\Python\Python312\Lib\site-packages\selenium\webdriver\remote\webelement.py", line 304, in send_keys
    self._execute(
  File "C:\Users\fs271\AppData\Local\Programs\Python\Python312\Lib\site-packages\selenium\webdriver\remote\webelement.py", line 573, in _execute
    return self._parent.execute(command, params)
           ^^^^^^^^^^^^^^^^^^^^^^^^^^^^^^^^^^^^^
  File "C:\Users\fs271\AppData\Local\Programs\Python\Python312\Lib\site-packages\selenium\webdriver\remote\webdriver.py", line 454, in execute
    self.error_handler.check_response(response)
  File "C:\Users\fs271\AppData\Local\Programs\Python\Python312\Lib\site-packages\selenium\webdriver\remote\errorhandler.py", line 232, in check_response
    raise exception_class(message, screen, stacktrace)
selenium.common.exceptions.WebDriverException: Message: unknown error: ChromeDriver only supports characters in the BMP
  (Session info: chrome=140.0.7339.208)
Stacktrace:
	GetHandleVerifier [0x0x7ff6cc891eb5+80197]
	GetHandleVerifier [0x0x7ff6cc891f10+80288]
	(No symbol) [0x0x7ff6cc6102fa]
	(No symbol) [0x0x7ff6cc6ac532]
	(No symbol) [0x0x7ff6cc6611c7]
	(No symbol) [0x0x7ff6cc660464]
	(No symbol) [0x0x7ff6cc69037a]
	(No symbol) [0x0x7ff6cc65a456]
	(No symbol) [0x0x7ff6cc690590]
	(No symbol) [0x0x7ff6cc6b87fb]
	(No symbol) [0x0x7ff6cc690153]
	(No symbol) [0x0x7ff6cc658b02]
	(No symbol) [0x0x7ff6cc6598d3]
	GetHandleVerifier [0x0x7ff6ccb4e83d+2949837]
	GetHandleVerifier [0x0x7ff6ccb48c6a+2926330]
	GetHandleVerifier [0x0x7ff6ccb686c7+3055959]
	GetHandleVerifier [0x0x7ff6cc8acfee+191102]
	GetHandleVerifier [0x0x7ff6cc8b50af+224063]
	GetHandleVerifier [0x0x7ff6cc89af64+117236]
	GetHandleVerifier [0x0x7ff6cc89b119+117673]
	GetHandleVerifier [0x0x7ff6cc8810a8+11064]
	BaseThreadInitThunk [0x0x7ffb10e6259d+29]
	RtlUserThreadStart [0x0x7ffb1190af78+40]


--------------------------------------------------------------------------------

[04/10/2025 14:41:51] ❌ Erro ao enviar pasta 'fh540 2014 frota 40 unidades' para Agro Brasil🌱: Message: unknown error: ChromeDriver only supports characters in the BMP
  (Session info: chrome=140.0.7339.208)
Stacktrace:
	GetHandleVerifier [0x0x7ff6cc891eb5+80197]
	GetHandleVerifier [0x0x7ff6cc891f10+80288]
	(No symbol) [0x0x7ff6cc6102fa]
	(No symbol) [0x0x7ff6cc6ac532]
	(No symbol) [0x0x7ff6cc6611c7]
	(No symbol) [0x0x7ff6cc660464]
	(No symbol) [0x0x7ff6cc69037a]
	(No symbol) [0x0x7ff6cc65a456]
	(No symbol) [0x0x7ff6cc690590]
	(No symbol) [0x0x7ff6cc6b87fb]
	(No symbol) [0x0x7ff6cc690153]
	(No symbol) [0x0x7ff6cc658b02]
	(No symbol) [0x0x7ff6cc6598d3]
	GetHandleVerifier [0x0x7ff6ccb4e83d+2949837]
	GetHandleVerifier [0x0x7ff6ccb48c6a+2926330]
	GetHandleVerifier [0x0x7ff6ccb686c7+3055959]
	GetHandleVerifier [0x0x7ff6cc8acfee+191102]
	GetHandleVerifier [0x0x7ff6cc8b50af+224063]
	GetHandleVerifier [0x0x7ff6cc89af64+117236]
	GetHandleVerifier [0x0x7ff6cc89b119+117673]
	GetHandleVerifier [0x0x7ff6cc8810a8+11064]
	BaseThreadInitThunk [0x0x7ffb10e6259d+29]
	RtlUserThreadStart [0x0x7ffb1190af78+40]

Traceback (most recent call last):
  File "D:\whatssappAuto\automatizaçãoWatts.py", line 161, in enviar_pasta_para_grupo
    search_box.send_keys(grupo)
  File "C:\Users\fs271\AppData\Local\Programs\Python\Python312\Lib\site-packages\selenium\webdriver\remote\webelement.py", line 304, in send_keys
    self._execute(
  File "C:\Users\fs271\AppData\Local\Programs\Python\Python312\Lib\site-packages\selenium\webdriver\remote\webelement.py", line 573, in _execute
    return self._parent.execute(command, params)
           ^^^^^^^^^^^^^^^^^^^^^^^^^^^^^^^^^^^^^
  File "C:\Users\fs271\AppData\Local\Programs\Python\Python312\Lib\site-packages\selenium\webdriver\remote\webdriver.py", line 454, in execute
    self.error_handler.check_response(response)
  File "C:\Users\fs271\AppData\Local\Programs\Python\Python312\Lib\site-packages\selenium\webdriver\remote\errorhandler.py", line 232, in check_response
    raise exception_class(message, screen, stacktrace)
selenium.common.exceptions.WebDriverException: Message: unknown error: ChromeDriver only supports characters in the BMP
  (Session info: chrome=140.0.7339.208)
Stacktrace:
	GetHandleVerifier [0x0x7ff6cc891eb5+80197]
	GetHandleVerifier [0x0x7ff6cc891f10+80288]
	(No symbol) [0x0x7ff6cc6102fa]
	(No symbol) [0x0x7ff6cc6ac532]
	(No symbol) [0x0x7ff6cc6611c7]
	(No symbol) [0x0x7ff6cc660464]
	(No symbol) [0x0x7ff6cc69037a]
	(No symbol) [0x0x7ff6cc65a456]
	(No symbol) [0x0x7ff6cc690590]
	(No symbol) [0x0x7ff6cc6b87fb]
	(No symbol) [0x0x7ff6cc690153]
	(No symbol) [0x0x7ff6cc658b02]
	(No symbol) [0x0x7ff6cc6598d3]
	GetHandleVerifier [0x0x7ff6ccb4e83d+2949837]
	GetHandleVerifier [0x0x7ff6ccb48c6a+2926330]
	GetHandleVerifier [0x0x7ff6ccb686c7+3055959]
	GetHandleVerifier [0x0x7ff6cc8acfee+191102]
	GetHandleVerifier [0x0x7ff6cc8b50af+224063]
	GetHandleVerifier [0x0x7ff6cc89af64+117236]
	GetHandleVerifier [0x0x7ff6cc89b119+117673]
	GetHandleVerifier [0x0x7ff6cc8810a8+11064]
	BaseThreadInitThunk [0x0x7ffb10e6259d+29]
	RtlUserThreadStart [0x0x7ffb1190af78+40]


--------------------------------------------------------------------------------

[04/10/2025 14:41:52] ❌ Erro ao enviar pasta 'fh540 2014 frota 40 unidades' para 🇧🇷🌱 AGRO BR BRASIL 4: Message: unknown error: ChromeDriver only supports characters in the BMP
  (Session info: chrome=140.0.7339.208)
Stacktrace:
	GetHandleVerifier [0x0x7ff6cc891eb5+80197]
	GetHandleVerifier [0x0x7ff6cc891f10+80288]
	(No symbol) [0x0x7ff6cc6102fa]
	(No symbol) [0x0x7ff6cc6ac532]
	(No symbol) [0x0x7ff6cc6611c7]
	(No symbol) [0x0x7ff6cc660464]
	(No symbol) [0x0x7ff6cc69037a]
	(No symbol) [0x0x7ff6cc65a456]
	(No symbol) [0x0x7ff6cc690590]
	(No symbol) [0x0x7ff6cc6b87fb]
	(No symbol) [0x0x7ff6cc690153]
	(No symbol) [0x0x7ff6cc658b02]
	(No symbol) [0x0x7ff6cc6598d3]
	GetHandleVerifier [0x0x7ff6ccb4e83d+2949837]
	GetHandleVerifier [0x0x7ff6ccb48c6a+2926330]
	GetHandleVerifier [0x0x7ff6ccb686c7+3055959]
	GetHandleVerifier [0x0x7ff6cc8acfee+191102]
	GetHandleVerifier [0x0x7ff6cc8b50af+224063]
	GetHandleVerifier [0x0x7ff6cc89af64+117236]
	GetHandleVerifier [0x0x7ff6cc89b119+117673]
	GetHandleVerifier [0x0x7ff6cc8810a8+11064]
	BaseThreadInitThunk [0x0x7ffb10e6259d+29]
	RtlUserThreadStart [0x0x7ffb1190af78+40]

Traceback (most recent call last):
  File "D:\whatssappAuto\automatizaçãoWatts.py", line 161, in enviar_pasta_para_grupo
    search_box.send_keys(grupo)
  File "C:\Users\fs271\AppData\Local\Programs\Python\Python312\Lib\site-packages\selenium\webdriver\remote\webelement.py", line 304, in send_keys
    self._execute(
  File "C:\Users\fs271\AppData\Local\Programs\Python\Python312\Lib\site-packages\selenium\webdriver\remote\webelement.py", line 573, in _execute
    return self._parent.execute(command, params)
           ^^^^^^^^^^^^^^^^^^^^^^^^^^^^^^^^^^^^^
  File "C:\Users\fs271\AppData\Local\Programs\Python\Python312\Lib\site-packages\selenium\webdriver\remote\webdriver.py", line 454, in execute
    self.error_handler.check_response(response)
  File "C:\Users\fs271\AppData\Local\Programs\Python\Python312\Lib\site-packages\selenium\webdriver\remote\errorhandler.py", line 232, in check_response
    raise exception_class(message, screen, stacktrace)
selenium.common.exceptions.WebDriverException: Message: unknown error: ChromeDriver only supports characters in the BMP
  (Session info: chrome=140.0.7339.208)
Stacktrace:
	GetHandleVerifier [0x0x7ff6cc891eb5+80197]
	GetHandleVerifier [0x0x7ff6cc891f10+80288]
	(No symbol) [0x0x7ff6cc6102fa]
	(No symbol) [0x0x7ff6cc6ac532]
	(No symbol) [0x0x7ff6cc6611c7]
	(No symbol) [0x0x7ff6cc660464]
	(No symbol) [0x0x7ff6cc69037a]
	(No symbol) [0x0x7ff6cc65a456]
	(No symbol) [0x0x7ff6cc690590]
	(No symbol) [0x0x7ff6cc6b87fb]
	(No symbol) [0x0x7ff6cc690153]
	(No symbol) [0x0x7ff6cc658b02]
	(No symbol) [0x0x7ff6cc6598d3]
	GetHandleVerifier [0x0x7ff6ccb4e83d+2949837]
	GetHandleVerifier [0x0x7ff6ccb48c6a+2926330]
	GetHandleVerifier [0x0x7ff6ccb686c7+3055959]
	GetHandleVerifier [0x0x7ff6cc8acfee+191102]
	GetHandleVerifier [0x0x7ff6cc8b50af+224063]
	GetHandleVerifier [0x0x7ff6cc89af64+117236]
	GetHandleVerifier [0x0x7ff6cc89b119+117673]
	GetHandleVerifier [0x0x7ff6cc8810a8+11064]
	BaseThreadInitThunk [0x0x7ffb10e6259d+29]
	RtlUserThreadStart [0x0x7ffb1190af78+40]


--------------------------------------------------------------------------------

[04/10/2025 14:42:03] ❌ Erro ao enviar pasta 'fh540 2014 frota 40 unidades' para 🇧🇷🌱 AGRO BR BRASIL 4: Message: unknown error: ChromeDriver only supports characters in the BMP
  (Session info: chrome=140.0.7339.208)
Stacktrace:
	GetHandleVerifier [0x0x7ff6cc891eb5+80197]
	GetHandleVerifier [0x0x7ff6cc891f10+80288]
	(No symbol) [0x0x7ff6cc6102fa]
	(No symbol) [0x0x7ff6cc6ac532]
	(No symbol) [0x0x7ff6cc6611c7]
	(No symbol) [0x0x7ff6cc660464]
	(No symbol) [0x0x7ff6cc69037a]
	(No symbol) [0x0x7ff6cc65a456]
	(No symbol) [0x0x7ff6cc690590]
	(No symbol) [0x0x7ff6cc6b87fb]
	(No symbol) [0x0x7ff6cc690153]
	(No symbol) [0x0x7ff6cc658b02]
	(No symbol) [0x0x7ff6cc6598d3]
	GetHandleVerifier [0x0x7ff6ccb4e83d+2949837]
	GetHandleVerifier [0x0x7ff6ccb48c6a+2926330]
	GetHandleVerifier [0x0x7ff6ccb686c7+3055959]
	GetHandleVerifier [0x0x7ff6cc8acfee+191102]
	GetHandleVerifier [0x0x7ff6cc8b50af+224063]
	GetHandleVerifier [0x0x7ff6cc89af64+117236]
	GetHandleVerifier [0x0x7ff6cc89b119+117673]
	GetHandleVerifier [0x0x7ff6cc8810a8+11064]
	BaseThreadInitThunk [0x0x7ffb10e6259d+29]
	RtlUserThreadStart [0x0x7ffb1190af78+40]

Traceback (most recent call last):
  File "D:\whatssappAuto\automatizaçãoWatts.py", line 161, in enviar_pasta_para_grupo
    search_box.send_keys(grupo)
  File "C:\Users\fs271\AppData\Local\Programs\Python\Python312\Lib\site-packages\selenium\webdriver\remote\webelement.py", line 304, in send_keys
    self._execute(
  File "C:\Users\fs271\AppData\Local\Programs\Python\Python312\Lib\site-packages\selenium\webdriver\remote\webelement.py", line 573, in _execute
    return self._parent.execute(command, params)
           ^^^^^^^^^^^^^^^^^^^^^^^^^^^^^^^^^^^^^
  File "C:\Users\fs271\AppData\Local\Programs\Python\Python312\Lib\site-packages\selenium\webdriver\remote\webdriver.py", line 454, in execute
    self.error_handler.check_response(response)
  File "C:\Users\fs271\AppData\Local\Programs\Python\Python312\Lib\site-packages\selenium\webdriver\remote\errorhandler.py", line 232, in check_response
    raise exception_class(message, screen, stacktrace)
selenium.common.exceptions.WebDriverException: Message: unknown error: ChromeDriver only supports characters in the BMP
  (Session info: chrome=140.0.7339.208)
Stacktrace:
	GetHandleVerifier [0x0x7ff6cc891eb5+80197]
	GetHandleVerifier [0x0x7ff6cc891f10+80288]
	(No symbol) [0x0x7ff6cc6102fa]
	(No symbol) [0x0x7ff6cc6ac532]
	(No symbol) [0x0x7ff6cc6611c7]
	(No symbol) [0x0x7ff6cc660464]
	(No symbol) [0x0x7ff6cc69037a]
	(No symbol) [0x0x7ff6cc65a456]
	(No symbol) [0x0x7ff6cc690590]
	(No symbol) [0x0x7ff6cc6b87fb]
	(No symbol) [0x0x7ff6cc690153]
	(No symbol) [0x0x7ff6cc658b02]
	(No symbol) [0x0x7ff6cc6598d3]
	GetHandleVerifier [0x0x7ff6ccb4e83d+2949837]
	GetHandleVerifier [0x0x7ff6ccb48c6a+2926330]
	GetHandleVerifier [0x0x7ff6ccb686c7+3055959]
	GetHandleVerifier [0x0x7ff6cc8acfee+191102]
	GetHandleVerifier [0x0x7ff6cc8b50af+224063]
	GetHandleVerifier [0x0x7ff6cc89af64+117236]
	GetHandleVerifier [0x0x7ff6cc89b119+117673]
	GetHandleVerifier [0x0x7ff6cc8810a8+11064]
	BaseThreadInitThunk [0x0x7ffb10e6259d+29]
	RtlUserThreadStart [0x0x7ffb1190af78+40]


--------------------------------------------------------------------------------

[04/10/2025 14:42:15] ❌ Erro ao enviar pasta 'fh540 2014 frota 40 unidades' para 🇧🇷🌱 AGRO BR BRASIL 4: Message: unknown error: ChromeDriver only supports characters in the BMP
  (Session info: chrome=140.0.7339.208)
Stacktrace:
	GetHandleVerifier [0x0x7ff6cc891eb5+80197]
	GetHandleVerifier [0x0x7ff6cc891f10+80288]
	(No symbol) [0x0x7ff6cc6102fa]
	(No symbol) [0x0x7ff6cc6ac532]
	(No symbol) [0x0x7ff6cc6611c7]
	(No symbol) [0x0x7ff6cc660464]
	(No symbol) [0x0x7ff6cc69037a]
	(No symbol) [0x0x7ff6cc65a456]
	(No symbol) [0x0x7ff6cc690590]
	(No symbol) [0x0x7ff6cc6b87fb]
	(No symbol) [0x0x7ff6cc690153]
	(No symbol) [0x0x7ff6cc658b02]
	(No symbol) [0x0x7ff6cc6598d3]
	GetHandleVerifier [0x0x7ff6ccb4e83d+2949837]
	GetHandleVerifier [0x0x7ff6ccb48c6a+2926330]
	GetHandleVerifier [0x0x7ff6ccb686c7+3055959]
	GetHandleVerifier [0x0x7ff6cc8acfee+191102]
	GetHandleVerifier [0x0x7ff6cc8b50af+224063]
	GetHandleVerifier [0x0x7ff6cc89af64+117236]
	GetHandleVerifier [0x0x7ff6cc89b119+117673]
	GetHandleVerifier [0x0x7ff6cc8810a8+11064]
	BaseThreadInitThunk [0x0x7ffb10e6259d+29]
	RtlUserThreadStart [0x0x7ffb1190af78+40]

Traceback (most recent call last):
  File "D:\whatssappAuto\automatizaçãoWatts.py", line 161, in enviar_pasta_para_grupo
    search_box.send_keys(grupo)
  File "C:\Users\fs271\AppData\Local\Programs\Python\Python312\Lib\site-packages\selenium\webdriver\remote\webelement.py", line 304, in send_keys
    self._execute(
  File "C:\Users\fs271\AppData\Local\Programs\Python\Python312\Lib\site-packages\selenium\webdriver\remote\webelement.py", line 573, in _execute
    return self._parent.execute(command, params)
           ^^^^^^^^^^^^^^^^^^^^^^^^^^^^^^^^^^^^^
  File "C:\Users\fs271\AppData\Local\Programs\Python\Python312\Lib\site-packages\selenium\webdriver\remote\webdriver.py", line 454, in execute
    self.error_handler.check_response(response)
  File "C:\Users\fs271\AppData\Local\Programs\Python\Python312\Lib\site-packages\selenium\webdriver\remote\errorhandler.py", line 232, in check_response
    raise exception_class(message, screen, stacktrace)
selenium.common.exceptions.WebDriverException: Message: unknown error: ChromeDriver only supports characters in the BMP
  (Session info: chrome=140.0.7339.208)
Stacktrace:
	GetHandleVerifier [0x0x7ff6cc891eb5+80197]
	GetHandleVerifier [0x0x7ff6cc891f10+80288]
	(No symbol) [0x0x7ff6cc6102fa]
	(No symbol) [0x0x7ff6cc6ac532]
	(No symbol) [0x0x7ff6cc6611c7]
	(No symbol) [0x0x7ff6cc660464]
	(No symbol) [0x0x7ff6cc69037a]
	(No symbol) [0x0x7ff6cc65a456]
	(No symbol) [0x0x7ff6cc690590]
	(No symbol) [0x0x7ff6cc6b87fb]
	(No symbol) [0x0x7ff6cc690153]
	(No symbol) [0x0x7ff6cc658b02]
	(No symbol) [0x0x7ff6cc6598d3]
	GetHandleVerifier [0x0x7ff6ccb4e83d+2949837]
	GetHandleVerifier [0x0x7ff6ccb48c6a+2926330]
	GetHandleVerifier [0x0x7ff6ccb686c7+3055959]
	GetHandleVerifier [0x0x7ff6cc8acfee+191102]
	GetHandleVerifier [0x0x7ff6cc8b50af+224063]
	GetHandleVerifier [0x0x7ff6cc89af64+117236]
	GetHandleVerifier [0x0x7ff6cc89b119+117673]
	GetHandleVerifier [0x0x7ff6cc8810a8+11064]
	BaseThreadInitThunk [0x0x7ffb10e6259d+29]
	RtlUserThreadStart [0x0x7ffb1190af78+40]


--------------------------------------------------------------------------------

[04/10/2025 14:42:17] ❌ Erro ao enviar pasta 'fh540 2014 frota 40 unidades' para 🌱AGRO BR BRASIL: Message: unknown error: ChromeDriver only supports characters in the BMP
  (Session info: chrome=140.0.7339.208)
Stacktrace:
	GetHandleVerifier [0x0x7ff6cc891eb5+80197]
	GetHandleVerifier [0x0x7ff6cc891f10+80288]
	(No symbol) [0x0x7ff6cc6102fa]
	(No symbol) [0x0x7ff6cc6ac532]
	(No symbol) [0x0x7ff6cc6611c7]
	(No symbol) [0x0x7ff6cc660464]
	(No symbol) [0x0x7ff6cc69037a]
	(No symbol) [0x0x7ff6cc65a456]
	(No symbol) [0x0x7ff6cc690590]
	(No symbol) [0x0x7ff6cc6b87fb]
	(No symbol) [0x0x7ff6cc690153]
	(No symbol) [0x0x7ff6cc658b02]
	(No symbol) [0x0x7ff6cc6598d3]
	GetHandleVerifier [0x0x7ff6ccb4e83d+2949837]
	GetHandleVerifier [0x0x7ff6ccb48c6a+2926330]
	GetHandleVerifier [0x0x7ff6ccb686c7+3055959]
	GetHandleVerifier [0x0x7ff6cc8acfee+191102]
	GetHandleVerifier [0x0x7ff6cc8b50af+224063]
	GetHandleVerifier [0x0x7ff6cc89af64+117236]
	GetHandleVerifier [0x0x7ff6cc89b119+117673]
	GetHandleVerifier [0x0x7ff6cc8810a8+11064]
	BaseThreadInitThunk [0x0x7ffb10e6259d+29]
	RtlUserThreadStart [0x0x7ffb1190af78+40]

Traceback (most recent call last):
  File "D:\whatssappAuto\automatizaçãoWatts.py", line 161, in enviar_pasta_para_grupo
    search_box.send_keys(grupo)
  File "C:\Users\fs271\AppData\Local\Programs\Python\Python312\Lib\site-packages\selenium\webdriver\remote\webelement.py", line 304, in send_keys
    self._execute(
  File "C:\Users\fs271\AppData\Local\Programs\Python\Python312\Lib\site-packages\selenium\webdriver\remote\webelement.py", line 573, in _execute
    return self._parent.execute(command, params)
           ^^^^^^^^^^^^^^^^^^^^^^^^^^^^^^^^^^^^^
  File "C:\Users\fs271\AppData\Local\Programs\Python\Python312\Lib\site-packages\selenium\webdriver\remote\webdriver.py", line 454, in execute
    self.error_handler.check_response(response)
  File "C:\Users\fs271\AppData\Local\Programs\Python\Python312\Lib\site-packages\selenium\webdriver\remote\errorhandler.py", line 232, in check_response
    raise exception_class(message, screen, stacktrace)
selenium.common.exceptions.WebDriverException: Message: unknown error: ChromeDriver only supports characters in the BMP
  (Session info: chrome=140.0.7339.208)
Stacktrace:
	GetHandleVerifier [0x0x7ff6cc891eb5+80197]
	GetHandleVerifier [0x0x7ff6cc891f10+80288]
	(No symbol) [0x0x7ff6cc6102fa]
	(No symbol) [0x0x7ff6cc6ac532]
	(No symbol) [0x0x7ff6cc6611c7]
	(No symbol) [0x0x7ff6cc660464]
	(No symbol) [0x0x7ff6cc69037a]
	(No symbol) [0x0x7ff6cc65a456]
	(No symbol) [0x0x7ff6cc690590]
	(No symbol) [0x0x7ff6cc6b87fb]
	(No symbol) [0x0x7ff6cc690153]
	(No symbol) [0x0x7ff6cc658b02]
	(No symbol) [0x0x7ff6cc6598d3]
	GetHandleVerifier [0x0x7ff6ccb4e83d+2949837]
	GetHandleVerifier [0x0x7ff6ccb48c6a+2926330]
	GetHandleVerifier [0x0x7ff6ccb686c7+3055959]
	GetHandleVerifier [0x0x7ff6cc8acfee+191102]
	GetHandleVerifier [0x0x7ff6cc8b50af+224063]
	GetHandleVerifier [0x0x7ff6cc89af64+117236]
	GetHandleVerifier [0x0x7ff6cc89b119+117673]
	GetHandleVerifier [0x0x7ff6cc8810a8+11064]
	BaseThreadInitThunk [0x0x7ffb10e6259d+29]
	RtlUserThreadStart [0x0x7ffb1190af78+40]


--------------------------------------------------------------------------------

[04/10/2025 14:42:29] ❌ Erro ao enviar pasta 'fh540 2014 frota 40 unidades' para 🌱AGRO BR BRASIL: Message: unknown error: ChromeDriver only supports characters in the BMP
  (Session info: chrome=140.0.7339.208)
Stacktrace:
	GetHandleVerifier [0x0x7ff6cc891eb5+80197]
	GetHandleVerifier [0x0x7ff6cc891f10+80288]
	(No symbol) [0x0x7ff6cc6102fa]
	(No symbol) [0x0x7ff6cc6ac532]
	(No symbol) [0x0x7ff6cc6611c7]
	(No symbol) [0x0x7ff6cc660464]
	(No symbol) [0x0x7ff6cc69037a]
	(No symbol) [0x0x7ff6cc65a456]
	(No symbol) [0x0x7ff6cc690590]
	(No symbol) [0x0x7ff6cc6b87fb]
	(No symbol) [0x0x7ff6cc690153]
	(No symbol) [0x0x7ff6cc658b02]
	(No symbol) [0x0x7ff6cc6598d3]
	GetHandleVerifier [0x0x7ff6ccb4e83d+2949837]
	GetHandleVerifier [0x0x7ff6ccb48c6a+2926330]
	GetHandleVerifier [0x0x7ff6ccb686c7+3055959]
	GetHandleVerifier [0x0x7ff6cc8acfee+191102]
	GetHandleVerifier [0x0x7ff6cc8b50af+224063]
	GetHandleVerifier [0x0x7ff6cc89af64+117236]
	GetHandleVerifier [0x0x7ff6cc89b119+117673]
	GetHandleVerifier [0x0x7ff6cc8810a8+11064]
	BaseThreadInitThunk [0x0x7ffb10e6259d+29]
	RtlUserThreadStart [0x0x7ffb1190af78+40]

Traceback (most recent call last):
  File "D:\whatssappAuto\automatizaçãoWatts.py", line 161, in enviar_pasta_para_grupo
    search_box.send_keys(grupo)
  File "C:\Users\fs271\AppData\Local\Programs\Python\Python312\Lib\site-packages\selenium\webdriver\remote\webelement.py", line 304, in send_keys
    self._execute(
  File "C:\Users\fs271\AppData\Local\Programs\Python\Python312\Lib\site-packages\selenium\webdriver\remote\webelement.py", line 573, in _execute
    return self._parent.execute(command, params)
           ^^^^^^^^^^^^^^^^^^^^^^^^^^^^^^^^^^^^^
  File "C:\Users\fs271\AppData\Local\Programs\Python\Python312\Lib\site-packages\selenium\webdriver\remote\webdriver.py", line 454, in execute
    self.error_handler.check_response(response)
  File "C:\Users\fs271\AppData\Local\Programs\Python\Python312\Lib\site-packages\selenium\webdriver\remote\errorhandler.py", line 232, in check_response
    raise exception_class(message, screen, stacktrace)
selenium.common.exceptions.WebDriverException: Message: unknown error: ChromeDriver only supports characters in the BMP
  (Session info: chrome=140.0.7339.208)
Stacktrace:
	GetHandleVerifier [0x0x7ff6cc891eb5+80197]
	GetHandleVerifier [0x0x7ff6cc891f10+80288]
	(No symbol) [0x0x7ff6cc6102fa]
	(No symbol) [0x0x7ff6cc6ac532]
	(No symbol) [0x0x7ff6cc6611c7]
	(No symbol) [0x0x7ff6cc660464]
	(No symbol) [0x0x7ff6cc69037a]
	(No symbol) [0x0x7ff6cc65a456]
	(No symbol) [0x0x7ff6cc690590]
	(No symbol) [0x0x7ff6cc6b87fb]
	(No symbol) [0x0x7ff6cc690153]
	(No symbol) [0x0x7ff6cc658b02]
	(No symbol) [0x0x7ff6cc6598d3]
	GetHandleVerifier [0x0x7ff6ccb4e83d+2949837]
	GetHandleVerifier [0x0x7ff6ccb48c6a+2926330]
	GetHandleVerifier [0x0x7ff6ccb686c7+3055959]
	GetHandleVerifier [0x0x7ff6cc8acfee+191102]
	GetHandleVerifier [0x0x7ff6cc8b50af+224063]
	GetHandleVerifier [0x0x7ff6cc89af64+117236]
	GetHandleVerifier [0x0x7ff6cc89b119+117673]
	GetHandleVerifier [0x0x7ff6cc8810a8+11064]
	BaseThreadInitThunk [0x0x7ffb10e6259d+29]
	RtlUserThreadStart [0x0x7ffb1190af78+40]


--------------------------------------------------------------------------------

[04/10/2025 14:42:40] ❌ Erro ao enviar pasta 'fh540 2014 frota 40 unidades' para 🌱AGRO BR BRASIL: Message: unknown error: ChromeDriver only supports characters in the BMP
  (Session info: chrome=140.0.7339.208)
Stacktrace:
	GetHandleVerifier [0x0x7ff6cc891eb5+80197]
	GetHandleVerifier [0x0x7ff6cc891f10+80288]
	(No symbol) [0x0x7ff6cc6102fa]
	(No symbol) [0x0x7ff6cc6ac532]
	(No symbol) [0x0x7ff6cc6611c7]
	(No symbol) [0x0x7ff6cc660464]
	(No symbol) [0x0x7ff6cc69037a]
	(No symbol) [0x0x7ff6cc65a456]
	(No symbol) [0x0x7ff6cc690590]
	(No symbol) [0x0x7ff6cc6b87fb]
	(No symbol) [0x0x7ff6cc690153]
	(No symbol) [0x0x7ff6cc658b02]
	(No symbol) [0x0x7ff6cc6598d3]
	GetHandleVerifier [0x0x7ff6ccb4e83d+2949837]
	GetHandleVerifier [0x0x7ff6ccb48c6a+2926330]
	GetHandleVerifier [0x0x7ff6ccb686c7+3055959]
	GetHandleVerifier [0x0x7ff6cc8acfee+191102]
	GetHandleVerifier [0x0x7ff6cc8b50af+224063]
	GetHandleVerifier [0x0x7ff6cc89af64+117236]
	GetHandleVerifier [0x0x7ff6cc89b119+117673]
	GetHandleVerifier [0x0x7ff6cc8810a8+11064]
	BaseThreadInitThunk [0x0x7ffb10e6259d+29]
	RtlUserThreadStart [0x0x7ffb1190af78+40]

Traceback (most recent call last):
  File "D:\whatssappAuto\automatizaçãoWatts.py", line 161, in enviar_pasta_para_grupo
    search_box.send_keys(grupo)
  File "C:\Users\fs271\AppData\Local\Programs\Python\Python312\Lib\site-packages\selenium\webdriver\remote\webelement.py", line 304, in send_keys
    self._execute(
  File "C:\Users\fs271\AppData\Local\Programs\Python\Python312\Lib\site-packages\selenium\webdriver\remote\webelement.py", line 573, in _execute
    return self._parent.execute(command, params)
           ^^^^^^^^^^^^^^^^^^^^^^^^^^^^^^^^^^^^^
  File "C:\Users\fs271\AppData\Local\Programs\Python\Python312\Lib\site-packages\selenium\webdriver\remote\webdriver.py", line 454, in execute
    self.error_handler.check_response(response)
  File "C:\Users\fs271\AppData\Local\Programs\Python\Python312\Lib\site-packages\selenium\webdriver\remote\errorhandler.py", line 232, in check_response
    raise exception_class(message, screen, stacktrace)
selenium.common.exceptions.WebDriverException: Message: unknown error: ChromeDriver only supports characters in the BMP
  (Session info: chrome=140.0.7339.208)
Stacktrace:
	GetHandleVerifier [0x0x7ff6cc891eb5+80197]
	GetHandleVerifier [0x0x7ff6cc891f10+80288]
	(No symbol) [0x0x7ff6cc6102fa]
	(No symbol) [0x0x7ff6cc6ac532]
	(No symbol) [0x0x7ff6cc6611c7]
	(No symbol) [0x0x7ff6cc660464]
	(No symbol) [0x0x7ff6cc69037a]
	(No symbol) [0x0x7ff6cc65a456]
	(No symbol) [0x0x7ff6cc690590]
	(No symbol) [0x0x7ff6cc6b87fb]
	(No symbol) [0x0x7ff6cc690153]
	(No symbol) [0x0x7ff6cc658b02]
	(No symbol) [0x0x7ff6cc6598d3]
	GetHandleVerifier [0x0x7ff6ccb4e83d+2949837]
	GetHandleVerifier [0x0x7ff6ccb48c6a+2926330]
	GetHandleVerifier [0x0x7ff6ccb686c7+3055959]
	GetHandleVerifier [0x0x7ff6cc8acfee+191102]
	GetHandleVerifier [0x0x7ff6cc8b50af+224063]
	GetHandleVerifier [0x0x7ff6cc89af64+117236]
	GetHandleVerifier [0x0x7ff6cc89b119+117673]
	GetHandleVerifier [0x0x7ff6cc8810a8+11064]
	BaseThreadInitThunk [0x0x7ffb10e6259d+29]
	RtlUserThreadStart [0x0x7ffb1190af78+40]


--------------------------------------------------------------------------------

[04/10/2025 15:06:35] ❌ Erro ao enviar pasta 'fh540 2014 frota 40 unidades' para Rw Rosnaldo Caminhoes: Message: 
Stacktrace:
	GetHandleVerifier [0x0x7ff6cc891eb5+80197]
	GetHandleVerifier [0x0x7ff6cc891f10+80288]
	(No symbol) [0x0x7ff6cc6102fa]
	(No symbol) [0x0x7ff6cc667cd7]
	(No symbol) [0x0x7ff6cc667f9c]
	(No symbol) [0x0x7ff6cc6bba87]
	(No symbol) [0x0x7ff6cc6903bf]
	(No symbol) [0x0x7ff6cc6b87fb]
	(No symbol) [0x0x7ff6cc690153]
	(No symbol) [0x0x7ff6cc658b02]
	(No symbol) [0x0x7ff6cc6598d3]
	GetHandleVerifier [0x0x7ff6ccb4e83d+2949837]
	GetHandleVerifier [0x0x7ff6ccb48c6a+2926330]
	GetHandleVerifier [0x0x7ff6ccb686c7+3055959]
	GetHandleVerifier [0x0x7ff6cc8acfee+191102]
	GetHandleVerifier [0x0x7ff6cc8b50af+224063]
	GetHandleVerifier [0x0x7ff6cc89af64+117236]
	GetHandleVerifier [0x0x7ff6cc89b119+117673]
	GetHandleVerifier [0x0x7ff6cc8810a8+11064]
	BaseThreadInitThunk [0x0x7ffb10e6259d+29]
	RtlUserThreadStart [0x0x7ffb1190af78+40]

Traceback (most recent call last):
  File "D:\whatssappAuto\automatizaçãoWatts.py", line 154, in enviar_pasta_para_grupo
    search_box = WebDriverWait(driver, TEMPO_ESPERA).until(
                 ^^^^^^^^^^^^^^^^^^^^^^^^^^^^^^^^^^^^^^^^^^
  File "C:\Users\fs271\AppData\Local\Programs\Python\Python312\Lib\site-packages\selenium\webdriver\support\wait.py", line 138, in until
    raise TimeoutException(message, screen, stacktrace)
selenium.common.exceptions.TimeoutException: Message: 
Stacktrace:
	GetHandleVerifier [0x0x7ff6cc891eb5+80197]
	GetHandleVerifier [0x0x7ff6cc891f10+80288]
	(No symbol) [0x0x7ff6cc6102fa]
	(No symbol) [0x0x7ff6cc667cd7]
	(No symbol) [0x0x7ff6cc667f9c]
	(No symbol) [0x0x7ff6cc6bba87]
	(No symbol) [0x0x7ff6cc6903bf]
	(No symbol) [0x0x7ff6cc6b87fb]
	(No symbol) [0x0x7ff6cc690153]
	(No symbol) [0x0x7ff6cc658b02]
	(No symbol) [0x0x7ff6cc6598d3]
	GetHandleVerifier [0x0x7ff6ccb4e83d+2949837]
	GetHandleVerifier [0x0x7ff6ccb48c6a+2926330]
	GetHandleVerifier [0x0x7ff6ccb686c7+3055959]
	GetHandleVerifier [0x0x7ff6cc8acfee+191102]
	GetHandleVerifier [0x0x7ff6cc8b50af+224063]
	GetHandleVerifier [0x0x7ff6cc89af64+117236]
	GetHandleVerifier [0x0x7ff6cc89b119+117673]
	GetHandleVerifier [0x0x7ff6cc8810a8+11064]
	BaseThreadInitThunk [0x0x7ffb10e6259d+29]
	RtlUserThreadStart [0x0x7ffb1190af78+40]


--------------------------------------------------------------------------------

[04/10/2025 15:07:01] ❌ Erro ao enviar pasta 'fh540 2014 frota 40 unidades' para Rw Rosnaldo Caminhoes: Message: 
Stacktrace:
	GetHandleVerifier [0x0x7ff6cc891eb5+80197]
	GetHandleVerifier [0x0x7ff6cc891f10+80288]
	(No symbol) [0x0x7ff6cc6102fa]
	(No symbol) [0x0x7ff6cc667cd7]
	(No symbol) [0x0x7ff6cc667f9c]
	(No symbol) [0x0x7ff6cc6bba87]
	(No symbol) [0x0x7ff6cc6903bf]
	(No symbol) [0x0x7ff6cc6b87fb]
	(No symbol) [0x0x7ff6cc690153]
	(No symbol) [0x0x7ff6cc658b02]
	(No symbol) [0x0x7ff6cc6598d3]
	GetHandleVerifier [0x0x7ff6ccb4e83d+2949837]
	GetHandleVerifier [0x0x7ff6ccb48c6a+2926330]
	GetHandleVerifier [0x0x7ff6ccb686c7+3055959]
	GetHandleVerifier [0x0x7ff6cc8acfee+191102]
	GetHandleVerifier [0x0x7ff6cc8b50af+224063]
	GetHandleVerifier [0x0x7ff6cc89af64+117236]
	GetHandleVerifier [0x0x7ff6cc89b119+117673]
	GetHandleVerifier [0x0x7ff6cc8810a8+11064]
	BaseThreadInitThunk [0x0x7ffb10e6259d+29]
	RtlUserThreadStart [0x0x7ffb1190af78+40]

Traceback (most recent call last):
  File "D:\whatssappAuto\automatizaçãoWatts.py", line 154, in enviar_pasta_para_grupo
    search_box = WebDriverWait(driver, TEMPO_ESPERA).until(
                 ^^^^^^^^^^^^^^^^^^^^^^^^^^^^^^^^^^^^^^^^^^
  File "C:\Users\fs271\AppData\Local\Programs\Python\Python312\Lib\site-packages\selenium\webdriver\support\wait.py", line 138, in until
    raise TimeoutException(message, screen, stacktrace)
selenium.common.exceptions.TimeoutException: Message: 
Stacktrace:
	GetHandleVerifier [0x0x7ff6cc891eb5+80197]
	GetHandleVerifier [0x0x7ff6cc891f10+80288]
	(No symbol) [0x0x7ff6cc6102fa]
	(No symbol) [0x0x7ff6cc667cd7]
	(No symbol) [0x0x7ff6cc667f9c]
	(No symbol) [0x0x7ff6cc6bba87]
	(No symbol) [0x0x7ff6cc6903bf]
	(No symbol) [0x0x7ff6cc6b87fb]
	(No symbol) [0x0x7ff6cc690153]
	(No symbol) [0x0x7ff6cc658b02]
	(No symbol) [0x0x7ff6cc6598d3]
	GetHandleVerifier [0x0x7ff6ccb4e83d+2949837]
	GetHandleVerifier [0x0x7ff6ccb48c6a+2926330]
	GetHandleVerifier [0x0x7ff6ccb686c7+3055959]
	GetHandleVerifier [0x0x7ff6cc8acfee+191102]
	GetHandleVerifier [0x0x7ff6cc8b50af+224063]
	GetHandleVerifier [0x0x7ff6cc89af64+117236]
	GetHandleVerifier [0x0x7ff6cc89b119+117673]
	GetHandleVerifier [0x0x7ff6cc8810a8+11064]
	BaseThreadInitThunk [0x0x7ffb10e6259d+29]
	RtlUserThreadStart [0x0x7ffb1190af78+40]


--------------------------------------------------------------------------------

[04/10/2025 15:07:26] ❌ Erro ao enviar pasta 'fh540 2014 frota 40 unidades' para Rw Rosnaldo Caminhoes: Message: 
Stacktrace:
	GetHandleVerifier [0x0x7ff6cc891eb5+80197]
	GetHandleVerifier [0x0x7ff6cc891f10+80288]
	(No symbol) [0x0x7ff6cc6102fa]
	(No symbol) [0x0x7ff6cc667cd7]
	(No symbol) [0x0x7ff6cc667f9c]
	(No symbol) [0x0x7ff6cc6bba87]
	(No symbol) [0x0x7ff6cc6903bf]
	(No symbol) [0x0x7ff6cc6b87fb]
	(No symbol) [0x0x7ff6cc690153]
	(No symbol) [0x0x7ff6cc658b02]
	(No symbol) [0x0x7ff6cc6598d3]
	GetHandleVerifier [0x0x7ff6ccb4e83d+2949837]
	GetHandleVerifier [0x0x7ff6ccb48c6a+2926330]
	GetHandleVerifier [0x0x7ff6ccb686c7+3055959]
	GetHandleVerifier [0x0x7ff6cc8acfee+191102]
	GetHandleVerifier [0x0x7ff6cc8b50af+224063]
	GetHandleVerifier [0x0x7ff6cc89af64+117236]
	GetHandleVerifier [0x0x7ff6cc89b119+117673]
	GetHandleVerifier [0x0x7ff6cc8810a8+11064]
	BaseThreadInitThunk [0x0x7ffb10e6259d+29]
	RtlUserThreadStart [0x0x7ffb1190af78+40]

Traceback (most recent call last):
  File "D:\whatssappAuto\automatizaçãoWatts.py", line 154, in enviar_pasta_para_grupo
    search_box = WebDriverWait(driver, TEMPO_ESPERA).until(
                 ^^^^^^^^^^^^^^^^^^^^^^^^^^^^^^^^^^^^^^^^^^
  File "C:\Users\fs271\AppData\Local\Programs\Python\Python312\Lib\site-packages\selenium\webdriver\support\wait.py", line 138, in until
    raise TimeoutException(message, screen, stacktrace)
selenium.common.exceptions.TimeoutException: Message: 
Stacktrace:
	GetHandleVerifier [0x0x7ff6cc891eb5+80197]
	GetHandleVerifier [0x0x7ff6cc891f10+80288]
	(No symbol) [0x0x7ff6cc6102fa]
	(No symbol) [0x0x7ff6cc667cd7]
	(No symbol) [0x0x7ff6cc667f9c]
	(No symbol) [0x0x7ff6cc6bba87]
	(No symbol) [0x0x7ff6cc6903bf]
	(No symbol) [0x0x7ff6cc6b87fb]
	(No symbol) [0x0x7ff6cc690153]
	(No symbol) [0x0x7ff6cc658b02]
	(No symbol) [0x0x7ff6cc6598d3]
	GetHandleVerifier [0x0x7ff6ccb4e83d+2949837]
	GetHandleVerifier [0x0x7ff6ccb48c6a+2926330]
	GetHandleVerifier [0x0x7ff6ccb686c7+3055959]
	GetHandleVerifier [0x0x7ff6cc8acfee+191102]
	GetHandleVerifier [0x0x7ff6cc8b50af+224063]
	GetHandleVerifier [0x0x7ff6cc89af64+117236]
	GetHandleVerifier [0x0x7ff6cc89b119+117673]
	GetHandleVerifier [0x0x7ff6cc8810a8+11064]
	BaseThreadInitThunk [0x0x7ffb10e6259d+29]
	RtlUserThreadStart [0x0x7ffb1190af78+40]


--------------------------------------------------------------------------------

[04/10/2025 15:07:41] ❌ Erro ao enviar pasta 'fh540 2014 frota 40 unidades' para Ivan Máquinas 2: Message: 
Stacktrace:
	GetHandleVerifier [0x0x7ff6cc891eb5+80197]
	GetHandleVerifier [0x0x7ff6cc891f10+80288]
	(No symbol) [0x0x7ff6cc6102fa]
	(No symbol) [0x0x7ff6cc667cd7]
	(No symbol) [0x0x7ff6cc667f9c]
	(No symbol) [0x0x7ff6cc6bba87]
	(No symbol) [0x0x7ff6cc6903bf]
	(No symbol) [0x0x7ff6cc6b87fb]
	(No symbol) [0x0x7ff6cc690153]
	(No symbol) [0x0x7ff6cc658b02]
	(No symbol) [0x0x7ff6cc6598d3]
	GetHandleVerifier [0x0x7ff6ccb4e83d+2949837]
	GetHandleVerifier [0x0x7ff6ccb48c6a+2926330]
	GetHandleVerifier [0x0x7ff6ccb686c7+3055959]
	GetHandleVerifier [0x0x7ff6cc8acfee+191102]
	GetHandleVerifier [0x0x7ff6cc8b50af+224063]
	GetHandleVerifier [0x0x7ff6cc89af64+117236]
	GetHandleVerifier [0x0x7ff6cc89b119+117673]
	GetHandleVerifier [0x0x7ff6cc8810a8+11064]
	BaseThreadInitThunk [0x0x7ffb10e6259d+29]
	RtlUserThreadStart [0x0x7ffb1190af78+40]

Traceback (most recent call last):
  File "D:\whatssappAuto\automatizaçãoWatts.py", line 154, in enviar_pasta_para_grupo
    search_box = WebDriverWait(driver, TEMPO_ESPERA).until(
                 ^^^^^^^^^^^^^^^^^^^^^^^^^^^^^^^^^^^^^^^^^^
  File "C:\Users\fs271\AppData\Local\Programs\Python\Python312\Lib\site-packages\selenium\webdriver\support\wait.py", line 138, in until
    raise TimeoutException(message, screen, stacktrace)
selenium.common.exceptions.TimeoutException: Message: 
Stacktrace:
	GetHandleVerifier [0x0x7ff6cc891eb5+80197]
	GetHandleVerifier [0x0x7ff6cc891f10+80288]
	(No symbol) [0x0x7ff6cc6102fa]
	(No symbol) [0x0x7ff6cc667cd7]
	(No symbol) [0x0x7ff6cc667f9c]
	(No symbol) [0x0x7ff6cc6bba87]
	(No symbol) [0x0x7ff6cc6903bf]
	(No symbol) [0x0x7ff6cc6b87fb]
	(No symbol) [0x0x7ff6cc690153]
	(No symbol) [0x0x7ff6cc658b02]
	(No symbol) [0x0x7ff6cc6598d3]
	GetHandleVerifier [0x0x7ff6ccb4e83d+2949837]
	GetHandleVerifier [0x0x7ff6ccb48c6a+2926330]
	GetHandleVerifier [0x0x7ff6ccb686c7+3055959]
	GetHandleVerifier [0x0x7ff6cc8acfee+191102]
	GetHandleVerifier [0x0x7ff6cc8b50af+224063]
	GetHandleVerifier [0x0x7ff6cc89af64+117236]
	GetHandleVerifier [0x0x7ff6cc89b119+117673]
	GetHandleVerifier [0x0x7ff6cc8810a8+11064]
	BaseThreadInitThunk [0x0x7ffb10e6259d+29]
	RtlUserThreadStart [0x0x7ffb1190af78+40]


--------------------------------------------------------------------------------

[04/10/2025 15:08:07] ❌ Erro ao enviar pasta 'fh540 2014 frota 40 unidades' para Ivan Máquinas 2: Message: 
Stacktrace:
	GetHandleVerifier [0x0x7ff6cc891eb5+80197]
	GetHandleVerifier [0x0x7ff6cc891f10+80288]
	(No symbol) [0x0x7ff6cc6102fa]
	(No symbol) [0x0x7ff6cc667cd7]
	(No symbol) [0x0x7ff6cc667f9c]
	(No symbol) [0x0x7ff6cc6bba87]
	(No symbol) [0x0x7ff6cc6903bf]
	(No symbol) [0x0x7ff6cc6b87fb]
	(No symbol) [0x0x7ff6cc690153]
	(No symbol) [0x0x7ff6cc658b02]
	(No symbol) [0x0x7ff6cc6598d3]
	GetHandleVerifier [0x0x7ff6ccb4e83d+2949837]
	GetHandleVerifier [0x0x7ff6ccb48c6a+2926330]
	GetHandleVerifier [0x0x7ff6ccb686c7+3055959]
	GetHandleVerifier [0x0x7ff6cc8acfee+191102]
	GetHandleVerifier [0x0x7ff6cc8b50af+224063]
	GetHandleVerifier [0x0x7ff6cc89af64+117236]
	GetHandleVerifier [0x0x7ff6cc89b119+117673]
	GetHandleVerifier [0x0x7ff6cc8810a8+11064]
	BaseThreadInitThunk [0x0x7ffb10e6259d+29]
	RtlUserThreadStart [0x0x7ffb1190af78+40]

Traceback (most recent call last):
  File "D:\whatssappAuto\automatizaçãoWatts.py", line 154, in enviar_pasta_para_grupo
    search_box = WebDriverWait(driver, TEMPO_ESPERA).until(
                 ^^^^^^^^^^^^^^^^^^^^^^^^^^^^^^^^^^^^^^^^^^
  File "C:\Users\fs271\AppData\Local\Programs\Python\Python312\Lib\site-packages\selenium\webdriver\support\wait.py", line 138, in until
    raise TimeoutException(message, screen, stacktrace)
selenium.common.exceptions.TimeoutException: Message: 
Stacktrace:
	GetHandleVerifier [0x0x7ff6cc891eb5+80197]
	GetHandleVerifier [0x0x7ff6cc891f10+80288]
	(No symbol) [0x0x7ff6cc6102fa]
	(No symbol) [0x0x7ff6cc667cd7]
	(No symbol) [0x0x7ff6cc667f9c]
	(No symbol) [0x0x7ff6cc6bba87]
	(No symbol) [0x0x7ff6cc6903bf]
	(No symbol) [0x0x7ff6cc6b87fb]
	(No symbol) [0x0x7ff6cc690153]
	(No symbol) [0x0x7ff6cc658b02]
	(No symbol) [0x0x7ff6cc6598d3]
	GetHandleVerifier [0x0x7ff6ccb4e83d+2949837]
	GetHandleVerifier [0x0x7ff6ccb48c6a+2926330]
	GetHandleVerifier [0x0x7ff6ccb686c7+3055959]
	GetHandleVerifier [0x0x7ff6cc8acfee+191102]
	GetHandleVerifier [0x0x7ff6cc8b50af+224063]
	GetHandleVerifier [0x0x7ff6cc89af64+117236]
	GetHandleVerifier [0x0x7ff6cc89b119+117673]
	GetHandleVerifier [0x0x7ff6cc8810a8+11064]
	BaseThreadInitThunk [0x0x7ffb10e6259d+29]
	RtlUserThreadStart [0x0x7ffb1190af78+40]


--------------------------------------------------------------------------------

[04/10/2025 15:08:32] ❌ Erro ao enviar pasta 'fh540 2014 frota 40 unidades' para Ivan Máquinas 2: Message: 
Stacktrace:
	GetHandleVerifier [0x0x7ff6cc891eb5+80197]
	GetHandleVerifier [0x0x7ff6cc891f10+80288]
	(No symbol) [0x0x7ff6cc6102fa]
	(No symbol) [0x0x7ff6cc667cd7]
	(No symbol) [0x0x7ff6cc667f9c]
	(No symbol) [0x0x7ff6cc6bba87]
	(No symbol) [0x0x7ff6cc6903bf]
	(No symbol) [0x0x7ff6cc6b87fb]
	(No symbol) [0x0x7ff6cc690153]
	(No symbol) [0x0x7ff6cc658b02]
	(No symbol) [0x0x7ff6cc6598d3]
	GetHandleVerifier [0x0x7ff6ccb4e83d+2949837]
	GetHandleVerifier [0x0x7ff6ccb48c6a+2926330]
	GetHandleVerifier [0x0x7ff6ccb686c7+3055959]
	GetHandleVerifier [0x0x7ff6cc8acfee+191102]
	GetHandleVerifier [0x0x7ff6cc8b50af+224063]
	GetHandleVerifier [0x0x7ff6cc89af64+117236]
	GetHandleVerifier [0x0x7ff6cc89b119+117673]
	GetHandleVerifier [0x0x7ff6cc8810a8+11064]
	BaseThreadInitThunk [0x0x7ffb10e6259d+29]
	RtlUserThreadStart [0x0x7ffb1190af78+40]

Traceback (most recent call last):
  File "D:\whatssappAuto\automatizaçãoWatts.py", line 154, in enviar_pasta_para_grupo
    search_box = WebDriverWait(driver, TEMPO_ESPERA).until(
                 ^^^^^^^^^^^^^^^^^^^^^^^^^^^^^^^^^^^^^^^^^^
  File "C:\Users\fs271\AppData\Local\Programs\Python\Python312\Lib\site-packages\selenium\webdriver\support\wait.py", line 138, in until
    raise TimeoutException(message, screen, stacktrace)
selenium.common.exceptions.TimeoutException: Message: 
Stacktrace:
	GetHandleVerifier [0x0x7ff6cc891eb5+80197]
	GetHandleVerifier [0x0x7ff6cc891f10+80288]
	(No symbol) [0x0x7ff6cc6102fa]
	(No symbol) [0x0x7ff6cc667cd7]
	(No symbol) [0x0x7ff6cc667f9c]
	(No symbol) [0x0x7ff6cc6bba87]
	(No symbol) [0x0x7ff6cc6903bf]
	(No symbol) [0x0x7ff6cc6b87fb]
	(No symbol) [0x0x7ff6cc690153]
	(No symbol) [0x0x7ff6cc658b02]
	(No symbol) [0x0x7ff6cc6598d3]
	GetHandleVerifier [0x0x7ff6ccb4e83d+2949837]
	GetHandleVerifier [0x0x7ff6ccb48c6a+2926330]
	GetHandleVerifier [0x0x7ff6ccb686c7+3055959]
	GetHandleVerifier [0x0x7ff6cc8acfee+191102]
	GetHandleVerifier [0x0x7ff6cc8b50af+224063]
	GetHandleVerifier [0x0x7ff6cc89af64+117236]
	GetHandleVerifier [0x0x7ff6cc89b119+117673]
	GetHandleVerifier [0x0x7ff6cc8810a8+11064]
	BaseThreadInitThunk [0x0x7ffb10e6259d+29]
	RtlUserThreadStart [0x0x7ffb1190af78+40]


--------------------------------------------------------------------------------

[04/10/2025 15:08:47] ❌ Erro ao enviar pasta 'fh540 2014 frota 40 unidades' para Diamantinoprodrural: Message: 
Stacktrace:
	GetHandleVerifier [0x0x7ff6cc891eb5+80197]
	GetHandleVerifier [0x0x7ff6cc891f10+80288]
	(No symbol) [0x0x7ff6cc6102fa]
	(No symbol) [0x0x7ff6cc667cd7]
	(No symbol) [0x0x7ff6cc667f9c]
	(No symbol) [0x0x7ff6cc6bba87]
	(No symbol) [0x0x7ff6cc6903bf]
	(No symbol) [0x0x7ff6cc6b87fb]
	(No symbol) [0x0x7ff6cc690153]
	(No symbol) [0x0x7ff6cc658b02]
	(No symbol) [0x0x7ff6cc6598d3]
	GetHandleVerifier [0x0x7ff6ccb4e83d+2949837]
	GetHandleVerifier [0x0x7ff6ccb48c6a+2926330]
	GetHandleVerifier [0x0x7ff6ccb686c7+3055959]
	GetHandleVerifier [0x0x7ff6cc8acfee+191102]
	GetHandleVerifier [0x0x7ff6cc8b50af+224063]
	GetHandleVerifier [0x0x7ff6cc89af64+117236]
	GetHandleVerifier [0x0x7ff6cc89b119+117673]
	GetHandleVerifier [0x0x7ff6cc8810a8+11064]
	BaseThreadInitThunk [0x0x7ffb10e6259d+29]
	RtlUserThreadStart [0x0x7ffb1190af78+40]

Traceback (most recent call last):
  File "D:\whatssappAuto\automatizaçãoWatts.py", line 154, in enviar_pasta_para_grupo
    search_box = WebDriverWait(driver, TEMPO_ESPERA).until(
                 ^^^^^^^^^^^^^^^^^^^^^^^^^^^^^^^^^^^^^^^^^^
  File "C:\Users\fs271\AppData\Local\Programs\Python\Python312\Lib\site-packages\selenium\webdriver\support\wait.py", line 138, in until
    raise TimeoutException(message, screen, stacktrace)
selenium.common.exceptions.TimeoutException: Message: 
Stacktrace:
	GetHandleVerifier [0x0x7ff6cc891eb5+80197]
	GetHandleVerifier [0x0x7ff6cc891f10+80288]
	(No symbol) [0x0x7ff6cc6102fa]
	(No symbol) [0x0x7ff6cc667cd7]
	(No symbol) [0x0x7ff6cc667f9c]
	(No symbol) [0x0x7ff6cc6bba87]
	(No symbol) [0x0x7ff6cc6903bf]
	(No symbol) [0x0x7ff6cc6b87fb]
	(No symbol) [0x0x7ff6cc690153]
	(No symbol) [0x0x7ff6cc658b02]
	(No symbol) [0x0x7ff6cc6598d3]
	GetHandleVerifier [0x0x7ff6ccb4e83d+2949837]
	GetHandleVerifier [0x0x7ff6ccb48c6a+2926330]
	GetHandleVerifier [0x0x7ff6ccb686c7+3055959]
	GetHandleVerifier [0x0x7ff6cc8acfee+191102]
	GetHandleVerifier [0x0x7ff6cc8b50af+224063]
	GetHandleVerifier [0x0x7ff6cc89af64+117236]
	GetHandleVerifier [0x0x7ff6cc89b119+117673]
	GetHandleVerifier [0x0x7ff6cc8810a8+11064]
	BaseThreadInitThunk [0x0x7ffb10e6259d+29]
	RtlUserThreadStart [0x0x7ffb1190af78+40]


--------------------------------------------------------------------------------

[04/10/2025 15:09:13] ❌ Erro ao enviar pasta 'fh540 2014 frota 40 unidades' para Diamantinoprodrural: Message: 
Stacktrace:
	GetHandleVerifier [0x0x7ff6cc891eb5+80197]
	GetHandleVerifier [0x0x7ff6cc891f10+80288]
	(No symbol) [0x0x7ff6cc6102fa]
	(No symbol) [0x0x7ff6cc667cd7]
	(No symbol) [0x0x7ff6cc667f9c]
	(No symbol) [0x0x7ff6cc6bba87]
	(No symbol) [0x0x7ff6cc6903bf]
	(No symbol) [0x0x7ff6cc6b87fb]
	(No symbol) [0x0x7ff6cc690153]
	(No symbol) [0x0x7ff6cc658b02]
	(No symbol) [0x0x7ff6cc6598d3]
	GetHandleVerifier [0x0x7ff6ccb4e83d+2949837]
	GetHandleVerifier [0x0x7ff6ccb48c6a+2926330]
	GetHandleVerifier [0x0x7ff6ccb686c7+3055959]
	GetHandleVerifier [0x0x7ff6cc8acfee+191102]
	GetHandleVerifier [0x0x7ff6cc8b50af+224063]
	GetHandleVerifier [0x0x7ff6cc89af64+117236]
	GetHandleVerifier [0x0x7ff6cc89b119+117673]
	GetHandleVerifier [0x0x7ff6cc8810a8+11064]
	BaseThreadInitThunk [0x0x7ffb10e6259d+29]
	RtlUserThreadStart [0x0x7ffb1190af78+40]

Traceback (most recent call last):
  File "D:\whatssappAuto\automatizaçãoWatts.py", line 154, in enviar_pasta_para_grupo
    search_box = WebDriverWait(driver, TEMPO_ESPERA).until(
                 ^^^^^^^^^^^^^^^^^^^^^^^^^^^^^^^^^^^^^^^^^^
  File "C:\Users\fs271\AppData\Local\Programs\Python\Python312\Lib\site-packages\selenium\webdriver\support\wait.py", line 138, in until
    raise TimeoutException(message, screen, stacktrace)
selenium.common.exceptions.TimeoutException: Message: 
Stacktrace:
	GetHandleVerifier [0x0x7ff6cc891eb5+80197]
	GetHandleVerifier [0x0x7ff6cc891f10+80288]
	(No symbol) [0x0x7ff6cc6102fa]
	(No symbol) [0x0x7ff6cc667cd7]
	(No symbol) [0x0x7ff6cc667f9c]
	(No symbol) [0x0x7ff6cc6bba87]
	(No symbol) [0x0x7ff6cc6903bf]
	(No symbol) [0x0x7ff6cc6b87fb]
	(No symbol) [0x0x7ff6cc690153]
	(No symbol) [0x0x7ff6cc658b02]
	(No symbol) [0x0x7ff6cc6598d3]
	GetHandleVerifier [0x0x7ff6ccb4e83d+2949837]
	GetHandleVerifier [0x0x7ff6ccb48c6a+2926330]
	GetHandleVerifier [0x0x7ff6ccb686c7+3055959]
	GetHandleVerifier [0x0x7ff6cc8acfee+191102]
	GetHandleVerifier [0x0x7ff6cc8b50af+224063]
	GetHandleVerifier [0x0x7ff6cc89af64+117236]
	GetHandleVerifier [0x0x7ff6cc89b119+117673]
	GetHandleVerifier [0x0x7ff6cc8810a8+11064]
	BaseThreadInitThunk [0x0x7ffb10e6259d+29]
	RtlUserThreadStart [0x0x7ffb1190af78+40]


--------------------------------------------------------------------------------

[04/10/2025 15:09:38] ❌ Erro ao enviar pasta 'fh540 2014 frota 40 unidades' para Diamantinoprodrural: Message: 
Stacktrace:
	GetHandleVerifier [0x0x7ff6cc891eb5+80197]
	GetHandleVerifier [0x0x7ff6cc891f10+80288]
	(No symbol) [0x0x7ff6cc6102fa]
	(No symbol) [0x0x7ff6cc667cd7]
	(No symbol) [0x0x7ff6cc667f9c]
	(No symbol) [0x0x7ff6cc6bba87]
	(No symbol) [0x0x7ff6cc6903bf]
	(No symbol) [0x0x7ff6cc6b87fb]
	(No symbol) [0x0x7ff6cc690153]
	(No symbol) [0x0x7ff6cc658b02]
	(No symbol) [0x0x7ff6cc6598d3]
	GetHandleVerifier [0x0x7ff6ccb4e83d+2949837]
	GetHandleVerifier [0x0x7ff6ccb48c6a+2926330]
	GetHandleVerifier [0x0x7ff6ccb686c7+3055959]
	GetHandleVerifier [0x0x7ff6cc8acfee+191102]
	GetHandleVerifier [0x0x7ff6cc8b50af+224063]
	GetHandleVerifier [0x0x7ff6cc89af64+117236]
	GetHandleVerifier [0x0x7ff6cc89b119+117673]
	GetHandleVerifier [0x0x7ff6cc8810a8+11064]
	BaseThreadInitThunk [0x0x7ffb10e6259d+29]
	RtlUserThreadStart [0x0x7ffb1190af78+40]

Traceback (most recent call last):
  File "D:\whatssappAuto\automatizaçãoWatts.py", line 154, in enviar_pasta_para_grupo
    search_box = WebDriverWait(driver, TEMPO_ESPERA).until(
                 ^^^^^^^^^^^^^^^^^^^^^^^^^^^^^^^^^^^^^^^^^^
  File "C:\Users\fs271\AppData\Local\Programs\Python\Python312\Lib\site-packages\selenium\webdriver\support\wait.py", line 138, in until
    raise TimeoutException(message, screen, stacktrace)
selenium.common.exceptions.TimeoutException: Message: 
Stacktrace:
	GetHandleVerifier [0x0x7ff6cc891eb5+80197]
	GetHandleVerifier [0x0x7ff6cc891f10+80288]
	(No symbol) [0x0x7ff6cc6102fa]
	(No symbol) [0x0x7ff6cc667cd7]
	(No symbol) [0x0x7ff6cc667f9c]
	(No symbol) [0x0x7ff6cc6bba87]
	(No symbol) [0x0x7ff6cc6903bf]
	(No symbol) [0x0x7ff6cc6b87fb]
	(No symbol) [0x0x7ff6cc690153]
	(No symbol) [0x0x7ff6cc658b02]
	(No symbol) [0x0x7ff6cc6598d3]
	GetHandleVerifier [0x0x7ff6ccb4e83d+2949837]
	GetHandleVerifier [0x0x7ff6ccb48c6a+2926330]
	GetHandleVerifier [0x0x7ff6ccb686c7+3055959]
	GetHandleVerifier [0x0x7ff6cc8acfee+191102]
	GetHandleVerifier [0x0x7ff6cc8b50af+224063]
	GetHandleVerifier [0x0x7ff6cc89af64+117236]
	GetHandleVerifier [0x0x7ff6cc89b119+117673]
	GetHandleVerifier [0x0x7ff6cc8810a8+11064]
	BaseThreadInitThunk [0x0x7ffb10e6259d+29]
	RtlUserThreadStart [0x0x7ffb1190af78+40]


--------------------------------------------------------------------------------

[04/10/2025 15:09:54] ❌ Erro ao enviar pasta 'fh540 2014 frota 40 unidades' para CORRETORES BILL GRUPO.: Message: 
Stacktrace:
	GetHandleVerifier [0x0x7ff6cc891eb5+80197]
	GetHandleVerifier [0x0x7ff6cc891f10+80288]
	(No symbol) [0x0x7ff6cc6102fa]
	(No symbol) [0x0x7ff6cc667cd7]
	(No symbol) [0x0x7ff6cc667f9c]
	(No symbol) [0x0x7ff6cc6bba87]
	(No symbol) [0x0x7ff6cc6903bf]
	(No symbol) [0x0x7ff6cc6b87fb]
	(No symbol) [0x0x7ff6cc690153]
	(No symbol) [0x0x7ff6cc658b02]
	(No symbol) [0x0x7ff6cc6598d3]
	GetHandleVerifier [0x0x7ff6ccb4e83d+2949837]
	GetHandleVerifier [0x0x7ff6ccb48c6a+2926330]
	GetHandleVerifier [0x0x7ff6ccb686c7+3055959]
	GetHandleVerifier [0x0x7ff6cc8acfee+191102]
	GetHandleVerifier [0x0x7ff6cc8b50af+224063]
	GetHandleVerifier [0x0x7ff6cc89af64+117236]
	GetHandleVerifier [0x0x7ff6cc89b119+117673]
	GetHandleVerifier [0x0x7ff6cc8810a8+11064]
	BaseThreadInitThunk [0x0x7ffb10e6259d+29]
	RtlUserThreadStart [0x0x7ffb1190af78+40]

Traceback (most recent call last):
  File "D:\whatssappAuto\automatizaçãoWatts.py", line 154, in enviar_pasta_para_grupo
    search_box = WebDriverWait(driver, TEMPO_ESPERA).until(
                 ^^^^^^^^^^^^^^^^^^^^^^^^^^^^^^^^^^^^^^^^^^
  File "C:\Users\fs271\AppData\Local\Programs\Python\Python312\Lib\site-packages\selenium\webdriver\support\wait.py", line 138, in until
    raise TimeoutException(message, screen, stacktrace)
selenium.common.exceptions.TimeoutException: Message: 
Stacktrace:
	GetHandleVerifier [0x0x7ff6cc891eb5+80197]
	GetHandleVerifier [0x0x7ff6cc891f10+80288]
	(No symbol) [0x0x7ff6cc6102fa]
	(No symbol) [0x0x7ff6cc667cd7]
	(No symbol) [0x0x7ff6cc667f9c]
	(No symbol) [0x0x7ff6cc6bba87]
	(No symbol) [0x0x7ff6cc6903bf]
	(No symbol) [0x0x7ff6cc6b87fb]
	(No symbol) [0x0x7ff6cc690153]
	(No symbol) [0x0x7ff6cc658b02]
	(No symbol) [0x0x7ff6cc6598d3]
	GetHandleVerifier [0x0x7ff6ccb4e83d+2949837]
	GetHandleVerifier [0x0x7ff6ccb48c6a+2926330]
	GetHandleVerifier [0x0x7ff6ccb686c7+3055959]
	GetHandleVerifier [0x0x7ff6cc8acfee+191102]
	GetHandleVerifier [0x0x7ff6cc8b50af+224063]
	GetHandleVerifier [0x0x7ff6cc89af64+117236]
	GetHandleVerifier [0x0x7ff6cc89b119+117673]
	GetHandleVerifier [0x0x7ff6cc8810a8+11064]
	BaseThreadInitThunk [0x0x7ffb10e6259d+29]
	RtlUserThreadStart [0x0x7ffb1190af78+40]


--------------------------------------------------------------------------------

[04/10/2025 15:10:19] ❌ Erro ao enviar pasta 'fh540 2014 frota 40 unidades' para CORRETORES BILL GRUPO.: Message: 
Stacktrace:
	GetHandleVerifier [0x0x7ff6cc891eb5+80197]
	GetHandleVerifier [0x0x7ff6cc891f10+80288]
	(No symbol) [0x0x7ff6cc6102fa]
	(No symbol) [0x0x7ff6cc667cd7]
	(No symbol) [0x0x7ff6cc667f9c]
	(No symbol) [0x0x7ff6cc6bba87]
	(No symbol) [0x0x7ff6cc6903bf]
	(No symbol) [0x0x7ff6cc6b87fb]
	(No symbol) [0x0x7ff6cc690153]
	(No symbol) [0x0x7ff6cc658b02]
	(No symbol) [0x0x7ff6cc6598d3]
	GetHandleVerifier [0x0x7ff6ccb4e83d+2949837]
	GetHandleVerifier [0x0x7ff6ccb48c6a+2926330]
	GetHandleVerifier [0x0x7ff6ccb686c7+3055959]
	GetHandleVerifier [0x0x7ff6cc8acfee+191102]
	GetHandleVerifier [0x0x7ff6cc8b50af+224063]
	GetHandleVerifier [0x0x7ff6cc89af64+117236]
	GetHandleVerifier [0x0x7ff6cc89b119+117673]
	GetHandleVerifier [0x0x7ff6cc8810a8+11064]
	BaseThreadInitThunk [0x0x7ffb10e6259d+29]
	RtlUserThreadStart [0x0x7ffb1190af78+40]

Traceback (most recent call last):
  File "D:\whatssappAuto\automatizaçãoWatts.py", line 154, in enviar_pasta_para_grupo
    search_box = WebDriverWait(driver, TEMPO_ESPERA).until(
                 ^^^^^^^^^^^^^^^^^^^^^^^^^^^^^^^^^^^^^^^^^^
  File "C:\Users\fs271\AppData\Local\Programs\Python\Python312\Lib\site-packages\selenium\webdriver\support\wait.py", line 138, in until
    raise TimeoutException(message, screen, stacktrace)
selenium.common.exceptions.TimeoutException: Message: 
Stacktrace:
	GetHandleVerifier [0x0x7ff6cc891eb5+80197]
	GetHandleVerifier [0x0x7ff6cc891f10+80288]
	(No symbol) [0x0x7ff6cc6102fa]
	(No symbol) [0x0x7ff6cc667cd7]
	(No symbol) [0x0x7ff6cc667f9c]
	(No symbol) [0x0x7ff6cc6bba87]
	(No symbol) [0x0x7ff6cc6903bf]
	(No symbol) [0x0x7ff6cc6b87fb]
	(No symbol) [0x0x7ff6cc690153]
	(No symbol) [0x0x7ff6cc658b02]
	(No symbol) [0x0x7ff6cc6598d3]
	GetHandleVerifier [0x0x7ff6ccb4e83d+2949837]
	GetHandleVerifier [0x0x7ff6ccb48c6a+2926330]
	GetHandleVerifier [0x0x7ff6ccb686c7+3055959]
	GetHandleVerifier [0x0x7ff6cc8acfee+191102]
	GetHandleVerifier [0x0x7ff6cc8b50af+224063]
	GetHandleVerifier [0x0x7ff6cc89af64+117236]
	GetHandleVerifier [0x0x7ff6cc89b119+117673]
	GetHandleVerifier [0x0x7ff6cc8810a8+11064]
	BaseThreadInitThunk [0x0x7ffb10e6259d+29]
	RtlUserThreadStart [0x0x7ffb1190af78+40]


--------------------------------------------------------------------------------

[04/10/2025 15:10:44] ❌ Erro ao enviar pasta 'fh540 2014 frota 40 unidades' para CORRETORES BILL GRUPO.: Message: 
Stacktrace:
	GetHandleVerifier [0x0x7ff6cc891eb5+80197]
	GetHandleVerifier [0x0x7ff6cc891f10+80288]
	(No symbol) [0x0x7ff6cc6102fa]
	(No symbol) [0x0x7ff6cc667cd7]
	(No symbol) [0x0x7ff6cc667f9c]
	(No symbol) [0x0x7ff6cc6bba87]
	(No symbol) [0x0x7ff6cc6903bf]
	(No symbol) [0x0x7ff6cc6b87fb]
	(No symbol) [0x0x7ff6cc690153]
	(No symbol) [0x0x7ff6cc658b02]
	(No symbol) [0x0x7ff6cc6598d3]
	GetHandleVerifier [0x0x7ff6ccb4e83d+2949837]
	GetHandleVerifier [0x0x7ff6ccb48c6a+2926330]
	GetHandleVerifier [0x0x7ff6ccb686c7+3055959]
	GetHandleVerifier [0x0x7ff6cc8acfee+191102]
	GetHandleVerifier [0x0x7ff6cc8b50af+224063]
	GetHandleVerifier [0x0x7ff6cc89af64+117236]
	GetHandleVerifier [0x0x7ff6cc89b119+117673]
	GetHandleVerifier [0x0x7ff6cc8810a8+11064]
	BaseThreadInitThunk [0x0x7ffb10e6259d+29]
	RtlUserThreadStart [0x0x7ffb1190af78+40]

Traceback (most recent call last):
  File "D:\whatssappAuto\automatizaçãoWatts.py", line 154, in enviar_pasta_para_grupo
    search_box = WebDriverWait(driver, TEMPO_ESPERA).until(
                 ^^^^^^^^^^^^^^^^^^^^^^^^^^^^^^^^^^^^^^^^^^
  File "C:\Users\fs271\AppData\Local\Programs\Python\Python312\Lib\site-packages\selenium\webdriver\support\wait.py", line 138, in until
    raise TimeoutException(message, screen, stacktrace)
selenium.common.exceptions.TimeoutException: Message: 
Stacktrace:
	GetHandleVerifier [0x0x7ff6cc891eb5+80197]
	GetHandleVerifier [0x0x7ff6cc891f10+80288]
	(No symbol) [0x0x7ff6cc6102fa]
	(No symbol) [0x0x7ff6cc667cd7]
	(No symbol) [0x0x7ff6cc667f9c]
	(No symbol) [0x0x7ff6cc6bba87]
	(No symbol) [0x0x7ff6cc6903bf]
	(No symbol) [0x0x7ff6cc6b87fb]
	(No symbol) [0x0x7ff6cc690153]
	(No symbol) [0x0x7ff6cc658b02]
	(No symbol) [0x0x7ff6cc6598d3]
	GetHandleVerifier [0x0x7ff6ccb4e83d+2949837]
	GetHandleVerifier [0x0x7ff6ccb48c6a+2926330]
	GetHandleVerifier [0x0x7ff6ccb686c7+3055959]
	GetHandleVerifier [0x0x7ff6cc8acfee+191102]
	GetHandleVerifier [0x0x7ff6cc8b50af+224063]
	GetHandleVerifier [0x0x7ff6cc89af64+117236]
	GetHandleVerifier [0x0x7ff6cc89b119+117673]
	GetHandleVerifier [0x0x7ff6cc8810a8+11064]
	BaseThreadInitThunk [0x0x7ffb10e6259d+29]
	RtlUserThreadStart [0x0x7ffb1190af78+40]


--------------------------------------------------------------------------------

[07/10/2025 10:48:19] ❌ Erro ao enviar pasta 'carretas vanderleia 11-12-14' para Fazenda à venda br-230: Message: invalid session id: session deleted as the browser has closed the connection
from disconnected: not connected to DevTools
  (Session info: chrome=140.0.7339.208); For documentation on this error, please visit: https://www.selenium.dev/documentation/webdriver/troubleshooting/errors#invalidsessionidexception
Stacktrace:
	GetHandleVerifier [0x0x7ff7205e1eb5+80197]
	GetHandleVerifier [0x0x7ff7205e1f10+80288]
	(No symbol) [0x0x7ff7203602fa]
	(No symbol) [0x0x7ff72034c0a5]
	(No symbol) [0x0x7ff72037144a]
	(No symbol) [0x0x7ff7203e7be6]
	(No symbol) [0x0x7ff720408132]
	(No symbol) [0x0x7ff7203e0153]
	(No symbol) [0x0x7ff7203a8b02]
	(No symbol) [0x0x7ff7203a98d3]
	GetHandleVerifier [0x0x7ff72089e83d+2949837]
	GetHandleVerifier [0x0x7ff720898c6a+2926330]
	GetHandleVerifier [0x0x7ff7208b86c7+3055959]
	GetHandleVerifier [0x0x7ff7205fcfee+191102]
	GetHandleVerifier [0x0x7ff7206050af+224063]
	GetHandleVerifier [0x0x7ff7205eaf64+117236]
	GetHandleVerifier [0x0x7ff7205eb119+117673]
	GetHandleVerifier [0x0x7ff7205d10a8+11064]
	BaseThreadInitThunk [0x0x7ffb10e6259d+29]
	RtlUserThreadStart [0x0x7ffb1190af78+40]

Traceback (most recent call last):
  File "D:\whatssappAuto\automatizaçãoWatts.py", line 101, in enviar_pasta_para_grupo
    search_box = WebDriverWait(driver, TEMPO_ESPERA).until(
                 ^^^^^^^^^^^^^^^^^^^^^^^^^^^^^^^^^^^^^^^^^^
  File "C:\Users\fs271\AppData\Local\Programs\Python\Python312\Lib\site-packages\selenium\webdriver\support\wait.py", line 129, in until
    value = method(self._driver)
            ^^^^^^^^^^^^^^^^^^^^
  File "C:\Users\fs271\AppData\Local\Programs\Python\Python312\Lib\site-packages\selenium\webdriver\support\expected_conditions.py", line 104, in _predicate
    return driver.find_element(*locator)
           ^^^^^^^^^^^^^^^^^^^^^^^^^^^^^
  File "C:\Users\fs271\AppData\Local\Programs\Python\Python312\Lib\site-packages\selenium\webdriver\remote\webdriver.py", line 922, in find_element
    return self.execute(Command.FIND_ELEMENT, {"using": by, "value": value})["value"]
           ^^^^^^^^^^^^^^^^^^^^^^^^^^^^^^^^^^^^^^^^^^^^^^^^^^^^^^^^^^^^^^^^^
  File "C:\Users\fs271\AppData\Local\Programs\Python\Python312\Lib\site-packages\selenium\webdriver\remote\webdriver.py", line 454, in execute
    self.error_handler.check_response(response)
  File "C:\Users\fs271\AppData\Local\Programs\Python\Python312\Lib\site-packages\selenium\webdriver\remote\errorhandler.py", line 232, in check_response
    raise exception_class(message, screen, stacktrace)
selenium.common.exceptions.InvalidSessionIdException: Message: invalid session id: session deleted as the browser has closed the connection
from disconnected: not connected to DevTools
  (Session info: chrome=140.0.7339.208); For documentation on this error, please visit: https://www.selenium.dev/documentation/webdriver/troubleshooting/errors#invalidsessionidexception
Stacktrace:
	GetHandleVerifier [0x0x7ff7205e1eb5+80197]
	GetHandleVerifier [0x0x7ff7205e1f10+80288]
	(No symbol) [0x0x7ff7203602fa]
	(No symbol) [0x0x7ff72034c0a5]
	(No symbol) [0x0x7ff72037144a]
	(No symbol) [0x0x7ff7203e7be6]
	(No symbol) [0x0x7ff720408132]
	(No symbol) [0x0x7ff7203e0153]
	(No symbol) [0x0x7ff7203a8b02]
	(No symbol) [0x0x7ff7203a98d3]
	GetHandleVerifier [0x0x7ff72089e83d+2949837]
	GetHandleVerifier [0x0x7ff720898c6a+2926330]
	GetHandleVerifier [0x0x7ff7208b86c7+3055959]
	GetHandleVerifier [0x0x7ff7205fcfee+191102]
	GetHandleVerifier [0x0x7ff7206050af+224063]
	GetHandleVerifier [0x0x7ff7205eaf64+117236]
	GetHandleVerifier [0x0x7ff7205eb119+117673]
	GetHandleVerifier [0x0x7ff7205d10a8+11064]
	BaseThreadInitThunk [0x0x7ffb10e6259d+29]
	RtlUserThreadStart [0x0x7ffb1190af78+40]


--------------------------------------------------------------------------------

[07/10/2025 10:48:30] ❌ Erro ao enviar pasta 'carretas vanderleia 11-12-14' para Fazenda à venda br-230: Message: invalid session id; For documentation on this error, please visit: https://www.selenium.dev/documentation/webdriver/troubleshooting/errors#invalidsessionidexception
Stacktrace:
	GetHandleVerifier [0x0x7ff7205e1eb5+80197]
	GetHandleVerifier [0x0x7ff7205e1f10+80288]
	(No symbol) [0x0x7ff72036011c]
	(No symbol) [0x0x7ff7203a7c1d]
	(No symbol) [0x0x7ff7203e0242]
	(No symbol) [0x0x7ff7203dac14]
	(No symbol) [0x0x7ff7203d9cca]
	(No symbol) [0x0x7ff72032a755]
	GetHandleVerifier [0x0x7ff72089e83d+2949837]
	GetHandleVerifier [0x0x7ff720898c6a+2926330]
	GetHandleVerifier [0x0x7ff7208b86c7+3055959]
	GetHandleVerifier [0x0x7ff7205fcfee+191102]
	GetHandleVerifier [0x0x7ff7206050af+224063]
	(No symbol) [0x0x7ff720329731]
	GetHandleVerifier [0x0x7ff7209cb568+4182008]
	BaseThreadInitThunk [0x0x7ffb10e6259d+29]
	RtlUserThreadStart [0x0x7ffb1190af78+40]

Traceback (most recent call last):
  File "D:\whatssappAuto\automatizaçãoWatts.py", line 101, in enviar_pasta_para_grupo
    search_box = WebDriverWait(driver, TEMPO_ESPERA).until(
                 ^^^^^^^^^^^^^^^^^^^^^^^^^^^^^^^^^^^^^^^^^^
  File "C:\Users\fs271\AppData\Local\Programs\Python\Python312\Lib\site-packages\selenium\webdriver\support\wait.py", line 129, in until
    value = method(self._driver)
            ^^^^^^^^^^^^^^^^^^^^
  File "C:\Users\fs271\AppData\Local\Programs\Python\Python312\Lib\site-packages\selenium\webdriver\support\expected_conditions.py", line 104, in _predicate
    return driver.find_element(*locator)
           ^^^^^^^^^^^^^^^^^^^^^^^^^^^^^
  File "C:\Users\fs271\AppData\Local\Programs\Python\Python312\Lib\site-packages\selenium\webdriver\remote\webdriver.py", line 922, in find_element
    return self.execute(Command.FIND_ELEMENT, {"using": by, "value": value})["value"]
           ^^^^^^^^^^^^^^^^^^^^^^^^^^^^^^^^^^^^^^^^^^^^^^^^^^^^^^^^^^^^^^^^^
  File "C:\Users\fs271\AppData\Local\Programs\Python\Python312\Lib\site-packages\selenium\webdriver\remote\webdriver.py", line 454, in execute
    self.error_handler.check_response(response)
  File "C:\Users\fs271\AppData\Local\Programs\Python\Python312\Lib\site-packages\selenium\webdriver\remote\errorhandler.py", line 232, in check_response
    raise exception_class(message, screen, stacktrace)
selenium.common.exceptions.InvalidSessionIdException: Message: invalid session id; For documentation on this error, please visit: https://www.selenium.dev/documentation/webdriver/troubleshooting/errors#invalidsessionidexception
Stacktrace:
	GetHandleVerifier [0x0x7ff7205e1eb5+80197]
	GetHandleVerifier [0x0x7ff7205e1f10+80288]
	(No symbol) [0x0x7ff72036011c]
	(No symbol) [0x0x7ff7203a7c1d]
	(No symbol) [0x0x7ff7203e0242]
	(No symbol) [0x0x7ff7203dac14]
	(No symbol) [0x0x7ff7203d9cca]
	(No symbol) [0x0x7ff72032a755]
	GetHandleVerifier [0x0x7ff72089e83d+2949837]
	GetHandleVerifier [0x0x7ff720898c6a+2926330]
	GetHandleVerifier [0x0x7ff7208b86c7+3055959]
	GetHandleVerifier [0x0x7ff7205fcfee+191102]
	GetHandleVerifier [0x0x7ff7206050af+224063]
	(No symbol) [0x0x7ff720329731]
	GetHandleVerifier [0x0x7ff7209cb568+4182008]
	BaseThreadInitThunk [0x0x7ffb10e6259d+29]
	RtlUserThreadStart [0x0x7ffb1190af78+40]


--------------------------------------------------------------------------------

[07/10/2025 10:48:40] ❌ Erro ao enviar pasta 'carretas vanderleia 11-12-14' para Fazenda à venda br-230: Message: invalid session id; For documentation on this error, please visit: https://www.selenium.dev/documentation/webdriver/troubleshooting/errors#invalidsessionidexception
Stacktrace:
	GetHandleVerifier [0x0x7ff7205e1eb5+80197]
	GetHandleVerifier [0x0x7ff7205e1f10+80288]
	(No symbol) [0x0x7ff72036011c]
	(No symbol) [0x0x7ff7203a7c1d]
	(No symbol) [0x0x7ff7203e0242]
	(No symbol) [0x0x7ff7203dac14]
	(No symbol) [0x0x7ff7203d9cca]
	(No symbol) [0x0x7ff72032a755]
	GetHandleVerifier [0x0x7ff72089e83d+2949837]
	GetHandleVerifier [0x0x7ff720898c6a+2926330]
	GetHandleVerifier [0x0x7ff7208b86c7+3055959]
	GetHandleVerifier [0x0x7ff7205fcfee+191102]
	GetHandleVerifier [0x0x7ff7206050af+224063]
	(No symbol) [0x0x7ff720329731]
	GetHandleVerifier [0x0x7ff7209cb568+4182008]
	BaseThreadInitThunk [0x0x7ffb10e6259d+29]
	RtlUserThreadStart [0x0x7ffb1190af78+40]

Traceback (most recent call last):
  File "D:\whatssappAuto\automatizaçãoWatts.py", line 101, in enviar_pasta_para_grupo
    search_box = WebDriverWait(driver, TEMPO_ESPERA).until(
                 ^^^^^^^^^^^^^^^^^^^^^^^^^^^^^^^^^^^^^^^^^^
  File "C:\Users\fs271\AppData\Local\Programs\Python\Python312\Lib\site-packages\selenium\webdriver\support\wait.py", line 129, in until
    value = method(self._driver)
            ^^^^^^^^^^^^^^^^^^^^
  File "C:\Users\fs271\AppData\Local\Programs\Python\Python312\Lib\site-packages\selenium\webdriver\support\expected_conditions.py", line 104, in _predicate
    return driver.find_element(*locator)
           ^^^^^^^^^^^^^^^^^^^^^^^^^^^^^
  File "C:\Users\fs271\AppData\Local\Programs\Python\Python312\Lib\site-packages\selenium\webdriver\remote\webdriver.py", line 922, in find_element
    return self.execute(Command.FIND_ELEMENT, {"using": by, "value": value})["value"]
           ^^^^^^^^^^^^^^^^^^^^^^^^^^^^^^^^^^^^^^^^^^^^^^^^^^^^^^^^^^^^^^^^^
  File "C:\Users\fs271\AppData\Local\Programs\Python\Python312\Lib\site-packages\selenium\webdriver\remote\webdriver.py", line 454, in execute
    self.error_handler.check_response(response)
  File "C:\Users\fs271\AppData\Local\Programs\Python\Python312\Lib\site-packages\selenium\webdriver\remote\errorhandler.py", line 232, in check_response
    raise exception_class(message, screen, stacktrace)
selenium.common.exceptions.InvalidSessionIdException: Message: invalid session id; For documentation on this error, please visit: https://www.selenium.dev/documentation/webdriver/troubleshooting/errors#invalidsessionidexception
Stacktrace:
	GetHandleVerifier [0x0x7ff7205e1eb5+80197]
	GetHandleVerifier [0x0x7ff7205e1f10+80288]
	(No symbol) [0x0x7ff72036011c]
	(No symbol) [0x0x7ff7203a7c1d]
	(No symbol) [0x0x7ff7203e0242]
	(No symbol) [0x0x7ff7203dac14]
	(No symbol) [0x0x7ff7203d9cca]
	(No symbol) [0x0x7ff72032a755]
	GetHandleVerifier [0x0x7ff72089e83d+2949837]
	GetHandleVerifier [0x0x7ff720898c6a+2926330]
	GetHandleVerifier [0x0x7ff7208b86c7+3055959]
	GetHandleVerifier [0x0x7ff7205fcfee+191102]
	GetHandleVerifier [0x0x7ff7206050af+224063]
	(No symbol) [0x0x7ff720329731]
	GetHandleVerifier [0x0x7ff7209cb568+4182008]
	BaseThreadInitThunk [0x0x7ffb10e6259d+29]
	RtlUserThreadStart [0x0x7ffb1190af78+40]


--------------------------------------------------------------------------------

[07/10/2025 10:48:40] ❌ Erro ao enviar pasta 'carretas vanderleia 11-12-14' para VENDAS DE FAZENDAS PELO BRASIL: Message: invalid session id; For documentation on this error, please visit: https://www.selenium.dev/documentation/webdriver/troubleshooting/errors#invalidsessionidexception
Stacktrace:
	GetHandleVerifier [0x0x7ff7205e1eb5+80197]
	GetHandleVerifier [0x0x7ff7205e1f10+80288]
	(No symbol) [0x0x7ff72036011c]
	(No symbol) [0x0x7ff7203a7c1d]
	(No symbol) [0x0x7ff7203e0242]
	(No symbol) [0x0x7ff7203dac14]
	(No symbol) [0x0x7ff7203d9cca]
	(No symbol) [0x0x7ff72032a755]
	GetHandleVerifier [0x0x7ff72089e83d+2949837]
	GetHandleVerifier [0x0x7ff720898c6a+2926330]
	GetHandleVerifier [0x0x7ff7208b86c7+3055959]
	GetHandleVerifier [0x0x7ff7205fcfee+191102]
	GetHandleVerifier [0x0x7ff7206050af+224063]
	(No symbol) [0x0x7ff720329731]
	GetHandleVerifier [0x0x7ff7209cb568+4182008]
	BaseThreadInitThunk [0x0x7ffb10e6259d+29]
	RtlUserThreadStart [0x0x7ffb1190af78+40]

Traceback (most recent call last):
  File "D:\whatssappAuto\automatizaçãoWatts.py", line 101, in enviar_pasta_para_grupo
    search_box = WebDriverWait(driver, TEMPO_ESPERA).until(
                 ^^^^^^^^^^^^^^^^^^^^^^^^^^^^^^^^^^^^^^^^^^
  File "C:\Users\fs271\AppData\Local\Programs\Python\Python312\Lib\site-packages\selenium\webdriver\support\wait.py", line 129, in until
    value = method(self._driver)
            ^^^^^^^^^^^^^^^^^^^^
  File "C:\Users\fs271\AppData\Local\Programs\Python\Python312\Lib\site-packages\selenium\webdriver\support\expected_conditions.py", line 104, in _predicate
    return driver.find_element(*locator)
           ^^^^^^^^^^^^^^^^^^^^^^^^^^^^^
  File "C:\Users\fs271\AppData\Local\Programs\Python\Python312\Lib\site-packages\selenium\webdriver\remote\webdriver.py", line 922, in find_element
    return self.execute(Command.FIND_ELEMENT, {"using": by, "value": value})["value"]
           ^^^^^^^^^^^^^^^^^^^^^^^^^^^^^^^^^^^^^^^^^^^^^^^^^^^^^^^^^^^^^^^^^
  File "C:\Users\fs271\AppData\Local\Programs\Python\Python312\Lib\site-packages\selenium\webdriver\remote\webdriver.py", line 454, in execute
    self.error_handler.check_response(response)
  File "C:\Users\fs271\AppData\Local\Programs\Python\Python312\Lib\site-packages\selenium\webdriver\remote\errorhandler.py", line 232, in check_response
    raise exception_class(message, screen, stacktrace)
selenium.common.exceptions.InvalidSessionIdException: Message: invalid session id; For documentation on this error, please visit: https://www.selenium.dev/documentation/webdriver/troubleshooting/errors#invalidsessionidexception
Stacktrace:
	GetHandleVerifier [0x0x7ff7205e1eb5+80197]
	GetHandleVerifier [0x0x7ff7205e1f10+80288]
	(No symbol) [0x0x7ff72036011c]
	(No symbol) [0x0x7ff7203a7c1d]
	(No symbol) [0x0x7ff7203e0242]
	(No symbol) [0x0x7ff7203dac14]
	(No symbol) [0x0x7ff7203d9cca]
	(No symbol) [0x0x7ff72032a755]
	GetHandleVerifier [0x0x7ff72089e83d+2949837]
	GetHandleVerifier [0x0x7ff720898c6a+2926330]
	GetHandleVerifier [0x0x7ff7208b86c7+3055959]
	GetHandleVerifier [0x0x7ff7205fcfee+191102]
	GetHandleVerifier [0x0x7ff7206050af+224063]
	(No symbol) [0x0x7ff720329731]
	GetHandleVerifier [0x0x7ff7209cb568+4182008]
	BaseThreadInitThunk [0x0x7ffb10e6259d+29]
	RtlUserThreadStart [0x0x7ffb1190af78+40]


--------------------------------------------------------------------------------

[07/10/2025 10:48:50] ❌ Erro ao enviar pasta 'carretas vanderleia 11-12-14' para VENDAS DE FAZENDAS PELO BRASIL: Message: invalid session id; For documentation on this error, please visit: https://www.selenium.dev/documentation/webdriver/troubleshooting/errors#invalidsessionidexception
Stacktrace:
	GetHandleVerifier [0x0x7ff7205e1eb5+80197]
	GetHandleVerifier [0x0x7ff7205e1f10+80288]
	(No symbol) [0x0x7ff72036011c]
	(No symbol) [0x0x7ff7203a7c1d]
	(No symbol) [0x0x7ff7203e0242]
	(No symbol) [0x0x7ff7203dac14]
	(No symbol) [0x0x7ff7203d9cca]
	(No symbol) [0x0x7ff72032a755]
	GetHandleVerifier [0x0x7ff72089e83d+2949837]
	GetHandleVerifier [0x0x7ff720898c6a+2926330]
	GetHandleVerifier [0x0x7ff7208b86c7+3055959]
	GetHandleVerifier [0x0x7ff7205fcfee+191102]
	GetHandleVerifier [0x0x7ff7206050af+224063]
	(No symbol) [0x0x7ff720329731]
	GetHandleVerifier [0x0x7ff7209cb568+4182008]
	BaseThreadInitThunk [0x0x7ffb10e6259d+29]
	RtlUserThreadStart [0x0x7ffb1190af78+40]

Traceback (most recent call last):
  File "D:\whatssappAuto\automatizaçãoWatts.py", line 101, in enviar_pasta_para_grupo
    search_box = WebDriverWait(driver, TEMPO_ESPERA).until(
                 ^^^^^^^^^^^^^^^^^^^^^^^^^^^^^^^^^^^^^^^^^^
  File "C:\Users\fs271\AppData\Local\Programs\Python\Python312\Lib\site-packages\selenium\webdriver\support\wait.py", line 129, in until
    value = method(self._driver)
            ^^^^^^^^^^^^^^^^^^^^
  File "C:\Users\fs271\AppData\Local\Programs\Python\Python312\Lib\site-packages\selenium\webdriver\support\expected_conditions.py", line 104, in _predicate
    return driver.find_element(*locator)
           ^^^^^^^^^^^^^^^^^^^^^^^^^^^^^
  File "C:\Users\fs271\AppData\Local\Programs\Python\Python312\Lib\site-packages\selenium\webdriver\remote\webdriver.py", line 922, in find_element
    return self.execute(Command.FIND_ELEMENT, {"using": by, "value": value})["value"]
           ^^^^^^^^^^^^^^^^^^^^^^^^^^^^^^^^^^^^^^^^^^^^^^^^^^^^^^^^^^^^^^^^^
  File "C:\Users\fs271\AppData\Local\Programs\Python\Python312\Lib\site-packages\selenium\webdriver\remote\webdriver.py", line 454, in execute
    self.error_handler.check_response(response)
  File "C:\Users\fs271\AppData\Local\Programs\Python\Python312\Lib\site-packages\selenium\webdriver\remote\errorhandler.py", line 232, in check_response
    raise exception_class(message, screen, stacktrace)
selenium.common.exceptions.InvalidSessionIdException: Message: invalid session id; For documentation on this error, please visit: https://www.selenium.dev/documentation/webdriver/troubleshooting/errors#invalidsessionidexception
Stacktrace:
	GetHandleVerifier [0x0x7ff7205e1eb5+80197]
	GetHandleVerifier [0x0x7ff7205e1f10+80288]
	(No symbol) [0x0x7ff72036011c]
	(No symbol) [0x0x7ff7203a7c1d]
	(No symbol) [0x0x7ff7203e0242]
	(No symbol) [0x0x7ff7203dac14]
	(No symbol) [0x0x7ff7203d9cca]
	(No symbol) [0x0x7ff72032a755]
	GetHandleVerifier [0x0x7ff72089e83d+2949837]
	GetHandleVerifier [0x0x7ff720898c6a+2926330]
	GetHandleVerifier [0x0x7ff7208b86c7+3055959]
	GetHandleVerifier [0x0x7ff7205fcfee+191102]
	GetHandleVerifier [0x0x7ff7206050af+224063]
	(No symbol) [0x0x7ff720329731]
	GetHandleVerifier [0x0x7ff7209cb568+4182008]
	BaseThreadInitThunk [0x0x7ffb10e6259d+29]
	RtlUserThreadStart [0x0x7ffb1190af78+40]


--------------------------------------------------------------------------------

[07/10/2025 10:49:00] ❌ Erro ao enviar pasta 'carretas vanderleia 11-12-14' para VENDAS DE FAZENDAS PELO BRASIL: Message: invalid session id; For documentation on this error, please visit: https://www.selenium.dev/documentation/webdriver/troubleshooting/errors#invalidsessionidexception
Stacktrace:
	GetHandleVerifier [0x0x7ff7205e1eb5+80197]
	GetHandleVerifier [0x0x7ff7205e1f10+80288]
	(No symbol) [0x0x7ff72036011c]
	(No symbol) [0x0x7ff7203a7c1d]
	(No symbol) [0x0x7ff7203e0242]
	(No symbol) [0x0x7ff7203dac14]
	(No symbol) [0x0x7ff7203d9cca]
	(No symbol) [0x0x7ff72032a755]
	GetHandleVerifier [0x0x7ff72089e83d+2949837]
	GetHandleVerifier [0x0x7ff720898c6a+2926330]
	GetHandleVerifier [0x0x7ff7208b86c7+3055959]
	GetHandleVerifier [0x0x7ff7205fcfee+191102]
	GetHandleVerifier [0x0x7ff7206050af+224063]
	(No symbol) [0x0x7ff720329731]
	GetHandleVerifier [0x0x7ff7209cb568+4182008]
	BaseThreadInitThunk [0x0x7ffb10e6259d+29]
	RtlUserThreadStart [0x0x7ffb1190af78+40]

Traceback (most recent call last):
  File "D:\whatssappAuto\automatizaçãoWatts.py", line 101, in enviar_pasta_para_grupo
    search_box = WebDriverWait(driver, TEMPO_ESPERA).until(
                 ^^^^^^^^^^^^^^^^^^^^^^^^^^^^^^^^^^^^^^^^^^
  File "C:\Users\fs271\AppData\Local\Programs\Python\Python312\Lib\site-packages\selenium\webdriver\support\wait.py", line 129, in until
    value = method(self._driver)
            ^^^^^^^^^^^^^^^^^^^^
  File "C:\Users\fs271\AppData\Local\Programs\Python\Python312\Lib\site-packages\selenium\webdriver\support\expected_conditions.py", line 104, in _predicate
    return driver.find_element(*locator)
           ^^^^^^^^^^^^^^^^^^^^^^^^^^^^^
  File "C:\Users\fs271\AppData\Local\Programs\Python\Python312\Lib\site-packages\selenium\webdriver\remote\webdriver.py", line 922, in find_element
    return self.execute(Command.FIND_ELEMENT, {"using": by, "value": value})["value"]
           ^^^^^^^^^^^^^^^^^^^^^^^^^^^^^^^^^^^^^^^^^^^^^^^^^^^^^^^^^^^^^^^^^
  File "C:\Users\fs271\AppData\Local\Programs\Python\Python312\Lib\site-packages\selenium\webdriver\remote\webdriver.py", line 454, in execute
    self.error_handler.check_response(response)
  File "C:\Users\fs271\AppData\Local\Programs\Python\Python312\Lib\site-packages\selenium\webdriver\remote\errorhandler.py", line 232, in check_response
    raise exception_class(message, screen, stacktrace)
selenium.common.exceptions.InvalidSessionIdException: Message: invalid session id; For documentation on this error, please visit: https://www.selenium.dev/documentation/webdriver/troubleshooting/errors#invalidsessionidexception
Stacktrace:
	GetHandleVerifier [0x0x7ff7205e1eb5+80197]
	GetHandleVerifier [0x0x7ff7205e1f10+80288]
	(No symbol) [0x0x7ff72036011c]
	(No symbol) [0x0x7ff7203a7c1d]
	(No symbol) [0x0x7ff7203e0242]
	(No symbol) [0x0x7ff7203dac14]
	(No symbol) [0x0x7ff7203d9cca]
	(No symbol) [0x0x7ff72032a755]
	GetHandleVerifier [0x0x7ff72089e83d+2949837]
	GetHandleVerifier [0x0x7ff720898c6a+2926330]
	GetHandleVerifier [0x0x7ff7208b86c7+3055959]
	GetHandleVerifier [0x0x7ff7205fcfee+191102]
	GetHandleVerifier [0x0x7ff7206050af+224063]
	(No symbol) [0x0x7ff720329731]
	GetHandleVerifier [0x0x7ff7209cb568+4182008]
	BaseThreadInitThunk [0x0x7ffb10e6259d+29]
	RtlUserThreadStart [0x0x7ffb1190af78+40]


--------------------------------------------------------------------------------

[07/10/2025 10:49:00] ❌ Erro ao enviar pasta 'carretas vanderleia 11-12-14' para Fazendas valdirfreitas345: Message: invalid session id; For documentation on this error, please visit: https://www.selenium.dev/documentation/webdriver/troubleshooting/errors#invalidsessionidexception
Stacktrace:
	GetHandleVerifier [0x0x7ff7205e1eb5+80197]
	GetHandleVerifier [0x0x7ff7205e1f10+80288]
	(No symbol) [0x0x7ff72036011c]
	(No symbol) [0x0x7ff7203a7c1d]
	(No symbol) [0x0x7ff7203e0242]
	(No symbol) [0x0x7ff7203dac14]
	(No symbol) [0x0x7ff7203d9cca]
	(No symbol) [0x0x7ff72032a755]
	GetHandleVerifier [0x0x7ff72089e83d+2949837]
	GetHandleVerifier [0x0x7ff720898c6a+2926330]
	GetHandleVerifier [0x0x7ff7208b86c7+3055959]
	GetHandleVerifier [0x0x7ff7205fcfee+191102]
	GetHandleVerifier [0x0x7ff7206050af+224063]
	(No symbol) [0x0x7ff720329731]
	GetHandleVerifier [0x0x7ff7209cb568+4182008]
	BaseThreadInitThunk [0x0x7ffb10e6259d+29]
	RtlUserThreadStart [0x0x7ffb1190af78+40]

Traceback (most recent call last):
  File "D:\whatssappAuto\automatizaçãoWatts.py", line 101, in enviar_pasta_para_grupo
    search_box = WebDriverWait(driver, TEMPO_ESPERA).until(
                 ^^^^^^^^^^^^^^^^^^^^^^^^^^^^^^^^^^^^^^^^^^
  File "C:\Users\fs271\AppData\Local\Programs\Python\Python312\Lib\site-packages\selenium\webdriver\support\wait.py", line 129, in until
    value = method(self._driver)
            ^^^^^^^^^^^^^^^^^^^^
  File "C:\Users\fs271\AppData\Local\Programs\Python\Python312\Lib\site-packages\selenium\webdriver\support\expected_conditions.py", line 104, in _predicate
    return driver.find_element(*locator)
           ^^^^^^^^^^^^^^^^^^^^^^^^^^^^^
  File "C:\Users\fs271\AppData\Local\Programs\Python\Python312\Lib\site-packages\selenium\webdriver\remote\webdriver.py", line 922, in find_element
    return self.execute(Command.FIND_ELEMENT, {"using": by, "value": value})["value"]
           ^^^^^^^^^^^^^^^^^^^^^^^^^^^^^^^^^^^^^^^^^^^^^^^^^^^^^^^^^^^^^^^^^
  File "C:\Users\fs271\AppData\Local\Programs\Python\Python312\Lib\site-packages\selenium\webdriver\remote\webdriver.py", line 454, in execute
    self.error_handler.check_response(response)
  File "C:\Users\fs271\AppData\Local\Programs\Python\Python312\Lib\site-packages\selenium\webdriver\remote\errorhandler.py", line 232, in check_response
    raise exception_class(message, screen, stacktrace)
selenium.common.exceptions.InvalidSessionIdException: Message: invalid session id; For documentation on this error, please visit: https://www.selenium.dev/documentation/webdriver/troubleshooting/errors#invalidsessionidexception
Stacktrace:
	GetHandleVerifier [0x0x7ff7205e1eb5+80197]
	GetHandleVerifier [0x0x7ff7205e1f10+80288]
	(No symbol) [0x0x7ff72036011c]
	(No symbol) [0x0x7ff7203a7c1d]
	(No symbol) [0x0x7ff7203e0242]
	(No symbol) [0x0x7ff7203dac14]
	(No symbol) [0x0x7ff7203d9cca]
	(No symbol) [0x0x7ff72032a755]
	GetHandleVerifier [0x0x7ff72089e83d+2949837]
	GetHandleVerifier [0x0x7ff720898c6a+2926330]
	GetHandleVerifier [0x0x7ff7208b86c7+3055959]
	GetHandleVerifier [0x0x7ff7205fcfee+191102]
	GetHandleVerifier [0x0x7ff7206050af+224063]
	(No symbol) [0x0x7ff720329731]
	GetHandleVerifier [0x0x7ff7209cb568+4182008]
	BaseThreadInitThunk [0x0x7ffb10e6259d+29]
	RtlUserThreadStart [0x0x7ffb1190af78+40]


--------------------------------------------------------------------------------

[07/10/2025 10:49:10] ❌ Erro ao enviar pasta 'carretas vanderleia 11-12-14' para Fazendas valdirfreitas345: Message: invalid session id; For documentation on this error, please visit: https://www.selenium.dev/documentation/webdriver/troubleshooting/errors#invalidsessionidexception
Stacktrace:
	GetHandleVerifier [0x0x7ff7205e1eb5+80197]
	GetHandleVerifier [0x0x7ff7205e1f10+80288]
	(No symbol) [0x0x7ff72036011c]
	(No symbol) [0x0x7ff7203a7c1d]
	(No symbol) [0x0x7ff7203e0242]
	(No symbol) [0x0x7ff7203dac14]
	(No symbol) [0x0x7ff7203d9cca]
	(No symbol) [0x0x7ff72032a755]
	GetHandleVerifier [0x0x7ff72089e83d+2949837]
	GetHandleVerifier [0x0x7ff720898c6a+2926330]
	GetHandleVerifier [0x0x7ff7208b86c7+3055959]
	GetHandleVerifier [0x0x7ff7205fcfee+191102]
	GetHandleVerifier [0x0x7ff7206050af+224063]
	(No symbol) [0x0x7ff720329731]
	GetHandleVerifier [0x0x7ff7209cb568+4182008]
	BaseThreadInitThunk [0x0x7ffb10e6259d+29]
	RtlUserThreadStart [0x0x7ffb1190af78+40]

Traceback (most recent call last):
  File "D:\whatssappAuto\automatizaçãoWatts.py", line 101, in enviar_pasta_para_grupo
    search_box = WebDriverWait(driver, TEMPO_ESPERA).until(
                 ^^^^^^^^^^^^^^^^^^^^^^^^^^^^^^^^^^^^^^^^^^
  File "C:\Users\fs271\AppData\Local\Programs\Python\Python312\Lib\site-packages\selenium\webdriver\support\wait.py", line 129, in until
    value = method(self._driver)
            ^^^^^^^^^^^^^^^^^^^^
  File "C:\Users\fs271\AppData\Local\Programs\Python\Python312\Lib\site-packages\selenium\webdriver\support\expected_conditions.py", line 104, in _predicate
    return driver.find_element(*locator)
           ^^^^^^^^^^^^^^^^^^^^^^^^^^^^^
  File "C:\Users\fs271\AppData\Local\Programs\Python\Python312\Lib\site-packages\selenium\webdriver\remote\webdriver.py", line 922, in find_element
    return self.execute(Command.FIND_ELEMENT, {"using": by, "value": value})["value"]
           ^^^^^^^^^^^^^^^^^^^^^^^^^^^^^^^^^^^^^^^^^^^^^^^^^^^^^^^^^^^^^^^^^
  File "C:\Users\fs271\AppData\Local\Programs\Python\Python312\Lib\site-packages\selenium\webdriver\remote\webdriver.py", line 454, in execute
    self.error_handler.check_response(response)
  File "C:\Users\fs271\AppData\Local\Programs\Python\Python312\Lib\site-packages\selenium\webdriver\remote\errorhandler.py", line 232, in check_response
    raise exception_class(message, screen, stacktrace)
selenium.common.exceptions.InvalidSessionIdException: Message: invalid session id; For documentation on this error, please visit: https://www.selenium.dev/documentation/webdriver/troubleshooting/errors#invalidsessionidexception
Stacktrace:
	GetHandleVerifier [0x0x7ff7205e1eb5+80197]
	GetHandleVerifier [0x0x7ff7205e1f10+80288]
	(No symbol) [0x0x7ff72036011c]
	(No symbol) [0x0x7ff7203a7c1d]
	(No symbol) [0x0x7ff7203e0242]
	(No symbol) [0x0x7ff7203dac14]
	(No symbol) [0x0x7ff7203d9cca]
	(No symbol) [0x0x7ff72032a755]
	GetHandleVerifier [0x0x7ff72089e83d+2949837]
	GetHandleVerifier [0x0x7ff720898c6a+2926330]
	GetHandleVerifier [0x0x7ff7208b86c7+3055959]
	GetHandleVerifier [0x0x7ff7205fcfee+191102]
	GetHandleVerifier [0x0x7ff7206050af+224063]
	(No symbol) [0x0x7ff720329731]
	GetHandleVerifier [0x0x7ff7209cb568+4182008]
	BaseThreadInitThunk [0x0x7ffb10e6259d+29]
	RtlUserThreadStart [0x0x7ffb1190af78+40]


--------------------------------------------------------------------------------

[29/10/2025 07:23:38] ❌ Erro ao enviar pasta 'carretas vanderleia 11-12-14 preço a partit de 65.000' para CORRETORES BILL GRUPO.: Message: invalid session id; For documentation on this error, please visit: https://www.selenium.dev/documentation/webdriver/troubleshooting/errors#invalidsessionidexception
Stacktrace:
	GetHandleVerifier [0x0x7ff776b7e8e5+80021]
	GetHandleVerifier [0x0x7ff776b7e940+80112]
	(No symbol) [0x0x7ff776900425]
	(No symbol) [0x0x7ff77694864f]
	(No symbol) [0x0x7ff7769810f2]
	(No symbol) [0x0x7ff77697b89f]
	(No symbol) [0x0x7ff77697a94a]
	(No symbol) [0x0x7ff7768ca765]
	GetHandleVerifier [0x0x7ff776e3dc7d+2960429]
	GetHandleVerifier [0x0x7ff776e37f3a+2936554]
	GetHandleVerifier [0x0x7ff776e58977+3070247]
	GetHandleVerifier [0x0x7ff776b983ce+185214]
	GetHandleVerifier [0x0x7ff776b9fe1f+216527]
	(No symbol) [0x0x7ff7768c970e]
	GetHandleVerifier [0x0x7ff776f76a68+4241944]
	BaseThreadInitThunk [0x0x7ffe5d4f259d+29]
	RtlUserThreadStart [0x0x7ffe5eaeaf78+40]

Traceback (most recent call last):
  File "D:\whatssappAuto\automatizaçãoWatts.py", line 122, in enviar_pasta_para_grupo
    grupo_result.click()
  File "C:\Users\fs271\AppData\Local\Programs\Python\Python312\Lib\site-packages\selenium\webdriver\remote\webelement.py", line 120, in click
    self._execute(Command.CLICK_ELEMENT)
  File "C:\Users\fs271\AppData\Local\Programs\Python\Python312\Lib\site-packages\selenium\webdriver\remote\webelement.py", line 573, in _execute
    return self._parent.execute(command, params)
           ^^^^^^^^^^^^^^^^^^^^^^^^^^^^^^^^^^^^^
  File "C:\Users\fs271\AppData\Local\Programs\Python\Python312\Lib\site-packages\selenium\webdriver\remote\webdriver.py", line 454, in execute
    self.error_handler.check_response(response)
  File "C:\Users\fs271\AppData\Local\Programs\Python\Python312\Lib\site-packages\selenium\webdriver\remote\errorhandler.py", line 232, in check_response
    raise exception_class(message, screen, stacktrace)
selenium.common.exceptions.InvalidSessionIdException: Message: invalid session id: session deleted as the browser has closed the connection
from disconnected: Unable to receive message from renderer
  (Session info: chrome=141.0.7390.123); For documentation on this error, please visit: https://www.selenium.dev/documentation/webdriver/troubleshooting/errors#invalidsessionidexception
Stacktrace:
	GetHandleVerifier [0x0x7ff776b7e8e5+80021]
	GetHandleVerifier [0x0x7ff776b7e940+80112]
	(No symbol) [0x0x7ff77690060f]
	(No symbol) [0x0x7ff7768ed82f]
	(No symbol) [0x0x7ff7768ed51d]
	(No symbol) [0x0x7ff7768eb08c]
	(No symbol) [0x0x7ff7768ebb0b]
	(No symbol) [0x0x7ff776907b2d]
	(No symbol) [0x0x7ff77690b26f]
	(No symbol) [0x0x7ff77690b32f]
	(No symbol) [0x0x7ff77695ae5d]
	(No symbol) [0x0x7ff776959f60]
	(No symbol) [0x0x7ff77694bb6c]
	(No symbol) [0x0x7ff77698122a]
	(No symbol) [0x0x7ff77694b056]
	(No symbol) [0x0x7ff776981440]
	(No symbol) [0x0x7ff7769a968a]
	(No symbol) [0x0x7ff776981003]
	(No symbol) [0x0x7ff7769495d1]
	(No symbol) [0x0x7ff77694a3f3]
	GetHandleVerifier [0x0x7ff776e3dc7d+2960429]
	GetHandleVerifier [0x0x7ff776e37f3a+2936554]
	GetHandleVerifier [0x0x7ff776e58977+3070247]
	GetHandleVerifier [0x0x7ff776b983ce+185214]
	GetHandleVerifier [0x0x7ff776b9fe1f+216527]
	GetHandleVerifier [0x0x7ff776b87b24+117460]
	GetHandleVerifier [0x0x7ff776b87cdf+117903]
	GetHandleVerifier [0x0x7ff776b6dbb8+11112]
	BaseThreadInitThunk [0x0x7ffe5d4f259d+29]
	RtlUserThreadStart [0x0x7ffe5eaeaf78+40]


During handling of the above exception, another exception occurred:

Traceback (most recent call last):
  File "D:\whatssappAuto\automatizaçãoWatts.py", line 125, in enviar_pasta_para_grupo
    search_box = WebDriverWait(driver, TEMPO_ESPERA).until(
                 ^^^^^^^^^^^^^^^^^^^^^^^^^^^^^^^^^^^^^^^^^^
  File "C:\Users\fs271\AppData\Local\Programs\Python\Python312\Lib\site-packages\selenium\webdriver\support\wait.py", line 129, in until
    value = method(self._driver)
            ^^^^^^^^^^^^^^^^^^^^
  File "C:\Users\fs271\AppData\Local\Programs\Python\Python312\Lib\site-packages\selenium\webdriver\support\expected_conditions.py", line 104, in _predicate
    return driver.find_element(*locator)
           ^^^^^^^^^^^^^^^^^^^^^^^^^^^^^
  File "C:\Users\fs271\AppData\Local\Programs\Python\Python312\Lib\site-packages\selenium\webdriver\remote\webdriver.py", line 922, in find_element
    return self.execute(Command.FIND_ELEMENT, {"using": by, "value": value})["value"]
           ^^^^^^^^^^^^^^^^^^^^^^^^^^^^^^^^^^^^^^^^^^^^^^^^^^^^^^^^^^^^^^^^^
  File "C:\Users\fs271\AppData\Local\Programs\Python\Python312\Lib\site-packages\selenium\webdriver\remote\webdriver.py", line 454, in execute
    self.error_handler.check_response(response)
  File "C:\Users\fs271\AppData\Local\Programs\Python\Python312\Lib\site-packages\selenium\webdriver\remote\errorhandler.py", line 232, in check_response
    raise exception_class(message, screen, stacktrace)
selenium.common.exceptions.InvalidSessionIdException: Message: invalid session id; For documentation on this error, please visit: https://www.selenium.dev/documentation/webdriver/troubleshooting/errors#invalidsessionidexception
Stacktrace:
	GetHandleVerifier [0x0x7ff776b7e8e5+80021]
	GetHandleVerifier [0x0x7ff776b7e940+80112]
	(No symbol) [0x0x7ff776900425]
	(No symbol) [0x0x7ff77694864f]
	(No symbol) [0x0x7ff7769810f2]
	(No symbol) [0x0x7ff77697b89f]
	(No symbol) [0x0x7ff77697a94a]
	(No symbol) [0x0x7ff7768ca765]
	GetHandleVerifier [0x0x7ff776e3dc7d+2960429]
	GetHandleVerifier [0x0x7ff776e37f3a+2936554]
	GetHandleVerifier [0x0x7ff776e58977+3070247]
	GetHandleVerifier [0x0x7ff776b983ce+185214]
	GetHandleVerifier [0x0x7ff776b9fe1f+216527]
	(No symbol) [0x0x7ff7768c970e]
	GetHandleVerifier [0x0x7ff776f76a68+4241944]
	BaseThreadInitThunk [0x0x7ffe5d4f259d+29]
	RtlUserThreadStart [0x0x7ffe5eaeaf78+40]


--------------------------------------------------------------------------------

[29/10/2025 07:24:36] ❌ Erro ao enviar pasta 'carretas vanderleia 11-12-14 preço a partit de 65.000' para CORRETORES BILL GRUPO.: Message: invalid session id; For documentation on this error, please visit: https://www.selenium.dev/documentation/webdriver/troubleshooting/errors#invalidsessionidexception
Stacktrace:
	GetHandleVerifier [0x0x7ff776b7e8e5+80021]
	GetHandleVerifier [0x0x7ff776b7e940+80112]
	(No symbol) [0x0x7ff776900425]
	(No symbol) [0x0x7ff77694864f]
	(No symbol) [0x0x7ff7769810f2]
	(No symbol) [0x0x7ff77697b89f]
	(No symbol) [0x0x7ff77697a94a]
	(No symbol) [0x0x7ff7768ca765]
	GetHandleVerifier [0x0x7ff776e3dc7d+2960429]
	GetHandleVerifier [0x0x7ff776e37f3a+2936554]
	GetHandleVerifier [0x0x7ff776e58977+3070247]
	GetHandleVerifier [0x0x7ff776b983ce+185214]
	GetHandleVerifier [0x0x7ff776b9fe1f+216527]
	(No symbol) [0x0x7ff7768c970e]
	GetHandleVerifier [0x0x7ff776f76a68+4241944]
	BaseThreadInitThunk [0x0x7ffe5d4f259d+29]
	RtlUserThreadStart [0x0x7ffe5eaeaf78+40]

Traceback (most recent call last):
  File "D:\whatssappAuto\automatizaçãoWatts.py", line 106, in enviar_pasta_para_grupo
    search_box = WebDriverWait(driver, TEMPO_ESPERA).until(
                 ^^^^^^^^^^^^^^^^^^^^^^^^^^^^^^^^^^^^^^^^^^
  File "C:\Users\fs271\AppData\Local\Programs\Python\Python312\Lib\site-packages\selenium\webdriver\support\wait.py", line 129, in until
    value = method(self._driver)
            ^^^^^^^^^^^^^^^^^^^^
  File "C:\Users\fs271\AppData\Local\Programs\Python\Python312\Lib\site-packages\selenium\webdriver\support\expected_conditions.py", line 104, in _predicate
    return driver.find_element(*locator)
           ^^^^^^^^^^^^^^^^^^^^^^^^^^^^^
  File "C:\Users\fs271\AppData\Local\Programs\Python\Python312\Lib\site-packages\selenium\webdriver\remote\webdriver.py", line 922, in find_element
    return self.execute(Command.FIND_ELEMENT, {"using": by, "value": value})["value"]
           ^^^^^^^^^^^^^^^^^^^^^^^^^^^^^^^^^^^^^^^^^^^^^^^^^^^^^^^^^^^^^^^^^
  File "C:\Users\fs271\AppData\Local\Programs\Python\Python312\Lib\site-packages\selenium\webdriver\remote\webdriver.py", line 454, in execute
    self.error_handler.check_response(response)
  File "C:\Users\fs271\AppData\Local\Programs\Python\Python312\Lib\site-packages\selenium\webdriver\remote\errorhandler.py", line 232, in check_response
    raise exception_class(message, screen, stacktrace)
selenium.common.exceptions.InvalidSessionIdException: Message: invalid session id; For documentation on this error, please visit: https://www.selenium.dev/documentation/webdriver/troubleshooting/errors#invalidsessionidexception
Stacktrace:
	GetHandleVerifier [0x0x7ff776b7e8e5+80021]
	GetHandleVerifier [0x0x7ff776b7e940+80112]
	(No symbol) [0x0x7ff776900425]
	(No symbol) [0x0x7ff77694864f]
	(No symbol) [0x0x7ff7769810f2]
	(No symbol) [0x0x7ff77697b89f]
	(No symbol) [0x0x7ff77697a94a]
	(No symbol) [0x0x7ff7768ca765]
	GetHandleVerifier [0x0x7ff776e3dc7d+2960429]
	GetHandleVerifier [0x0x7ff776e37f3a+2936554]
	GetHandleVerifier [0x0x7ff776e58977+3070247]
	GetHandleVerifier [0x0x7ff776b983ce+185214]
	GetHandleVerifier [0x0x7ff776b9fe1f+216527]
	(No symbol) [0x0x7ff7768c970e]
	GetHandleVerifier [0x0x7ff776f76a68+4241944]
	BaseThreadInitThunk [0x0x7ffe5d4f259d+29]
	RtlUserThreadStart [0x0x7ffe5eaeaf78+40]


--------------------------------------------------------------------------------

[29/10/2025 07:24:46] ❌ Erro ao enviar pasta 'carretas vanderleia 11-12-14 preço a partit de 65.000' para CORRETORES BILL GRUPO.: Message: invalid session id; For documentation on this error, please visit: https://www.selenium.dev/documentation/webdriver/troubleshooting/errors#invalidsessionidexception
Stacktrace:
	GetHandleVerifier [0x0x7ff776b7e8e5+80021]
	GetHandleVerifier [0x0x7ff776b7e940+80112]
	(No symbol) [0x0x7ff776900425]
	(No symbol) [0x0x7ff77694864f]
	(No symbol) [0x0x7ff7769810f2]
	(No symbol) [0x0x7ff77697b89f]
	(No symbol) [0x0x7ff77697a94a]
	(No symbol) [0x0x7ff7768ca765]
	GetHandleVerifier [0x0x7ff776e3dc7d+2960429]
	GetHandleVerifier [0x0x7ff776e37f3a+2936554]
	GetHandleVerifier [0x0x7ff776e58977+3070247]
	GetHandleVerifier [0x0x7ff776b983ce+185214]
	GetHandleVerifier [0x0x7ff776b9fe1f+216527]
	(No symbol) [0x0x7ff7768c970e]
	GetHandleVerifier [0x0x7ff776f76a68+4241944]
	BaseThreadInitThunk [0x0x7ffe5d4f259d+29]
	RtlUserThreadStart [0x0x7ffe5eaeaf78+40]

Traceback (most recent call last):
  File "D:\whatssappAuto\automatizaçãoWatts.py", line 106, in enviar_pasta_para_grupo
    search_box = WebDriverWait(driver, TEMPO_ESPERA).until(
                 ^^^^^^^^^^^^^^^^^^^^^^^^^^^^^^^^^^^^^^^^^^
  File "C:\Users\fs271\AppData\Local\Programs\Python\Python312\Lib\site-packages\selenium\webdriver\support\wait.py", line 129, in until
    value = method(self._driver)
            ^^^^^^^^^^^^^^^^^^^^
  File "C:\Users\fs271\AppData\Local\Programs\Python\Python312\Lib\site-packages\selenium\webdriver\support\expected_conditions.py", line 104, in _predicate
    return driver.find_element(*locator)
           ^^^^^^^^^^^^^^^^^^^^^^^^^^^^^
  File "C:\Users\fs271\AppData\Local\Programs\Python\Python312\Lib\site-packages\selenium\webdriver\remote\webdriver.py", line 922, in find_element
    return self.execute(Command.FIND_ELEMENT, {"using": by, "value": value})["value"]
           ^^^^^^^^^^^^^^^^^^^^^^^^^^^^^^^^^^^^^^^^^^^^^^^^^^^^^^^^^^^^^^^^^
  File "C:\Users\fs271\AppData\Local\Programs\Python\Python312\Lib\site-packages\selenium\webdriver\remote\webdriver.py", line 454, in execute
    self.error_handler.check_response(response)
  File "C:\Users\fs271\AppData\Local\Programs\Python\Python312\Lib\site-packages\selenium\webdriver\remote\errorhandler.py", line 232, in check_response
    raise exception_class(message, screen, stacktrace)
selenium.common.exceptions.InvalidSessionIdException: Message: invalid session id; For documentation on this error, please visit: https://www.selenium.dev/documentation/webdriver/troubleshooting/errors#invalidsessionidexception
Stacktrace:
	GetHandleVerifier [0x0x7ff776b7e8e5+80021]
	GetHandleVerifier [0x0x7ff776b7e940+80112]
	(No symbol) [0x0x7ff776900425]
	(No symbol) [0x0x7ff77694864f]
	(No symbol) [0x0x7ff7769810f2]
	(No symbol) [0x0x7ff77697b89f]
	(No symbol) [0x0x7ff77697a94a]
	(No symbol) [0x0x7ff7768ca765]
	GetHandleVerifier [0x0x7ff776e3dc7d+2960429]
	GetHandleVerifier [0x0x7ff776e37f3a+2936554]
	GetHandleVerifier [0x0x7ff776e58977+3070247]
	GetHandleVerifier [0x0x7ff776b983ce+185214]
	GetHandleVerifier [0x0x7ff776b9fe1f+216527]
	(No symbol) [0x0x7ff7768c970e]
	GetHandleVerifier [0x0x7ff776f76a68+4241944]
	BaseThreadInitThunk [0x0x7ffe5d4f259d+29]
	RtlUserThreadStart [0x0x7ffe5eaeaf78+40]


--------------------------------------------------------------------------------

[29/10/2025 07:24:46] ❌ Erro ao enviar pasta 'carretas vanderleia 11-12-14 preço a partit de 65.000' para COMPRADORES PROCURAM ...: Message: invalid session id; For documentation on this error, please visit: https://www.selenium.dev/documentation/webdriver/troubleshooting/errors#invalidsessionidexception
Stacktrace:
	GetHandleVerifier [0x0x7ff776b7e8e5+80021]
	GetHandleVerifier [0x0x7ff776b7e940+80112]
	(No symbol) [0x0x7ff776900425]
	(No symbol) [0x0x7ff77694864f]
	(No symbol) [0x0x7ff7769810f2]
	(No symbol) [0x0x7ff77697b89f]
	(No symbol) [0x0x7ff77697a94a]
	(No symbol) [0x0x7ff7768ca765]
	GetHandleVerifier [0x0x7ff776e3dc7d+2960429]
	GetHandleVerifier [0x0x7ff776e37f3a+2936554]
	GetHandleVerifier [0x0x7ff776e58977+3070247]
	GetHandleVerifier [0x0x7ff776b983ce+185214]
	GetHandleVerifier [0x0x7ff776b9fe1f+216527]
	(No symbol) [0x0x7ff7768c970e]
	GetHandleVerifier [0x0x7ff776f76a68+4241944]
	BaseThreadInitThunk [0x0x7ffe5d4f259d+29]
	RtlUserThreadStart [0x0x7ffe5eaeaf78+40]

Traceback (most recent call last):
  File "D:\whatssappAuto\automatizaçãoWatts.py", line 106, in enviar_pasta_para_grupo
    search_box = WebDriverWait(driver, TEMPO_ESPERA).until(
                 ^^^^^^^^^^^^^^^^^^^^^^^^^^^^^^^^^^^^^^^^^^
  File "C:\Users\fs271\AppData\Local\Programs\Python\Python312\Lib\site-packages\selenium\webdriver\support\wait.py", line 129, in until
    value = method(self._driver)
            ^^^^^^^^^^^^^^^^^^^^
  File "C:\Users\fs271\AppData\Local\Programs\Python\Python312\Lib\site-packages\selenium\webdriver\support\expected_conditions.py", line 104, in _predicate
    return driver.find_element(*locator)
           ^^^^^^^^^^^^^^^^^^^^^^^^^^^^^
  File "C:\Users\fs271\AppData\Local\Programs\Python\Python312\Lib\site-packages\selenium\webdriver\remote\webdriver.py", line 922, in find_element
    return self.execute(Command.FIND_ELEMENT, {"using": by, "value": value})["value"]
           ^^^^^^^^^^^^^^^^^^^^^^^^^^^^^^^^^^^^^^^^^^^^^^^^^^^^^^^^^^^^^^^^^
  File "C:\Users\fs271\AppData\Local\Programs\Python\Python312\Lib\site-packages\selenium\webdriver\remote\webdriver.py", line 454, in execute
    self.error_handler.check_response(response)
  File "C:\Users\fs271\AppData\Local\Programs\Python\Python312\Lib\site-packages\selenium\webdriver\remote\errorhandler.py", line 232, in check_response
    raise exception_class(message, screen, stacktrace)
selenium.common.exceptions.InvalidSessionIdException: Message: invalid session id; For documentation on this error, please visit: https://www.selenium.dev/documentation/webdriver/troubleshooting/errors#invalidsessionidexception
Stacktrace:
	GetHandleVerifier [0x0x7ff776b7e8e5+80021]
	GetHandleVerifier [0x0x7ff776b7e940+80112]
	(No symbol) [0x0x7ff776900425]
	(No symbol) [0x0x7ff77694864f]
	(No symbol) [0x0x7ff7769810f2]
	(No symbol) [0x0x7ff77697b89f]
	(No symbol) [0x0x7ff77697a94a]
	(No symbol) [0x0x7ff7768ca765]
	GetHandleVerifier [0x0x7ff776e3dc7d+2960429]
	GetHandleVerifier [0x0x7ff776e37f3a+2936554]
	GetHandleVerifier [0x0x7ff776e58977+3070247]
	GetHandleVerifier [0x0x7ff776b983ce+185214]
	GetHandleVerifier [0x0x7ff776b9fe1f+216527]
	(No symbol) [0x0x7ff7768c970e]
	GetHandleVerifier [0x0x7ff776f76a68+4241944]
	BaseThreadInitThunk [0x0x7ffe5d4f259d+29]
	RtlUserThreadStart [0x0x7ffe5eaeaf78+40]


--------------------------------------------------------------------------------

[29/10/2025 07:24:56] ❌ Erro ao enviar pasta 'carretas vanderleia 11-12-14 preço a partit de 65.000' para COMPRADORES PROCURAM ...: Message: invalid session id; For documentation on this error, please visit: https://www.selenium.dev/documentation/webdriver/troubleshooting/errors#invalidsessionidexception
Stacktrace:
	GetHandleVerifier [0x0x7ff776b7e8e5+80021]
	GetHandleVerifier [0x0x7ff776b7e940+80112]
	(No symbol) [0x0x7ff776900425]
	(No symbol) [0x0x7ff77694864f]
	(No symbol) [0x0x7ff7769810f2]
	(No symbol) [0x0x7ff77697b89f]
	(No symbol) [0x0x7ff77697a94a]
	(No symbol) [0x0x7ff7768ca765]
	GetHandleVerifier [0x0x7ff776e3dc7d+2960429]
	GetHandleVerifier [0x0x7ff776e37f3a+2936554]
	GetHandleVerifier [0x0x7ff776e58977+3070247]
	GetHandleVerifier [0x0x7ff776b983ce+185214]
	GetHandleVerifier [0x0x7ff776b9fe1f+216527]
	(No symbol) [0x0x7ff7768c970e]
	GetHandleVerifier [0x0x7ff776f76a68+4241944]
	BaseThreadInitThunk [0x0x7ffe5d4f259d+29]
	RtlUserThreadStart [0x0x7ffe5eaeaf78+40]

Traceback (most recent call last):
  File "D:\whatssappAuto\automatizaçãoWatts.py", line 106, in enviar_pasta_para_grupo
    search_box = WebDriverWait(driver, TEMPO_ESPERA).until(
                 ^^^^^^^^^^^^^^^^^^^^^^^^^^^^^^^^^^^^^^^^^^
  File "C:\Users\fs271\AppData\Local\Programs\Python\Python312\Lib\site-packages\selenium\webdriver\support\wait.py", line 129, in until
    value = method(self._driver)
            ^^^^^^^^^^^^^^^^^^^^
  File "C:\Users\fs271\AppData\Local\Programs\Python\Python312\Lib\site-packages\selenium\webdriver\support\expected_conditions.py", line 104, in _predicate
    return driver.find_element(*locator)
           ^^^^^^^^^^^^^^^^^^^^^^^^^^^^^
  File "C:\Users\fs271\AppData\Local\Programs\Python\Python312\Lib\site-packages\selenium\webdriver\remote\webdriver.py", line 922, in find_element
    return self.execute(Command.FIND_ELEMENT, {"using": by, "value": value})["value"]
           ^^^^^^^^^^^^^^^^^^^^^^^^^^^^^^^^^^^^^^^^^^^^^^^^^^^^^^^^^^^^^^^^^
  File "C:\Users\fs271\AppData\Local\Programs\Python\Python312\Lib\site-packages\selenium\webdriver\remote\webdriver.py", line 454, in execute
    self.error_handler.check_response(response)
  File "C:\Users\fs271\AppData\Local\Programs\Python\Python312\Lib\site-packages\selenium\webdriver\remote\errorhandler.py", line 232, in check_response
    raise exception_class(message, screen, stacktrace)
selenium.common.exceptions.InvalidSessionIdException: Message: invalid session id; For documentation on this error, please visit: https://www.selenium.dev/documentation/webdriver/troubleshooting/errors#invalidsessionidexception
Stacktrace:
	GetHandleVerifier [0x0x7ff776b7e8e5+80021]
	GetHandleVerifier [0x0x7ff776b7e940+80112]
	(No symbol) [0x0x7ff776900425]
	(No symbol) [0x0x7ff77694864f]
	(No symbol) [0x0x7ff7769810f2]
	(No symbol) [0x0x7ff77697b89f]
	(No symbol) [0x0x7ff77697a94a]
	(No symbol) [0x0x7ff7768ca765]
	GetHandleVerifier [0x0x7ff776e3dc7d+2960429]
	GetHandleVerifier [0x0x7ff776e37f3a+2936554]
	GetHandleVerifier [0x0x7ff776e58977+3070247]
	GetHandleVerifier [0x0x7ff776b983ce+185214]
	GetHandleVerifier [0x0x7ff776b9fe1f+216527]
	(No symbol) [0x0x7ff7768c970e]
	GetHandleVerifier [0x0x7ff776f76a68+4241944]
	BaseThreadInitThunk [0x0x7ffe5d4f259d+29]
	RtlUserThreadStart [0x0x7ffe5eaeaf78+40]


--------------------------------------------------------------------------------

[29/10/2025 07:25:06] ❌ Erro ao enviar pasta 'carretas vanderleia 11-12-14 preço a partit de 65.000' para COMPRADORES PROCURAM ...: Message: invalid session id; For documentation on this error, please visit: https://www.selenium.dev/documentation/webdriver/troubleshooting/errors#invalidsessionidexception
Stacktrace:
	GetHandleVerifier [0x0x7ff776b7e8e5+80021]
	GetHandleVerifier [0x0x7ff776b7e940+80112]
	(No symbol) [0x0x7ff776900425]
	(No symbol) [0x0x7ff77694864f]
	(No symbol) [0x0x7ff7769810f2]
	(No symbol) [0x0x7ff77697b89f]
	(No symbol) [0x0x7ff77697a94a]
	(No symbol) [0x0x7ff7768ca765]
	GetHandleVerifier [0x0x7ff776e3dc7d+2960429]
	GetHandleVerifier [0x0x7ff776e37f3a+2936554]
	GetHandleVerifier [0x0x7ff776e58977+3070247]
	GetHandleVerifier [0x0x7ff776b983ce+185214]
	GetHandleVerifier [0x0x7ff776b9fe1f+216527]
	(No symbol) [0x0x7ff7768c970e]
	GetHandleVerifier [0x0x7ff776f76a68+4241944]
	BaseThreadInitThunk [0x0x7ffe5d4f259d+29]
	RtlUserThreadStart [0x0x7ffe5eaeaf78+40]

Traceback (most recent call last):
  File "D:\whatssappAuto\automatizaçãoWatts.py", line 106, in enviar_pasta_para_grupo
    search_box = WebDriverWait(driver, TEMPO_ESPERA).until(
                 ^^^^^^^^^^^^^^^^^^^^^^^^^^^^^^^^^^^^^^^^^^
  File "C:\Users\fs271\AppData\Local\Programs\Python\Python312\Lib\site-packages\selenium\webdriver\support\wait.py", line 129, in until
    value = method(self._driver)
            ^^^^^^^^^^^^^^^^^^^^
  File "C:\Users\fs271\AppData\Local\Programs\Python\Python312\Lib\site-packages\selenium\webdriver\support\expected_conditions.py", line 104, in _predicate
    return driver.find_element(*locator)
           ^^^^^^^^^^^^^^^^^^^^^^^^^^^^^
  File "C:\Users\fs271\AppData\Local\Programs\Python\Python312\Lib\site-packages\selenium\webdriver\remote\webdriver.py", line 922, in find_element
    return self.execute(Command.FIND_ELEMENT, {"using": by, "value": value})["value"]
           ^^^^^^^^^^^^^^^^^^^^^^^^^^^^^^^^^^^^^^^^^^^^^^^^^^^^^^^^^^^^^^^^^
  File "C:\Users\fs271\AppData\Local\Programs\Python\Python312\Lib\site-packages\selenium\webdriver\remote\webdriver.py", line 454, in execute
    self.error_handler.check_response(response)
  File "C:\Users\fs271\AppData\Local\Programs\Python\Python312\Lib\site-packages\selenium\webdriver\remote\errorhandler.py", line 232, in check_response
    raise exception_class(message, screen, stacktrace)
selenium.common.exceptions.InvalidSessionIdException: Message: invalid session id; For documentation on this error, please visit: https://www.selenium.dev/documentation/webdriver/troubleshooting/errors#invalidsessionidexception
Stacktrace:
	GetHandleVerifier [0x0x7ff776b7e8e5+80021]
	GetHandleVerifier [0x0x7ff776b7e940+80112]
	(No symbol) [0x0x7ff776900425]
	(No symbol) [0x0x7ff77694864f]
	(No symbol) [0x0x7ff7769810f2]
	(No symbol) [0x0x7ff77697b89f]
	(No symbol) [0x0x7ff77697a94a]
	(No symbol) [0x0x7ff7768ca765]
	GetHandleVerifier [0x0x7ff776e3dc7d+2960429]
	GetHandleVerifier [0x0x7ff776e37f3a+2936554]
	GetHandleVerifier [0x0x7ff776e58977+3070247]
	GetHandleVerifier [0x0x7ff776b983ce+185214]
	GetHandleVerifier [0x0x7ff776b9fe1f+216527]
	(No symbol) [0x0x7ff7768c970e]
	GetHandleVerifier [0x0x7ff776f76a68+4241944]
	BaseThreadInitThunk [0x0x7ffe5d4f259d+29]
	RtlUserThreadStart [0x0x7ffe5eaeaf78+40]


--------------------------------------------------------------------------------

[29/10/2025 07:25:06] ❌ Erro ao enviar pasta 'carretas vanderleia 11-12-14 preço a partit de 65.000' para Consultoria, Compra, Vendas e Intermediações Caminhões, Máquinas Pesadas, Aeronaves, Fazendas etc: Message: invalid session id; For documentation on this error, please visit: https://www.selenium.dev/documentation/webdriver/troubleshooting/errors#invalidsessionidexception
Stacktrace:
	GetHandleVerifier [0x0x7ff776b7e8e5+80021]
	GetHandleVerifier [0x0x7ff776b7e940+80112]
	(No symbol) [0x0x7ff776900425]
	(No symbol) [0x0x7ff77694864f]
	(No symbol) [0x0x7ff7769810f2]
	(No symbol) [0x0x7ff77697b89f]
	(No symbol) [0x0x7ff77697a94a]
	(No symbol) [0x0x7ff7768ca765]
	GetHandleVerifier [0x0x7ff776e3dc7d+2960429]
	GetHandleVerifier [0x0x7ff776e37f3a+2936554]
	GetHandleVerifier [0x0x7ff776e58977+3070247]
	GetHandleVerifier [0x0x7ff776b983ce+185214]
	GetHandleVerifier [0x0x7ff776b9fe1f+216527]
	(No symbol) [0x0x7ff7768c970e]
	GetHandleVerifier [0x0x7ff776f76a68+4241944]
	BaseThreadInitThunk [0x0x7ffe5d4f259d+29]
	RtlUserThreadStart [0x0x7ffe5eaeaf78+40]

Traceback (most recent call last):
  File "D:\whatssappAuto\automatizaçãoWatts.py", line 106, in enviar_pasta_para_grupo
    search_box = WebDriverWait(driver, TEMPO_ESPERA).until(
                 ^^^^^^^^^^^^^^^^^^^^^^^^^^^^^^^^^^^^^^^^^^
  File "C:\Users\fs271\AppData\Local\Programs\Python\Python312\Lib\site-packages\selenium\webdriver\support\wait.py", line 129, in until
    value = method(self._driver)
            ^^^^^^^^^^^^^^^^^^^^
  File "C:\Users\fs271\AppData\Local\Programs\Python\Python312\Lib\site-packages\selenium\webdriver\support\expected_conditions.py", line 104, in _predicate
    return driver.find_element(*locator)
           ^^^^^^^^^^^^^^^^^^^^^^^^^^^^^
  File "C:\Users\fs271\AppData\Local\Programs\Python\Python312\Lib\site-packages\selenium\webdriver\remote\webdriver.py", line 922, in find_element
    return self.execute(Command.FIND_ELEMENT, {"using": by, "value": value})["value"]
           ^^^^^^^^^^^^^^^^^^^^^^^^^^^^^^^^^^^^^^^^^^^^^^^^^^^^^^^^^^^^^^^^^
  File "C:\Users\fs271\AppData\Local\Programs\Python\Python312\Lib\site-packages\selenium\webdriver\remote\webdriver.py", line 454, in execute
    self.error_handler.check_response(response)
  File "C:\Users\fs271\AppData\Local\Programs\Python\Python312\Lib\site-packages\selenium\webdriver\remote\errorhandler.py", line 232, in check_response
    raise exception_class(message, screen, stacktrace)
selenium.common.exceptions.InvalidSessionIdException: Message: invalid session id; For documentation on this error, please visit: https://www.selenium.dev/documentation/webdriver/troubleshooting/errors#invalidsessionidexception
Stacktrace:
	GetHandleVerifier [0x0x7ff776b7e8e5+80021]
	GetHandleVerifier [0x0x7ff776b7e940+80112]
	(No symbol) [0x0x7ff776900425]
	(No symbol) [0x0x7ff77694864f]
	(No symbol) [0x0x7ff7769810f2]
	(No symbol) [0x0x7ff77697b89f]
	(No symbol) [0x0x7ff77697a94a]
	(No symbol) [0x0x7ff7768ca765]
	GetHandleVerifier [0x0x7ff776e3dc7d+2960429]
	GetHandleVerifier [0x0x7ff776e37f3a+2936554]
	GetHandleVerifier [0x0x7ff776e58977+3070247]
	GetHandleVerifier [0x0x7ff776b983ce+185214]
	GetHandleVerifier [0x0x7ff776b9fe1f+216527]
	(No symbol) [0x0x7ff7768c970e]
	GetHandleVerifier [0x0x7ff776f76a68+4241944]
	BaseThreadInitThunk [0x0x7ffe5d4f259d+29]
	RtlUserThreadStart [0x0x7ffe5eaeaf78+40]


--------------------------------------------------------------------------------

[29/10/2025 07:25:16] ❌ Erro ao enviar pasta 'carretas vanderleia 11-12-14 preço a partit de 65.000' para Consultoria, Compra, Vendas e Intermediações Caminhões, Máquinas Pesadas, Aeronaves, Fazendas etc: Message: invalid session id; For documentation on this error, please visit: https://www.selenium.dev/documentation/webdriver/troubleshooting/errors#invalidsessionidexception
Stacktrace:
	GetHandleVerifier [0x0x7ff776b7e8e5+80021]
	GetHandleVerifier [0x0x7ff776b7e940+80112]
	(No symbol) [0x0x7ff776900425]
	(No symbol) [0x0x7ff77694864f]
	(No symbol) [0x0x7ff7769810f2]
	(No symbol) [0x0x7ff77697b89f]
	(No symbol) [0x0x7ff77697a94a]
	(No symbol) [0x0x7ff7768ca765]
	GetHandleVerifier [0x0x7ff776e3dc7d+2960429]
	GetHandleVerifier [0x0x7ff776e37f3a+2936554]
	GetHandleVerifier [0x0x7ff776e58977+3070247]
	GetHandleVerifier [0x0x7ff776b983ce+185214]
	GetHandleVerifier [0x0x7ff776b9fe1f+216527]
	(No symbol) [0x0x7ff7768c970e]
	GetHandleVerifier [0x0x7ff776f76a68+4241944]
	BaseThreadInitThunk [0x0x7ffe5d4f259d+29]
	RtlUserThreadStart [0x0x7ffe5eaeaf78+40]

Traceback (most recent call last):
  File "D:\whatssappAuto\automatizaçãoWatts.py", line 106, in enviar_pasta_para_grupo
    search_box = WebDriverWait(driver, TEMPO_ESPERA).until(
                 ^^^^^^^^^^^^^^^^^^^^^^^^^^^^^^^^^^^^^^^^^^
  File "C:\Users\fs271\AppData\Local\Programs\Python\Python312\Lib\site-packages\selenium\webdriver\support\wait.py", line 129, in until
    value = method(self._driver)
            ^^^^^^^^^^^^^^^^^^^^
  File "C:\Users\fs271\AppData\Local\Programs\Python\Python312\Lib\site-packages\selenium\webdriver\support\expected_conditions.py", line 104, in _predicate
    return driver.find_element(*locator)
           ^^^^^^^^^^^^^^^^^^^^^^^^^^^^^
  File "C:\Users\fs271\AppData\Local\Programs\Python\Python312\Lib\site-packages\selenium\webdriver\remote\webdriver.py", line 922, in find_element
    return self.execute(Command.FIND_ELEMENT, {"using": by, "value": value})["value"]
           ^^^^^^^^^^^^^^^^^^^^^^^^^^^^^^^^^^^^^^^^^^^^^^^^^^^^^^^^^^^^^^^^^
  File "C:\Users\fs271\AppData\Local\Programs\Python\Python312\Lib\site-packages\selenium\webdriver\remote\webdriver.py", line 454, in execute
    self.error_handler.check_response(response)
  File "C:\Users\fs271\AppData\Local\Programs\Python\Python312\Lib\site-packages\selenium\webdriver\remote\errorhandler.py", line 232, in check_response
    raise exception_class(message, screen, stacktrace)
selenium.common.exceptions.InvalidSessionIdException: Message: invalid session id; For documentation on this error, please visit: https://www.selenium.dev/documentation/webdriver/troubleshooting/errors#invalidsessionidexception
Stacktrace:
	GetHandleVerifier [0x0x7ff776b7e8e5+80021]
	GetHandleVerifier [0x0x7ff776b7e940+80112]
	(No symbol) [0x0x7ff776900425]
	(No symbol) [0x0x7ff77694864f]
	(No symbol) [0x0x7ff7769810f2]
	(No symbol) [0x0x7ff77697b89f]
	(No symbol) [0x0x7ff77697a94a]
	(No symbol) [0x0x7ff7768ca765]
	GetHandleVerifier [0x0x7ff776e3dc7d+2960429]
	GetHandleVerifier [0x0x7ff776e37f3a+2936554]
	GetHandleVerifier [0x0x7ff776e58977+3070247]
	GetHandleVerifier [0x0x7ff776b983ce+185214]
	GetHandleVerifier [0x0x7ff776b9fe1f+216527]
	(No symbol) [0x0x7ff7768c970e]
	GetHandleVerifier [0x0x7ff776f76a68+4241944]
	BaseThreadInitThunk [0x0x7ffe5d4f259d+29]
	RtlUserThreadStart [0x0x7ffe5eaeaf78+40]


--------------------------------------------------------------------------------

[29/10/2025 07:25:26] ❌ Erro ao enviar pasta 'carretas vanderleia 11-12-14 preço a partit de 65.000' para Consultoria, Compra, Vendas e Intermediações Caminhões, Máquinas Pesadas, Aeronaves, Fazendas etc: Message: invalid session id; For documentation on this error, please visit: https://www.selenium.dev/documentation/webdriver/troubleshooting/errors#invalidsessionidexception
Stacktrace:
	GetHandleVerifier [0x0x7ff776b7e8e5+80021]
	GetHandleVerifier [0x0x7ff776b7e940+80112]
	(No symbol) [0x0x7ff776900425]
	(No symbol) [0x0x7ff77694864f]
	(No symbol) [0x0x7ff7769810f2]
	(No symbol) [0x0x7ff77697b89f]
	(No symbol) [0x0x7ff77697a94a]
	(No symbol) [0x0x7ff7768ca765]
	GetHandleVerifier [0x0x7ff776e3dc7d+2960429]
	GetHandleVerifier [0x0x7ff776e37f3a+2936554]
	GetHandleVerifier [0x0x7ff776e58977+3070247]
	GetHandleVerifier [0x0x7ff776b983ce+185214]
	GetHandleVerifier [0x0x7ff776b9fe1f+216527]
	(No symbol) [0x0x7ff7768c970e]
	GetHandleVerifier [0x0x7ff776f76a68+4241944]
	BaseThreadInitThunk [0x0x7ffe5d4f259d+29]
	RtlUserThreadStart [0x0x7ffe5eaeaf78+40]

Traceback (most recent call last):
  File "D:\whatssappAuto\automatizaçãoWatts.py", line 106, in enviar_pasta_para_grupo
    search_box = WebDriverWait(driver, TEMPO_ESPERA).until(
                 ^^^^^^^^^^^^^^^^^^^^^^^^^^^^^^^^^^^^^^^^^^
  File "C:\Users\fs271\AppData\Local\Programs\Python\Python312\Lib\site-packages\selenium\webdriver\support\wait.py", line 129, in until
    value = method(self._driver)
            ^^^^^^^^^^^^^^^^^^^^
  File "C:\Users\fs271\AppData\Local\Programs\Python\Python312\Lib\site-packages\selenium\webdriver\support\expected_conditions.py", line 104, in _predicate
    return driver.find_element(*locator)
           ^^^^^^^^^^^^^^^^^^^^^^^^^^^^^
  File "C:\Users\fs271\AppData\Local\Programs\Python\Python312\Lib\site-packages\selenium\webdriver\remote\webdriver.py", line 922, in find_element
    return self.execute(Command.FIND_ELEMENT, {"using": by, "value": value})["value"]
           ^^^^^^^^^^^^^^^^^^^^^^^^^^^^^^^^^^^^^^^^^^^^^^^^^^^^^^^^^^^^^^^^^
  File "C:\Users\fs271\AppData\Local\Programs\Python\Python312\Lib\site-packages\selenium\webdriver\remote\webdriver.py", line 454, in execute
    self.error_handler.check_response(response)
  File "C:\Users\fs271\AppData\Local\Programs\Python\Python312\Lib\site-packages\selenium\webdriver\remote\errorhandler.py", line 232, in check_response
    raise exception_class(message, screen, stacktrace)
selenium.common.exceptions.InvalidSessionIdException: Message: invalid session id; For documentation on this error, please visit: https://www.selenium.dev/documentation/webdriver/troubleshooting/errors#invalidsessionidexception
Stacktrace:
	GetHandleVerifier [0x0x7ff776b7e8e5+80021]
	GetHandleVerifier [0x0x7ff776b7e940+80112]
	(No symbol) [0x0x7ff776900425]
	(No symbol) [0x0x7ff77694864f]
	(No symbol) [0x0x7ff7769810f2]
	(No symbol) [0x0x7ff77697b89f]
	(No symbol) [0x0x7ff77697a94a]
	(No symbol) [0x0x7ff7768ca765]
	GetHandleVerifier [0x0x7ff776e3dc7d+2960429]
	GetHandleVerifier [0x0x7ff776e37f3a+2936554]
	GetHandleVerifier [0x0x7ff776e58977+3070247]
	GetHandleVerifier [0x0x7ff776b983ce+185214]
	GetHandleVerifier [0x0x7ff776b9fe1f+216527]
	(No symbol) [0x0x7ff7768c970e]
	GetHandleVerifier [0x0x7ff776f76a68+4241944]
	BaseThreadInitThunk [0x0x7ffe5d4f259d+29]
	RtlUserThreadStart [0x0x7ffe5eaeaf78+40]


--------------------------------------------------------------------------------

[29/10/2025 07:25:26] ❌ Erro ao enviar pasta 'carretas vanderleia 11-12-14 preço a partit de 65.000' para MF Caminhões e Carretas: Message: invalid session id; For documentation on this error, please visit: https://www.selenium.dev/documentation/webdriver/troubleshooting/errors#invalidsessionidexception
Stacktrace:
	GetHandleVerifier [0x0x7ff776b7e8e5+80021]
	GetHandleVerifier [0x0x7ff776b7e940+80112]
	(No symbol) [0x0x7ff776900425]
	(No symbol) [0x0x7ff77694864f]
	(No symbol) [0x0x7ff7769810f2]
	(No symbol) [0x0x7ff77697b89f]
	(No symbol) [0x0x7ff77697a94a]
	(No symbol) [0x0x7ff7768ca765]
	GetHandleVerifier [0x0x7ff776e3dc7d+2960429]
	GetHandleVerifier [0x0x7ff776e37f3a+2936554]
	GetHandleVerifier [0x0x7ff776e58977+3070247]
	GetHandleVerifier [0x0x7ff776b983ce+185214]
	GetHandleVerifier [0x0x7ff776b9fe1f+216527]
	(No symbol) [0x0x7ff7768c970e]
	GetHandleVerifier [0x0x7ff776f76a68+4241944]
	BaseThreadInitThunk [0x0x7ffe5d4f259d+29]
	RtlUserThreadStart [0x0x7ffe5eaeaf78+40]

Traceback (most recent call last):
  File "D:\whatssappAuto\automatizaçãoWatts.py", line 106, in enviar_pasta_para_grupo
    search_box = WebDriverWait(driver, TEMPO_ESPERA).until(
                 ^^^^^^^^^^^^^^^^^^^^^^^^^^^^^^^^^^^^^^^^^^
  File "C:\Users\fs271\AppData\Local\Programs\Python\Python312\Lib\site-packages\selenium\webdriver\support\wait.py", line 129, in until
    value = method(self._driver)
            ^^^^^^^^^^^^^^^^^^^^
  File "C:\Users\fs271\AppData\Local\Programs\Python\Python312\Lib\site-packages\selenium\webdriver\support\expected_conditions.py", line 104, in _predicate
    return driver.find_element(*locator)
           ^^^^^^^^^^^^^^^^^^^^^^^^^^^^^
  File "C:\Users\fs271\AppData\Local\Programs\Python\Python312\Lib\site-packages\selenium\webdriver\remote\webdriver.py", line 922, in find_element
    return self.execute(Command.FIND_ELEMENT, {"using": by, "value": value})["value"]
           ^^^^^^^^^^^^^^^^^^^^^^^^^^^^^^^^^^^^^^^^^^^^^^^^^^^^^^^^^^^^^^^^^
  File "C:\Users\fs271\AppData\Local\Programs\Python\Python312\Lib\site-packages\selenium\webdriver\remote\webdriver.py", line 454, in execute
    self.error_handler.check_response(response)
  File "C:\Users\fs271\AppData\Local\Programs\Python\Python312\Lib\site-packages\selenium\webdriver\remote\errorhandler.py", line 232, in check_response
    raise exception_class(message, screen, stacktrace)
selenium.common.exceptions.InvalidSessionIdException: Message: invalid session id; For documentation on this error, please visit: https://www.selenium.dev/documentation/webdriver/troubleshooting/errors#invalidsessionidexception
Stacktrace:
	GetHandleVerifier [0x0x7ff776b7e8e5+80021]
	GetHandleVerifier [0x0x7ff776b7e940+80112]
	(No symbol) [0x0x7ff776900425]
	(No symbol) [0x0x7ff77694864f]
	(No symbol) [0x0x7ff7769810f2]
	(No symbol) [0x0x7ff77697b89f]
	(No symbol) [0x0x7ff77697a94a]
	(No symbol) [0x0x7ff7768ca765]
	GetHandleVerifier [0x0x7ff776e3dc7d+2960429]
	GetHandleVerifier [0x0x7ff776e37f3a+2936554]
	GetHandleVerifier [0x0x7ff776e58977+3070247]
	GetHandleVerifier [0x0x7ff776b983ce+185214]
	GetHandleVerifier [0x0x7ff776b9fe1f+216527]
	(No symbol) [0x0x7ff7768c970e]
	GetHandleVerifier [0x0x7ff776f76a68+4241944]
	BaseThreadInitThunk [0x0x7ffe5d4f259d+29]
	RtlUserThreadStart [0x0x7ffe5eaeaf78+40]


--------------------------------------------------------------------------------

[29/10/2025 07:25:36] ❌ Erro ao enviar pasta 'carretas vanderleia 11-12-14 preço a partit de 65.000' para MF Caminhões e Carretas: Message: invalid session id; For documentation on this error, please visit: https://www.selenium.dev/documentation/webdriver/troubleshooting/errors#invalidsessionidexception
Stacktrace:
	GetHandleVerifier [0x0x7ff776b7e8e5+80021]
	GetHandleVerifier [0x0x7ff776b7e940+80112]
	(No symbol) [0x0x7ff776900425]
	(No symbol) [0x0x7ff77694864f]
	(No symbol) [0x0x7ff7769810f2]
	(No symbol) [0x0x7ff77697b89f]
	(No symbol) [0x0x7ff77697a94a]
	(No symbol) [0x0x7ff7768ca765]
	GetHandleVerifier [0x0x7ff776e3dc7d+2960429]
	GetHandleVerifier [0x0x7ff776e37f3a+2936554]
	GetHandleVerifier [0x0x7ff776e58977+3070247]
	GetHandleVerifier [0x0x7ff776b983ce+185214]
	GetHandleVerifier [0x0x7ff776b9fe1f+216527]
	(No symbol) [0x0x7ff7768c970e]
	GetHandleVerifier [0x0x7ff776f76a68+4241944]
	BaseThreadInitThunk [0x0x7ffe5d4f259d+29]
	RtlUserThreadStart [0x0x7ffe5eaeaf78+40]

Traceback (most recent call last):
  File "D:\whatssappAuto\automatizaçãoWatts.py", line 106, in enviar_pasta_para_grupo
    search_box = WebDriverWait(driver, TEMPO_ESPERA).until(
                 ^^^^^^^^^^^^^^^^^^^^^^^^^^^^^^^^^^^^^^^^^^
  File "C:\Users\fs271\AppData\Local\Programs\Python\Python312\Lib\site-packages\selenium\webdriver\support\wait.py", line 129, in until
    value = method(self._driver)
            ^^^^^^^^^^^^^^^^^^^^
  File "C:\Users\fs271\AppData\Local\Programs\Python\Python312\Lib\site-packages\selenium\webdriver\support\expected_conditions.py", line 104, in _predicate
    return driver.find_element(*locator)
           ^^^^^^^^^^^^^^^^^^^^^^^^^^^^^
  File "C:\Users\fs271\AppData\Local\Programs\Python\Python312\Lib\site-packages\selenium\webdriver\remote\webdriver.py", line 922, in find_element
    return self.execute(Command.FIND_ELEMENT, {"using": by, "value": value})["value"]
           ^^^^^^^^^^^^^^^^^^^^^^^^^^^^^^^^^^^^^^^^^^^^^^^^^^^^^^^^^^^^^^^^^
  File "C:\Users\fs271\AppData\Local\Programs\Python\Python312\Lib\site-packages\selenium\webdriver\remote\webdriver.py", line 454, in execute
    self.error_handler.check_response(response)
  File "C:\Users\fs271\AppData\Local\Programs\Python\Python312\Lib\site-packages\selenium\webdriver\remote\errorhandler.py", line 232, in check_response
    raise exception_class(message, screen, stacktrace)
selenium.common.exceptions.InvalidSessionIdException: Message: invalid session id; For documentation on this error, please visit: https://www.selenium.dev/documentation/webdriver/troubleshooting/errors#invalidsessionidexception
Stacktrace:
	GetHandleVerifier [0x0x7ff776b7e8e5+80021]
	GetHandleVerifier [0x0x7ff776b7e940+80112]
	(No symbol) [0x0x7ff776900425]
	(No symbol) [0x0x7ff77694864f]
	(No symbol) [0x0x7ff7769810f2]
	(No symbol) [0x0x7ff77697b89f]
	(No symbol) [0x0x7ff77697a94a]
	(No symbol) [0x0x7ff7768ca765]
	GetHandleVerifier [0x0x7ff776e3dc7d+2960429]
	GetHandleVerifier [0x0x7ff776e37f3a+2936554]
	GetHandleVerifier [0x0x7ff776e58977+3070247]
	GetHandleVerifier [0x0x7ff776b983ce+185214]
	GetHandleVerifier [0x0x7ff776b9fe1f+216527]
	(No symbol) [0x0x7ff7768c970e]
	GetHandleVerifier [0x0x7ff776f76a68+4241944]
	BaseThreadInitThunk [0x0x7ffe5d4f259d+29]
	RtlUserThreadStart [0x0x7ffe5eaeaf78+40]


--------------------------------------------------------------------------------

[29/10/2025 07:25:46] ❌ Erro ao enviar pasta 'carretas vanderleia 11-12-14 preço a partit de 65.000' para MF Caminhões e Carretas: Message: invalid session id; For documentation on this error, please visit: https://www.selenium.dev/documentation/webdriver/troubleshooting/errors#invalidsessionidexception
Stacktrace:
	GetHandleVerifier [0x0x7ff776b7e8e5+80021]
	GetHandleVerifier [0x0x7ff776b7e940+80112]
	(No symbol) [0x0x7ff776900425]
	(No symbol) [0x0x7ff77694864f]
	(No symbol) [0x0x7ff7769810f2]
	(No symbol) [0x0x7ff77697b89f]
	(No symbol) [0x0x7ff77697a94a]
	(No symbol) [0x0x7ff7768ca765]
	GetHandleVerifier [0x0x7ff776e3dc7d+2960429]
	GetHandleVerifier [0x0x7ff776e37f3a+2936554]
	GetHandleVerifier [0x0x7ff776e58977+3070247]
	GetHandleVerifier [0x0x7ff776b983ce+185214]
	GetHandleVerifier [0x0x7ff776b9fe1f+216527]
	(No symbol) [0x0x7ff7768c970e]
	GetHandleVerifier [0x0x7ff776f76a68+4241944]
	BaseThreadInitThunk [0x0x7ffe5d4f259d+29]
	RtlUserThreadStart [0x0x7ffe5eaeaf78+40]

Traceback (most recent call last):
  File "D:\whatssappAuto\automatizaçãoWatts.py", line 106, in enviar_pasta_para_grupo
    search_box = WebDriverWait(driver, TEMPO_ESPERA).until(
                 ^^^^^^^^^^^^^^^^^^^^^^^^^^^^^^^^^^^^^^^^^^
  File "C:\Users\fs271\AppData\Local\Programs\Python\Python312\Lib\site-packages\selenium\webdriver\support\wait.py", line 129, in until
    value = method(self._driver)
            ^^^^^^^^^^^^^^^^^^^^
  File "C:\Users\fs271\AppData\Local\Programs\Python\Python312\Lib\site-packages\selenium\webdriver\support\expected_conditions.py", line 104, in _predicate
    return driver.find_element(*locator)
           ^^^^^^^^^^^^^^^^^^^^^^^^^^^^^
  File "C:\Users\fs271\AppData\Local\Programs\Python\Python312\Lib\site-packages\selenium\webdriver\remote\webdriver.py", line 922, in find_element
    return self.execute(Command.FIND_ELEMENT, {"using": by, "value": value})["value"]
           ^^^^^^^^^^^^^^^^^^^^^^^^^^^^^^^^^^^^^^^^^^^^^^^^^^^^^^^^^^^^^^^^^
  File "C:\Users\fs271\AppData\Local\Programs\Python\Python312\Lib\site-packages\selenium\webdriver\remote\webdriver.py", line 454, in execute
    self.error_handler.check_response(response)
  File "C:\Users\fs271\AppData\Local\Programs\Python\Python312\Lib\site-packages\selenium\webdriver\remote\errorhandler.py", line 232, in check_response
    raise exception_class(message, screen, stacktrace)
selenium.common.exceptions.InvalidSessionIdException: Message: invalid session id; For documentation on this error, please visit: https://www.selenium.dev/documentation/webdriver/troubleshooting/errors#invalidsessionidexception
Stacktrace:
	GetHandleVerifier [0x0x7ff776b7e8e5+80021]
	GetHandleVerifier [0x0x7ff776b7e940+80112]
	(No symbol) [0x0x7ff776900425]
	(No symbol) [0x0x7ff77694864f]
	(No symbol) [0x0x7ff7769810f2]
	(No symbol) [0x0x7ff77697b89f]
	(No symbol) [0x0x7ff77697a94a]
	(No symbol) [0x0x7ff7768ca765]
	GetHandleVerifier [0x0x7ff776e3dc7d+2960429]
	GetHandleVerifier [0x0x7ff776e37f3a+2936554]
	GetHandleVerifier [0x0x7ff776e58977+3070247]
	GetHandleVerifier [0x0x7ff776b983ce+185214]
	GetHandleVerifier [0x0x7ff776b9fe1f+216527]
	(No symbol) [0x0x7ff7768c970e]
	GetHandleVerifier [0x0x7ff776f76a68+4241944]
	BaseThreadInitThunk [0x0x7ffe5d4f259d+29]
	RtlUserThreadStart [0x0x7ffe5eaeaf78+40]


--------------------------------------------------------------------------------

[29/10/2025 07:25:46] ❌ Erro ao enviar pasta 'caçambas 2014-2016 melhor preço' para CORRETORES BILL GRUPO.: Message: invalid session id; For documentation on this error, please visit: https://www.selenium.dev/documentation/webdriver/troubleshooting/errors#invalidsessionidexception
Stacktrace:
	GetHandleVerifier [0x0x7ff776b7e8e5+80021]
	GetHandleVerifier [0x0x7ff776b7e940+80112]
	(No symbol) [0x0x7ff776900425]
	(No symbol) [0x0x7ff77694864f]
	(No symbol) [0x0x7ff7769810f2]
	(No symbol) [0x0x7ff77697b89f]
	(No symbol) [0x0x7ff77697a94a]
	(No symbol) [0x0x7ff7768ca765]
	GetHandleVerifier [0x0x7ff776e3dc7d+2960429]
	GetHandleVerifier [0x0x7ff776e37f3a+2936554]
	GetHandleVerifier [0x0x7ff776e58977+3070247]
	GetHandleVerifier [0x0x7ff776b983ce+185214]
	GetHandleVerifier [0x0x7ff776b9fe1f+216527]
	(No symbol) [0x0x7ff7768c970e]
	GetHandleVerifier [0x0x7ff776f76a68+4241944]
	BaseThreadInitThunk [0x0x7ffe5d4f259d+29]
	RtlUserThreadStart [0x0x7ffe5eaeaf78+40]

Traceback (most recent call last):
  File "D:\whatssappAuto\automatizaçãoWatts.py", line 106, in enviar_pasta_para_grupo
    search_box = WebDriverWait(driver, TEMPO_ESPERA).until(
                 ^^^^^^^^^^^^^^^^^^^^^^^^^^^^^^^^^^^^^^^^^^
  File "C:\Users\fs271\AppData\Local\Programs\Python\Python312\Lib\site-packages\selenium\webdriver\support\wait.py", line 129, in until
    value = method(self._driver)
            ^^^^^^^^^^^^^^^^^^^^
  File "C:\Users\fs271\AppData\Local\Programs\Python\Python312\Lib\site-packages\selenium\webdriver\support\expected_conditions.py", line 104, in _predicate
    return driver.find_element(*locator)
           ^^^^^^^^^^^^^^^^^^^^^^^^^^^^^
  File "C:\Users\fs271\AppData\Local\Programs\Python\Python312\Lib\site-packages\selenium\webdriver\remote\webdriver.py", line 922, in find_element
    return self.execute(Command.FIND_ELEMENT, {"using": by, "value": value})["value"]
           ^^^^^^^^^^^^^^^^^^^^^^^^^^^^^^^^^^^^^^^^^^^^^^^^^^^^^^^^^^^^^^^^^
  File "C:\Users\fs271\AppData\Local\Programs\Python\Python312\Lib\site-packages\selenium\webdriver\remote\webdriver.py", line 454, in execute
    self.error_handler.check_response(response)
  File "C:\Users\fs271\AppData\Local\Programs\Python\Python312\Lib\site-packages\selenium\webdriver\remote\errorhandler.py", line 232, in check_response
    raise exception_class(message, screen, stacktrace)
selenium.common.exceptions.InvalidSessionIdException: Message: invalid session id; For documentation on this error, please visit: https://www.selenium.dev/documentation/webdriver/troubleshooting/errors#invalidsessionidexception
Stacktrace:
	GetHandleVerifier [0x0x7ff776b7e8e5+80021]
	GetHandleVerifier [0x0x7ff776b7e940+80112]
	(No symbol) [0x0x7ff776900425]
	(No symbol) [0x0x7ff77694864f]
	(No symbol) [0x0x7ff7769810f2]
	(No symbol) [0x0x7ff77697b89f]
	(No symbol) [0x0x7ff77697a94a]
	(No symbol) [0x0x7ff7768ca765]
	GetHandleVerifier [0x0x7ff776e3dc7d+2960429]
	GetHandleVerifier [0x0x7ff776e37f3a+2936554]
	GetHandleVerifier [0x0x7ff776e58977+3070247]
	GetHandleVerifier [0x0x7ff776b983ce+185214]
	GetHandleVerifier [0x0x7ff776b9fe1f+216527]
	(No symbol) [0x0x7ff7768c970e]
	GetHandleVerifier [0x0x7ff776f76a68+4241944]
	BaseThreadInitThunk [0x0x7ffe5d4f259d+29]
	RtlUserThreadStart [0x0x7ffe5eaeaf78+40]


--------------------------------------------------------------------------------

[29/10/2025 07:25:56] ❌ Erro ao enviar pasta 'caçambas 2014-2016 melhor preço' para CORRETORES BILL GRUPO.: Message: invalid session id; For documentation on this error, please visit: https://www.selenium.dev/documentation/webdriver/troubleshooting/errors#invalidsessionidexception
Stacktrace:
	GetHandleVerifier [0x0x7ff776b7e8e5+80021]
	GetHandleVerifier [0x0x7ff776b7e940+80112]
	(No symbol) [0x0x7ff776900425]
	(No symbol) [0x0x7ff77694864f]
	(No symbol) [0x0x7ff7769810f2]
	(No symbol) [0x0x7ff77697b89f]
	(No symbol) [0x0x7ff77697a94a]
	(No symbol) [0x0x7ff7768ca765]
	GetHandleVerifier [0x0x7ff776e3dc7d+2960429]
	GetHandleVerifier [0x0x7ff776e37f3a+2936554]
	GetHandleVerifier [0x0x7ff776e58977+3070247]
	GetHandleVerifier [0x0x7ff776b983ce+185214]
	GetHandleVerifier [0x0x7ff776b9fe1f+216527]
	(No symbol) [0x0x7ff7768c970e]
	GetHandleVerifier [0x0x7ff776f76a68+4241944]
	BaseThreadInitThunk [0x0x7ffe5d4f259d+29]
	RtlUserThreadStart [0x0x7ffe5eaeaf78+40]

Traceback (most recent call last):
  File "D:\whatssappAuto\automatizaçãoWatts.py", line 106, in enviar_pasta_para_grupo
    search_box = WebDriverWait(driver, TEMPO_ESPERA).until(
                 ^^^^^^^^^^^^^^^^^^^^^^^^^^^^^^^^^^^^^^^^^^
  File "C:\Users\fs271\AppData\Local\Programs\Python\Python312\Lib\site-packages\selenium\webdriver\support\wait.py", line 129, in until
    value = method(self._driver)
            ^^^^^^^^^^^^^^^^^^^^
  File "C:\Users\fs271\AppData\Local\Programs\Python\Python312\Lib\site-packages\selenium\webdriver\support\expected_conditions.py", line 104, in _predicate
    return driver.find_element(*locator)
           ^^^^^^^^^^^^^^^^^^^^^^^^^^^^^
  File "C:\Users\fs271\AppData\Local\Programs\Python\Python312\Lib\site-packages\selenium\webdriver\remote\webdriver.py", line 922, in find_element
    return self.execute(Command.FIND_ELEMENT, {"using": by, "value": value})["value"]
           ^^^^^^^^^^^^^^^^^^^^^^^^^^^^^^^^^^^^^^^^^^^^^^^^^^^^^^^^^^^^^^^^^
  File "C:\Users\fs271\AppData\Local\Programs\Python\Python312\Lib\site-packages\selenium\webdriver\remote\webdriver.py", line 454, in execute
    self.error_handler.check_response(response)
  File "C:\Users\fs271\AppData\Local\Programs\Python\Python312\Lib\site-packages\selenium\webdriver\remote\errorhandler.py", line 232, in check_response
    raise exception_class(message, screen, stacktrace)
selenium.common.exceptions.InvalidSessionIdException: Message: invalid session id; For documentation on this error, please visit: https://www.selenium.dev/documentation/webdriver/troubleshooting/errors#invalidsessionidexception
Stacktrace:
	GetHandleVerifier [0x0x7ff776b7e8e5+80021]
	GetHandleVerifier [0x0x7ff776b7e940+80112]
	(No symbol) [0x0x7ff776900425]
	(No symbol) [0x0x7ff77694864f]
	(No symbol) [0x0x7ff7769810f2]
	(No symbol) [0x0x7ff77697b89f]
	(No symbol) [0x0x7ff77697a94a]
	(No symbol) [0x0x7ff7768ca765]
	GetHandleVerifier [0x0x7ff776e3dc7d+2960429]
	GetHandleVerifier [0x0x7ff776e37f3a+2936554]
	GetHandleVerifier [0x0x7ff776e58977+3070247]
	GetHandleVerifier [0x0x7ff776b983ce+185214]
	GetHandleVerifier [0x0x7ff776b9fe1f+216527]
	(No symbol) [0x0x7ff7768c970e]
	GetHandleVerifier [0x0x7ff776f76a68+4241944]
	BaseThreadInitThunk [0x0x7ffe5d4f259d+29]
	RtlUserThreadStart [0x0x7ffe5eaeaf78+40]


--------------------------------------------------------------------------------

[29/10/2025 07:26:06] ❌ Erro ao enviar pasta 'caçambas 2014-2016 melhor preço' para CORRETORES BILL GRUPO.: Message: invalid session id; For documentation on this error, please visit: https://www.selenium.dev/documentation/webdriver/troubleshooting/errors#invalidsessionidexception
Stacktrace:
	GetHandleVerifier [0x0x7ff776b7e8e5+80021]
	GetHandleVerifier [0x0x7ff776b7e940+80112]
	(No symbol) [0x0x7ff776900425]
	(No symbol) [0x0x7ff77694864f]
	(No symbol) [0x0x7ff7769810f2]
	(No symbol) [0x0x7ff77697b89f]
	(No symbol) [0x0x7ff77697a94a]
	(No symbol) [0x0x7ff7768ca765]
	GetHandleVerifier [0x0x7ff776e3dc7d+2960429]
	GetHandleVerifier [0x0x7ff776e37f3a+2936554]
	GetHandleVerifier [0x0x7ff776e58977+3070247]
	GetHandleVerifier [0x0x7ff776b983ce+185214]
	GetHandleVerifier [0x0x7ff776b9fe1f+216527]
	(No symbol) [0x0x7ff7768c970e]
	GetHandleVerifier [0x0x7ff776f76a68+4241944]
	BaseThreadInitThunk [0x0x7ffe5d4f259d+29]
	RtlUserThreadStart [0x0x7ffe5eaeaf78+40]

Traceback (most recent call last):
  File "D:\whatssappAuto\automatizaçãoWatts.py", line 106, in enviar_pasta_para_grupo
    search_box = WebDriverWait(driver, TEMPO_ESPERA).until(
                 ^^^^^^^^^^^^^^^^^^^^^^^^^^^^^^^^^^^^^^^^^^
  File "C:\Users\fs271\AppData\Local\Programs\Python\Python312\Lib\site-packages\selenium\webdriver\support\wait.py", line 129, in until
    value = method(self._driver)
            ^^^^^^^^^^^^^^^^^^^^
  File "C:\Users\fs271\AppData\Local\Programs\Python\Python312\Lib\site-packages\selenium\webdriver\support\expected_conditions.py", line 104, in _predicate
    return driver.find_element(*locator)
           ^^^^^^^^^^^^^^^^^^^^^^^^^^^^^
  File "C:\Users\fs271\AppData\Local\Programs\Python\Python312\Lib\site-packages\selenium\webdriver\remote\webdriver.py", line 922, in find_element
    return self.execute(Command.FIND_ELEMENT, {"using": by, "value": value})["value"]
           ^^^^^^^^^^^^^^^^^^^^^^^^^^^^^^^^^^^^^^^^^^^^^^^^^^^^^^^^^^^^^^^^^
  File "C:\Users\fs271\AppData\Local\Programs\Python\Python312\Lib\site-packages\selenium\webdriver\remote\webdriver.py", line 454, in execute
    self.error_handler.check_response(response)
  File "C:\Users\fs271\AppData\Local\Programs\Python\Python312\Lib\site-packages\selenium\webdriver\remote\errorhandler.py", line 232, in check_response
    raise exception_class(message, screen, stacktrace)
selenium.common.exceptions.InvalidSessionIdException: Message: invalid session id; For documentation on this error, please visit: https://www.selenium.dev/documentation/webdriver/troubleshooting/errors#invalidsessionidexception
Stacktrace:
	GetHandleVerifier [0x0x7ff776b7e8e5+80021]
	GetHandleVerifier [0x0x7ff776b7e940+80112]
	(No symbol) [0x0x7ff776900425]
	(No symbol) [0x0x7ff77694864f]
	(No symbol) [0x0x7ff7769810f2]
	(No symbol) [0x0x7ff77697b89f]
	(No symbol) [0x0x7ff77697a94a]
	(No symbol) [0x0x7ff7768ca765]
	GetHandleVerifier [0x0x7ff776e3dc7d+2960429]
	GetHandleVerifier [0x0x7ff776e37f3a+2936554]
	GetHandleVerifier [0x0x7ff776e58977+3070247]
	GetHandleVerifier [0x0x7ff776b983ce+185214]
	GetHandleVerifier [0x0x7ff776b9fe1f+216527]
	(No symbol) [0x0x7ff7768c970e]
	GetHandleVerifier [0x0x7ff776f76a68+4241944]
	BaseThreadInitThunk [0x0x7ffe5d4f259d+29]
	RtlUserThreadStart [0x0x7ffe5eaeaf78+40]


--------------------------------------------------------------------------------

[29/10/2025 07:26:06] ❌ Erro ao enviar pasta 'caçambas 2014-2016 melhor preço' para COMPRADORES PROCURAM ...: Message: invalid session id; For documentation on this error, please visit: https://www.selenium.dev/documentation/webdriver/troubleshooting/errors#invalidsessionidexception
Stacktrace:
	GetHandleVerifier [0x0x7ff776b7e8e5+80021]
	GetHandleVerifier [0x0x7ff776b7e940+80112]
	(No symbol) [0x0x7ff776900425]
	(No symbol) [0x0x7ff77694864f]
	(No symbol) [0x0x7ff7769810f2]
	(No symbol) [0x0x7ff77697b89f]
	(No symbol) [0x0x7ff77697a94a]
	(No symbol) [0x0x7ff7768ca765]
	GetHandleVerifier [0x0x7ff776e3dc7d+2960429]
	GetHandleVerifier [0x0x7ff776e37f3a+2936554]
	GetHandleVerifier [0x0x7ff776e58977+3070247]
	GetHandleVerifier [0x0x7ff776b983ce+185214]
	GetHandleVerifier [0x0x7ff776b9fe1f+216527]
	(No symbol) [0x0x7ff7768c970e]
	GetHandleVerifier [0x0x7ff776f76a68+4241944]
	BaseThreadInitThunk [0x0x7ffe5d4f259d+29]
	RtlUserThreadStart [0x0x7ffe5eaeaf78+40]

Traceback (most recent call last):
  File "D:\whatssappAuto\automatizaçãoWatts.py", line 106, in enviar_pasta_para_grupo
    search_box = WebDriverWait(driver, TEMPO_ESPERA).until(
                 ^^^^^^^^^^^^^^^^^^^^^^^^^^^^^^^^^^^^^^^^^^
  File "C:\Users\fs271\AppData\Local\Programs\Python\Python312\Lib\site-packages\selenium\webdriver\support\wait.py", line 129, in until
    value = method(self._driver)
            ^^^^^^^^^^^^^^^^^^^^
  File "C:\Users\fs271\AppData\Local\Programs\Python\Python312\Lib\site-packages\selenium\webdriver\support\expected_conditions.py", line 104, in _predicate
    return driver.find_element(*locator)
           ^^^^^^^^^^^^^^^^^^^^^^^^^^^^^
  File "C:\Users\fs271\AppData\Local\Programs\Python\Python312\Lib\site-packages\selenium\webdriver\remote\webdriver.py", line 922, in find_element
    return self.execute(Command.FIND_ELEMENT, {"using": by, "value": value})["value"]
           ^^^^^^^^^^^^^^^^^^^^^^^^^^^^^^^^^^^^^^^^^^^^^^^^^^^^^^^^^^^^^^^^^
  File "C:\Users\fs271\AppData\Local\Programs\Python\Python312\Lib\site-packages\selenium\webdriver\remote\webdriver.py", line 454, in execute
    self.error_handler.check_response(response)
  File "C:\Users\fs271\AppData\Local\Programs\Python\Python312\Lib\site-packages\selenium\webdriver\remote\errorhandler.py", line 232, in check_response
    raise exception_class(message, screen, stacktrace)
selenium.common.exceptions.InvalidSessionIdException: Message: invalid session id; For documentation on this error, please visit: https://www.selenium.dev/documentation/webdriver/troubleshooting/errors#invalidsessionidexception
Stacktrace:
	GetHandleVerifier [0x0x7ff776b7e8e5+80021]
	GetHandleVerifier [0x0x7ff776b7e940+80112]
	(No symbol) [0x0x7ff776900425]
	(No symbol) [0x0x7ff77694864f]
	(No symbol) [0x0x7ff7769810f2]
	(No symbol) [0x0x7ff77697b89f]
	(No symbol) [0x0x7ff77697a94a]
	(No symbol) [0x0x7ff7768ca765]
	GetHandleVerifier [0x0x7ff776e3dc7d+2960429]
	GetHandleVerifier [0x0x7ff776e37f3a+2936554]
	GetHandleVerifier [0x0x7ff776e58977+3070247]
	GetHandleVerifier [0x0x7ff776b983ce+185214]
	GetHandleVerifier [0x0x7ff776b9fe1f+216527]
	(No symbol) [0x0x7ff7768c970e]
	GetHandleVerifier [0x0x7ff776f76a68+4241944]
	BaseThreadInitThunk [0x0x7ffe5d4f259d+29]
	RtlUserThreadStart [0x0x7ffe5eaeaf78+40]


--------------------------------------------------------------------------------

[29/10/2025 07:26:16] ❌ Erro ao enviar pasta 'caçambas 2014-2016 melhor preço' para COMPRADORES PROCURAM ...: Message: invalid session id; For documentation on this error, please visit: https://www.selenium.dev/documentation/webdriver/troubleshooting/errors#invalidsessionidexception
Stacktrace:
	GetHandleVerifier [0x0x7ff776b7e8e5+80021]
	GetHandleVerifier [0x0x7ff776b7e940+80112]
	(No symbol) [0x0x7ff776900425]
	(No symbol) [0x0x7ff77694864f]
	(No symbol) [0x0x7ff7769810f2]
	(No symbol) [0x0x7ff77697b89f]
	(No symbol) [0x0x7ff77697a94a]
	(No symbol) [0x0x7ff7768ca765]
	GetHandleVerifier [0x0x7ff776e3dc7d+2960429]
	GetHandleVerifier [0x0x7ff776e37f3a+2936554]
	GetHandleVerifier [0x0x7ff776e58977+3070247]
	GetHandleVerifier [0x0x7ff776b983ce+185214]
	GetHandleVerifier [0x0x7ff776b9fe1f+216527]
	(No symbol) [0x0x7ff7768c970e]
	GetHandleVerifier [0x0x7ff776f76a68+4241944]
	BaseThreadInitThunk [0x0x7ffe5d4f259d+29]
	RtlUserThreadStart [0x0x7ffe5eaeaf78+40]

Traceback (most recent call last):
  File "D:\whatssappAuto\automatizaçãoWatts.py", line 106, in enviar_pasta_para_grupo
    search_box = WebDriverWait(driver, TEMPO_ESPERA).until(
                 ^^^^^^^^^^^^^^^^^^^^^^^^^^^^^^^^^^^^^^^^^^
  File "C:\Users\fs271\AppData\Local\Programs\Python\Python312\Lib\site-packages\selenium\webdriver\support\wait.py", line 129, in until
    value = method(self._driver)
            ^^^^^^^^^^^^^^^^^^^^
  File "C:\Users\fs271\AppData\Local\Programs\Python\Python312\Lib\site-packages\selenium\webdriver\support\expected_conditions.py", line 104, in _predicate
    return driver.find_element(*locator)
           ^^^^^^^^^^^^^^^^^^^^^^^^^^^^^
  File "C:\Users\fs271\AppData\Local\Programs\Python\Python312\Lib\site-packages\selenium\webdriver\remote\webdriver.py", line 922, in find_element
    return self.execute(Command.FIND_ELEMENT, {"using": by, "value": value})["value"]
           ^^^^^^^^^^^^^^^^^^^^^^^^^^^^^^^^^^^^^^^^^^^^^^^^^^^^^^^^^^^^^^^^^
  File "C:\Users\fs271\AppData\Local\Programs\Python\Python312\Lib\site-packages\selenium\webdriver\remote\webdriver.py", line 454, in execute
    self.error_handler.check_response(response)
  File "C:\Users\fs271\AppData\Local\Programs\Python\Python312\Lib\site-packages\selenium\webdriver\remote\errorhandler.py", line 232, in check_response
    raise exception_class(message, screen, stacktrace)
selenium.common.exceptions.InvalidSessionIdException: Message: invalid session id; For documentation on this error, please visit: https://www.selenium.dev/documentation/webdriver/troubleshooting/errors#invalidsessionidexception
Stacktrace:
	GetHandleVerifier [0x0x7ff776b7e8e5+80021]
	GetHandleVerifier [0x0x7ff776b7e940+80112]
	(No symbol) [0x0x7ff776900425]
	(No symbol) [0x0x7ff77694864f]
	(No symbol) [0x0x7ff7769810f2]
	(No symbol) [0x0x7ff77697b89f]
	(No symbol) [0x0x7ff77697a94a]
	(No symbol) [0x0x7ff7768ca765]
	GetHandleVerifier [0x0x7ff776e3dc7d+2960429]
	GetHandleVerifier [0x0x7ff776e37f3a+2936554]
	GetHandleVerifier [0x0x7ff776e58977+3070247]
	GetHandleVerifier [0x0x7ff776b983ce+185214]
	GetHandleVerifier [0x0x7ff776b9fe1f+216527]
	(No symbol) [0x0x7ff7768c970e]
	GetHandleVerifier [0x0x7ff776f76a68+4241944]
	BaseThreadInitThunk [0x0x7ffe5d4f259d+29]
	RtlUserThreadStart [0x0x7ffe5eaeaf78+40]


--------------------------------------------------------------------------------

[29/10/2025 07:26:27] ❌ Erro ao enviar pasta 'caçambas 2014-2016 melhor preço' para COMPRADORES PROCURAM ...: Message: invalid session id; For documentation on this error, please visit: https://www.selenium.dev/documentation/webdriver/troubleshooting/errors#invalidsessionidexception
Stacktrace:
	GetHandleVerifier [0x0x7ff776b7e8e5+80021]
	GetHandleVerifier [0x0x7ff776b7e940+80112]
	(No symbol) [0x0x7ff776900425]
	(No symbol) [0x0x7ff77694864f]
	(No symbol) [0x0x7ff7769810f2]
	(No symbol) [0x0x7ff77697b89f]
	(No symbol) [0x0x7ff77697a94a]
	(No symbol) [0x0x7ff7768ca765]
	GetHandleVerifier [0x0x7ff776e3dc7d+2960429]
	GetHandleVerifier [0x0x7ff776e37f3a+2936554]
	GetHandleVerifier [0x0x7ff776e58977+3070247]
	GetHandleVerifier [0x0x7ff776b983ce+185214]
	GetHandleVerifier [0x0x7ff776b9fe1f+216527]
	(No symbol) [0x0x7ff7768c970e]
	GetHandleVerifier [0x0x7ff776f76a68+4241944]
	BaseThreadInitThunk [0x0x7ffe5d4f259d+29]
	RtlUserThreadStart [0x0x7ffe5eaeaf78+40]

Traceback (most recent call last):
  File "D:\whatssappAuto\automatizaçãoWatts.py", line 106, in enviar_pasta_para_grupo
    search_box = WebDriverWait(driver, TEMPO_ESPERA).until(
                 ^^^^^^^^^^^^^^^^^^^^^^^^^^^^^^^^^^^^^^^^^^
  File "C:\Users\fs271\AppData\Local\Programs\Python\Python312\Lib\site-packages\selenium\webdriver\support\wait.py", line 129, in until
    value = method(self._driver)
            ^^^^^^^^^^^^^^^^^^^^
  File "C:\Users\fs271\AppData\Local\Programs\Python\Python312\Lib\site-packages\selenium\webdriver\support\expected_conditions.py", line 104, in _predicate
    return driver.find_element(*locator)
           ^^^^^^^^^^^^^^^^^^^^^^^^^^^^^
  File "C:\Users\fs271\AppData\Local\Programs\Python\Python312\Lib\site-packages\selenium\webdriver\remote\webdriver.py", line 922, in find_element
    return self.execute(Command.FIND_ELEMENT, {"using": by, "value": value})["value"]
           ^^^^^^^^^^^^^^^^^^^^^^^^^^^^^^^^^^^^^^^^^^^^^^^^^^^^^^^^^^^^^^^^^
  File "C:\Users\fs271\AppData\Local\Programs\Python\Python312\Lib\site-packages\selenium\webdriver\remote\webdriver.py", line 454, in execute
    self.error_handler.check_response(response)
  File "C:\Users\fs271\AppData\Local\Programs\Python\Python312\Lib\site-packages\selenium\webdriver\remote\errorhandler.py", line 232, in check_response
    raise exception_class(message, screen, stacktrace)
selenium.common.exceptions.InvalidSessionIdException: Message: invalid session id; For documentation on this error, please visit: https://www.selenium.dev/documentation/webdriver/troubleshooting/errors#invalidsessionidexception
Stacktrace:
	GetHandleVerifier [0x0x7ff776b7e8e5+80021]
	GetHandleVerifier [0x0x7ff776b7e940+80112]
	(No symbol) [0x0x7ff776900425]
	(No symbol) [0x0x7ff77694864f]
	(No symbol) [0x0x7ff7769810f2]
	(No symbol) [0x0x7ff77697b89f]
	(No symbol) [0x0x7ff77697a94a]
	(No symbol) [0x0x7ff7768ca765]
	GetHandleVerifier [0x0x7ff776e3dc7d+2960429]
	GetHandleVerifier [0x0x7ff776e37f3a+2936554]
	GetHandleVerifier [0x0x7ff776e58977+3070247]
	GetHandleVerifier [0x0x7ff776b983ce+185214]
	GetHandleVerifier [0x0x7ff776b9fe1f+216527]
	(No symbol) [0x0x7ff7768c970e]
	GetHandleVerifier [0x0x7ff776f76a68+4241944]
	BaseThreadInitThunk [0x0x7ffe5d4f259d+29]
	RtlUserThreadStart [0x0x7ffe5eaeaf78+40]


--------------------------------------------------------------------------------

[29/10/2025 07:26:27] ❌ Erro ao enviar pasta 'caçambas 2014-2016 melhor preço' para Consultoria, Compra, Vendas e Intermediações Caminhões, Máquinas Pesadas, Aeronaves, Fazendas etc: Message: invalid session id; For documentation on this error, please visit: https://www.selenium.dev/documentation/webdriver/troubleshooting/errors#invalidsessionidexception
Stacktrace:
	GetHandleVerifier [0x0x7ff776b7e8e5+80021]
	GetHandleVerifier [0x0x7ff776b7e940+80112]
	(No symbol) [0x0x7ff776900425]
	(No symbol) [0x0x7ff77694864f]
	(No symbol) [0x0x7ff7769810f2]
	(No symbol) [0x0x7ff77697b89f]
	(No symbol) [0x0x7ff77697a94a]
	(No symbol) [0x0x7ff7768ca765]
	GetHandleVerifier [0x0x7ff776e3dc7d+2960429]
	GetHandleVerifier [0x0x7ff776e37f3a+2936554]
	GetHandleVerifier [0x0x7ff776e58977+3070247]
	GetHandleVerifier [0x0x7ff776b983ce+185214]
	GetHandleVerifier [0x0x7ff776b9fe1f+216527]
	(No symbol) [0x0x7ff7768c970e]
	GetHandleVerifier [0x0x7ff776f76a68+4241944]
	BaseThreadInitThunk [0x0x7ffe5d4f259d+29]
	RtlUserThreadStart [0x0x7ffe5eaeaf78+40]

Traceback (most recent call last):
  File "D:\whatssappAuto\automatizaçãoWatts.py", line 106, in enviar_pasta_para_grupo
    search_box = WebDriverWait(driver, TEMPO_ESPERA).until(
                 ^^^^^^^^^^^^^^^^^^^^^^^^^^^^^^^^^^^^^^^^^^
  File "C:\Users\fs271\AppData\Local\Programs\Python\Python312\Lib\site-packages\selenium\webdriver\support\wait.py", line 129, in until
    value = method(self._driver)
            ^^^^^^^^^^^^^^^^^^^^
  File "C:\Users\fs271\AppData\Local\Programs\Python\Python312\Lib\site-packages\selenium\webdriver\support\expected_conditions.py", line 104, in _predicate
    return driver.find_element(*locator)
           ^^^^^^^^^^^^^^^^^^^^^^^^^^^^^
  File "C:\Users\fs271\AppData\Local\Programs\Python\Python312\Lib\site-packages\selenium\webdriver\remote\webdriver.py", line 922, in find_element
    return self.execute(Command.FIND_ELEMENT, {"using": by, "value": value})["value"]
           ^^^^^^^^^^^^^^^^^^^^^^^^^^^^^^^^^^^^^^^^^^^^^^^^^^^^^^^^^^^^^^^^^
  File "C:\Users\fs271\AppData\Local\Programs\Python\Python312\Lib\site-packages\selenium\webdriver\remote\webdriver.py", line 454, in execute
    self.error_handler.check_response(response)
  File "C:\Users\fs271\AppData\Local\Programs\Python\Python312\Lib\site-packages\selenium\webdriver\remote\errorhandler.py", line 232, in check_response
    raise exception_class(message, screen, stacktrace)
selenium.common.exceptions.InvalidSessionIdException: Message: invalid session id; For documentation on this error, please visit: https://www.selenium.dev/documentation/webdriver/troubleshooting/errors#invalidsessionidexception
Stacktrace:
	GetHandleVerifier [0x0x7ff776b7e8e5+80021]
	GetHandleVerifier [0x0x7ff776b7e940+80112]
	(No symbol) [0x0x7ff776900425]
	(No symbol) [0x0x7ff77694864f]
	(No symbol) [0x0x7ff7769810f2]
	(No symbol) [0x0x7ff77697b89f]
	(No symbol) [0x0x7ff77697a94a]
	(No symbol) [0x0x7ff7768ca765]
	GetHandleVerifier [0x0x7ff776e3dc7d+2960429]
	GetHandleVerifier [0x0x7ff776e37f3a+2936554]
	GetHandleVerifier [0x0x7ff776e58977+3070247]
	GetHandleVerifier [0x0x7ff776b983ce+185214]
	GetHandleVerifier [0x0x7ff776b9fe1f+216527]
	(No symbol) [0x0x7ff7768c970e]
	GetHandleVerifier [0x0x7ff776f76a68+4241944]
	BaseThreadInitThunk [0x0x7ffe5d4f259d+29]
	RtlUserThreadStart [0x0x7ffe5eaeaf78+40]


--------------------------------------------------------------------------------

[29/10/2025 07:26:37] ❌ Erro ao enviar pasta 'caçambas 2014-2016 melhor preço' para Consultoria, Compra, Vendas e Intermediações Caminhões, Máquinas Pesadas, Aeronaves, Fazendas etc: Message: invalid session id; For documentation on this error, please visit: https://www.selenium.dev/documentation/webdriver/troubleshooting/errors#invalidsessionidexception
Stacktrace:
	GetHandleVerifier [0x0x7ff776b7e8e5+80021]
	GetHandleVerifier [0x0x7ff776b7e940+80112]
	(No symbol) [0x0x7ff776900425]
	(No symbol) [0x0x7ff77694864f]
	(No symbol) [0x0x7ff7769810f2]
	(No symbol) [0x0x7ff77697b89f]
	(No symbol) [0x0x7ff77697a94a]
	(No symbol) [0x0x7ff7768ca765]
	GetHandleVerifier [0x0x7ff776e3dc7d+2960429]
	GetHandleVerifier [0x0x7ff776e37f3a+2936554]
	GetHandleVerifier [0x0x7ff776e58977+3070247]
	GetHandleVerifier [0x0x7ff776b983ce+185214]
	GetHandleVerifier [0x0x7ff776b9fe1f+216527]
	(No symbol) [0x0x7ff7768c970e]
	GetHandleVerifier [0x0x7ff776f76a68+4241944]
	BaseThreadInitThunk [0x0x7ffe5d4f259d+29]
	RtlUserThreadStart [0x0x7ffe5eaeaf78+40]

Traceback (most recent call last):
  File "D:\whatssappAuto\automatizaçãoWatts.py", line 106, in enviar_pasta_para_grupo
    search_box = WebDriverWait(driver, TEMPO_ESPERA).until(
                 ^^^^^^^^^^^^^^^^^^^^^^^^^^^^^^^^^^^^^^^^^^
  File "C:\Users\fs271\AppData\Local\Programs\Python\Python312\Lib\site-packages\selenium\webdriver\support\wait.py", line 129, in until
    value = method(self._driver)
            ^^^^^^^^^^^^^^^^^^^^
  File "C:\Users\fs271\AppData\Local\Programs\Python\Python312\Lib\site-packages\selenium\webdriver\support\expected_conditions.py", line 104, in _predicate
    return driver.find_element(*locator)
           ^^^^^^^^^^^^^^^^^^^^^^^^^^^^^
  File "C:\Users\fs271\AppData\Local\Programs\Python\Python312\Lib\site-packages\selenium\webdriver\remote\webdriver.py", line 922, in find_element
    return self.execute(Command.FIND_ELEMENT, {"using": by, "value": value})["value"]
           ^^^^^^^^^^^^^^^^^^^^^^^^^^^^^^^^^^^^^^^^^^^^^^^^^^^^^^^^^^^^^^^^^
  File "C:\Users\fs271\AppData\Local\Programs\Python\Python312\Lib\site-packages\selenium\webdriver\remote\webdriver.py", line 454, in execute
    self.error_handler.check_response(response)
  File "C:\Users\fs271\AppData\Local\Programs\Python\Python312\Lib\site-packages\selenium\webdriver\remote\errorhandler.py", line 232, in check_response
    raise exception_class(message, screen, stacktrace)
selenium.common.exceptions.InvalidSessionIdException: Message: invalid session id; For documentation on this error, please visit: https://www.selenium.dev/documentation/webdriver/troubleshooting/errors#invalidsessionidexception
Stacktrace:
	GetHandleVerifier [0x0x7ff776b7e8e5+80021]
	GetHandleVerifier [0x0x7ff776b7e940+80112]
	(No symbol) [0x0x7ff776900425]
	(No symbol) [0x0x7ff77694864f]
	(No symbol) [0x0x7ff7769810f2]
	(No symbol) [0x0x7ff77697b89f]
	(No symbol) [0x0x7ff77697a94a]
	(No symbol) [0x0x7ff7768ca765]
	GetHandleVerifier [0x0x7ff776e3dc7d+2960429]
	GetHandleVerifier [0x0x7ff776e37f3a+2936554]
	GetHandleVerifier [0x0x7ff776e58977+3070247]
	GetHandleVerifier [0x0x7ff776b983ce+185214]
	GetHandleVerifier [0x0x7ff776b9fe1f+216527]
	(No symbol) [0x0x7ff7768c970e]
	GetHandleVerifier [0x0x7ff776f76a68+4241944]
	BaseThreadInitThunk [0x0x7ffe5d4f259d+29]
	RtlUserThreadStart [0x0x7ffe5eaeaf78+40]


--------------------------------------------------------------------------------

[29/10/2025 07:26:47] ❌ Erro ao enviar pasta 'caçambas 2014-2016 melhor preço' para Consultoria, Compra, Vendas e Intermediações Caminhões, Máquinas Pesadas, Aeronaves, Fazendas etc: Message: invalid session id; For documentation on this error, please visit: https://www.selenium.dev/documentation/webdriver/troubleshooting/errors#invalidsessionidexception
Stacktrace:
	GetHandleVerifier [0x0x7ff776b7e8e5+80021]
	GetHandleVerifier [0x0x7ff776b7e940+80112]
	(No symbol) [0x0x7ff776900425]
	(No symbol) [0x0x7ff77694864f]
	(No symbol) [0x0x7ff7769810f2]
	(No symbol) [0x0x7ff77697b89f]
	(No symbol) [0x0x7ff77697a94a]
	(No symbol) [0x0x7ff7768ca765]
	GetHandleVerifier [0x0x7ff776e3dc7d+2960429]
	GetHandleVerifier [0x0x7ff776e37f3a+2936554]
	GetHandleVerifier [0x0x7ff776e58977+3070247]
	GetHandleVerifier [0x0x7ff776b983ce+185214]
	GetHandleVerifier [0x0x7ff776b9fe1f+216527]
	(No symbol) [0x0x7ff7768c970e]
	GetHandleVerifier [0x0x7ff776f76a68+4241944]
	BaseThreadInitThunk [0x0x7ffe5d4f259d+29]
	RtlUserThreadStart [0x0x7ffe5eaeaf78+40]

Traceback (most recent call last):
  File "D:\whatssappAuto\automatizaçãoWatts.py", line 106, in enviar_pasta_para_grupo
    search_box = WebDriverWait(driver, TEMPO_ESPERA).until(
                 ^^^^^^^^^^^^^^^^^^^^^^^^^^^^^^^^^^^^^^^^^^
  File "C:\Users\fs271\AppData\Local\Programs\Python\Python312\Lib\site-packages\selenium\webdriver\support\wait.py", line 129, in until
    value = method(self._driver)
            ^^^^^^^^^^^^^^^^^^^^
  File "C:\Users\fs271\AppData\Local\Programs\Python\Python312\Lib\site-packages\selenium\webdriver\support\expected_conditions.py", line 104, in _predicate
    return driver.find_element(*locator)
           ^^^^^^^^^^^^^^^^^^^^^^^^^^^^^
  File "C:\Users\fs271\AppData\Local\Programs\Python\Python312\Lib\site-packages\selenium\webdriver\remote\webdriver.py", line 922, in find_element
    return self.execute(Command.FIND_ELEMENT, {"using": by, "value": value})["value"]
           ^^^^^^^^^^^^^^^^^^^^^^^^^^^^^^^^^^^^^^^^^^^^^^^^^^^^^^^^^^^^^^^^^
  File "C:\Users\fs271\AppData\Local\Programs\Python\Python312\Lib\site-packages\selenium\webdriver\remote\webdriver.py", line 454, in execute
    self.error_handler.check_response(response)
  File "C:\Users\fs271\AppData\Local\Programs\Python\Python312\Lib\site-packages\selenium\webdriver\remote\errorhandler.py", line 232, in check_response
    raise exception_class(message, screen, stacktrace)
selenium.common.exceptions.InvalidSessionIdException: Message: invalid session id; For documentation on this error, please visit: https://www.selenium.dev/documentation/webdriver/troubleshooting/errors#invalidsessionidexception
Stacktrace:
	GetHandleVerifier [0x0x7ff776b7e8e5+80021]
	GetHandleVerifier [0x0x7ff776b7e940+80112]
	(No symbol) [0x0x7ff776900425]
	(No symbol) [0x0x7ff77694864f]
	(No symbol) [0x0x7ff7769810f2]
	(No symbol) [0x0x7ff77697b89f]
	(No symbol) [0x0x7ff77697a94a]
	(No symbol) [0x0x7ff7768ca765]
	GetHandleVerifier [0x0x7ff776e3dc7d+2960429]
	GetHandleVerifier [0x0x7ff776e37f3a+2936554]
	GetHandleVerifier [0x0x7ff776e58977+3070247]
	GetHandleVerifier [0x0x7ff776b983ce+185214]
	GetHandleVerifier [0x0x7ff776b9fe1f+216527]
	(No symbol) [0x0x7ff7768c970e]
	GetHandleVerifier [0x0x7ff776f76a68+4241944]
	BaseThreadInitThunk [0x0x7ffe5d4f259d+29]
	RtlUserThreadStart [0x0x7ffe5eaeaf78+40]


--------------------------------------------------------------------------------

[29/10/2025 07:26:47] ❌ Erro ao enviar pasta 'caçambas 2014-2016 melhor preço' para MF Caminhões e Carretas: Message: invalid session id; For documentation on this error, please visit: https://www.selenium.dev/documentation/webdriver/troubleshooting/errors#invalidsessionidexception
Stacktrace:
	GetHandleVerifier [0x0x7ff776b7e8e5+80021]
	GetHandleVerifier [0x0x7ff776b7e940+80112]
	(No symbol) [0x0x7ff776900425]
	(No symbol) [0x0x7ff77694864f]
	(No symbol) [0x0x7ff7769810f2]
	(No symbol) [0x0x7ff77697b89f]
	(No symbol) [0x0x7ff77697a94a]
	(No symbol) [0x0x7ff7768ca765]
	GetHandleVerifier [0x0x7ff776e3dc7d+2960429]
	GetHandleVerifier [0x0x7ff776e37f3a+2936554]
	GetHandleVerifier [0x0x7ff776e58977+3070247]
	GetHandleVerifier [0x0x7ff776b983ce+185214]
	GetHandleVerifier [0x0x7ff776b9fe1f+216527]
	(No symbol) [0x0x7ff7768c970e]
	GetHandleVerifier [0x0x7ff776f76a68+4241944]
	BaseThreadInitThunk [0x0x7ffe5d4f259d+29]
	RtlUserThreadStart [0x0x7ffe5eaeaf78+40]

Traceback (most recent call last):
  File "D:\whatssappAuto\automatizaçãoWatts.py", line 106, in enviar_pasta_para_grupo
    search_box = WebDriverWait(driver, TEMPO_ESPERA).until(
                 ^^^^^^^^^^^^^^^^^^^^^^^^^^^^^^^^^^^^^^^^^^
  File "C:\Users\fs271\AppData\Local\Programs\Python\Python312\Lib\site-packages\selenium\webdriver\support\wait.py", line 129, in until
    value = method(self._driver)
            ^^^^^^^^^^^^^^^^^^^^
  File "C:\Users\fs271\AppData\Local\Programs\Python\Python312\Lib\site-packages\selenium\webdriver\support\expected_conditions.py", line 104, in _predicate
    return driver.find_element(*locator)
           ^^^^^^^^^^^^^^^^^^^^^^^^^^^^^
  File "C:\Users\fs271\AppData\Local\Programs\Python\Python312\Lib\site-packages\selenium\webdriver\remote\webdriver.py", line 922, in find_element
    return self.execute(Command.FIND_ELEMENT, {"using": by, "value": value})["value"]
           ^^^^^^^^^^^^^^^^^^^^^^^^^^^^^^^^^^^^^^^^^^^^^^^^^^^^^^^^^^^^^^^^^
  File "C:\Users\fs271\AppData\Local\Programs\Python\Python312\Lib\site-packages\selenium\webdriver\remote\webdriver.py", line 454, in execute
    self.error_handler.check_response(response)
  File "C:\Users\fs271\AppData\Local\Programs\Python\Python312\Lib\site-packages\selenium\webdriver\remote\errorhandler.py", line 232, in check_response
    raise exception_class(message, screen, stacktrace)
selenium.common.exceptions.InvalidSessionIdException: Message: invalid session id; For documentation on this error, please visit: https://www.selenium.dev/documentation/webdriver/troubleshooting/errors#invalidsessionidexception
Stacktrace:
	GetHandleVerifier [0x0x7ff776b7e8e5+80021]
	GetHandleVerifier [0x0x7ff776b7e940+80112]
	(No symbol) [0x0x7ff776900425]
	(No symbol) [0x0x7ff77694864f]
	(No symbol) [0x0x7ff7769810f2]
	(No symbol) [0x0x7ff77697b89f]
	(No symbol) [0x0x7ff77697a94a]
	(No symbol) [0x0x7ff7768ca765]
	GetHandleVerifier [0x0x7ff776e3dc7d+2960429]
	GetHandleVerifier [0x0x7ff776e37f3a+2936554]
	GetHandleVerifier [0x0x7ff776e58977+3070247]
	GetHandleVerifier [0x0x7ff776b983ce+185214]
	GetHandleVerifier [0x0x7ff776b9fe1f+216527]
	(No symbol) [0x0x7ff7768c970e]
	GetHandleVerifier [0x0x7ff776f76a68+4241944]
	BaseThreadInitThunk [0x0x7ffe5d4f259d+29]
	RtlUserThreadStart [0x0x7ffe5eaeaf78+40]


--------------------------------------------------------------------------------

[29/10/2025 07:26:57] ❌ Erro ao enviar pasta 'caçambas 2014-2016 melhor preço' para MF Caminhões e Carretas: Message: invalid session id; For documentation on this error, please visit: https://www.selenium.dev/documentation/webdriver/troubleshooting/errors#invalidsessionidexception
Stacktrace:
	GetHandleVerifier [0x0x7ff776b7e8e5+80021]
	GetHandleVerifier [0x0x7ff776b7e940+80112]
	(No symbol) [0x0x7ff776900425]
	(No symbol) [0x0x7ff77694864f]
	(No symbol) [0x0x7ff7769810f2]
	(No symbol) [0x0x7ff77697b89f]
	(No symbol) [0x0x7ff77697a94a]
	(No symbol) [0x0x7ff7768ca765]
	GetHandleVerifier [0x0x7ff776e3dc7d+2960429]
	GetHandleVerifier [0x0x7ff776e37f3a+2936554]
	GetHandleVerifier [0x0x7ff776e58977+3070247]
	GetHandleVerifier [0x0x7ff776b983ce+185214]
	GetHandleVerifier [0x0x7ff776b9fe1f+216527]
	(No symbol) [0x0x7ff7768c970e]
	GetHandleVerifier [0x0x7ff776f76a68+4241944]
	BaseThreadInitThunk [0x0x7ffe5d4f259d+29]
	RtlUserThreadStart [0x0x7ffe5eaeaf78+40]

Traceback (most recent call last):
  File "D:\whatssappAuto\automatizaçãoWatts.py", line 106, in enviar_pasta_para_grupo
    search_box = WebDriverWait(driver, TEMPO_ESPERA).until(
                 ^^^^^^^^^^^^^^^^^^^^^^^^^^^^^^^^^^^^^^^^^^
  File "C:\Users\fs271\AppData\Local\Programs\Python\Python312\Lib\site-packages\selenium\webdriver\support\wait.py", line 129, in until
    value = method(self._driver)
            ^^^^^^^^^^^^^^^^^^^^
  File "C:\Users\fs271\AppData\Local\Programs\Python\Python312\Lib\site-packages\selenium\webdriver\support\expected_conditions.py", line 104, in _predicate
    return driver.find_element(*locator)
           ^^^^^^^^^^^^^^^^^^^^^^^^^^^^^
  File "C:\Users\fs271\AppData\Local\Programs\Python\Python312\Lib\site-packages\selenium\webdriver\remote\webdriver.py", line 922, in find_element
    return self.execute(Command.FIND_ELEMENT, {"using": by, "value": value})["value"]
           ^^^^^^^^^^^^^^^^^^^^^^^^^^^^^^^^^^^^^^^^^^^^^^^^^^^^^^^^^^^^^^^^^
  File "C:\Users\fs271\AppData\Local\Programs\Python\Python312\Lib\site-packages\selenium\webdriver\remote\webdriver.py", line 454, in execute
    self.error_handler.check_response(response)
  File "C:\Users\fs271\AppData\Local\Programs\Python\Python312\Lib\site-packages\selenium\webdriver\remote\errorhandler.py", line 232, in check_response
    raise exception_class(message, screen, stacktrace)
selenium.common.exceptions.InvalidSessionIdException: Message: invalid session id; For documentation on this error, please visit: https://www.selenium.dev/documentation/webdriver/troubleshooting/errors#invalidsessionidexception
Stacktrace:
	GetHandleVerifier [0x0x7ff776b7e8e5+80021]
	GetHandleVerifier [0x0x7ff776b7e940+80112]
	(No symbol) [0x0x7ff776900425]
	(No symbol) [0x0x7ff77694864f]
	(No symbol) [0x0x7ff7769810f2]
	(No symbol) [0x0x7ff77697b89f]
	(No symbol) [0x0x7ff77697a94a]
	(No symbol) [0x0x7ff7768ca765]
	GetHandleVerifier [0x0x7ff776e3dc7d+2960429]
	GetHandleVerifier [0x0x7ff776e37f3a+2936554]
	GetHandleVerifier [0x0x7ff776e58977+3070247]
	GetHandleVerifier [0x0x7ff776b983ce+185214]
	GetHandleVerifier [0x0x7ff776b9fe1f+216527]
	(No symbol) [0x0x7ff7768c970e]
	GetHandleVerifier [0x0x7ff776f76a68+4241944]
	BaseThreadInitThunk [0x0x7ffe5d4f259d+29]
	RtlUserThreadStart [0x0x7ffe5eaeaf78+40]


--------------------------------------------------------------------------------

[29/10/2025 07:27:07] ❌ Erro ao enviar pasta 'caçambas 2014-2016 melhor preço' para MF Caminhões e Carretas: Message: invalid session id; For documentation on this error, please visit: https://www.selenium.dev/documentation/webdriver/troubleshooting/errors#invalidsessionidexception
Stacktrace:
	GetHandleVerifier [0x0x7ff776b7e8e5+80021]
	GetHandleVerifier [0x0x7ff776b7e940+80112]
	(No symbol) [0x0x7ff776900425]
	(No symbol) [0x0x7ff77694864f]
	(No symbol) [0x0x7ff7769810f2]
	(No symbol) [0x0x7ff77697b89f]
	(No symbol) [0x0x7ff77697a94a]
	(No symbol) [0x0x7ff7768ca765]
	GetHandleVerifier [0x0x7ff776e3dc7d+2960429]
	GetHandleVerifier [0x0x7ff776e37f3a+2936554]
	GetHandleVerifier [0x0x7ff776e58977+3070247]
	GetHandleVerifier [0x0x7ff776b983ce+185214]
	GetHandleVerifier [0x0x7ff776b9fe1f+216527]
	(No symbol) [0x0x7ff7768c970e]
	GetHandleVerifier [0x0x7ff776f76a68+4241944]
	BaseThreadInitThunk [0x0x7ffe5d4f259d+29]
	RtlUserThreadStart [0x0x7ffe5eaeaf78+40]

Traceback (most recent call last):
  File "D:\whatssappAuto\automatizaçãoWatts.py", line 106, in enviar_pasta_para_grupo
    search_box = WebDriverWait(driver, TEMPO_ESPERA).until(
                 ^^^^^^^^^^^^^^^^^^^^^^^^^^^^^^^^^^^^^^^^^^
  File "C:\Users\fs271\AppData\Local\Programs\Python\Python312\Lib\site-packages\selenium\webdriver\support\wait.py", line 129, in until
    value = method(self._driver)
            ^^^^^^^^^^^^^^^^^^^^
  File "C:\Users\fs271\AppData\Local\Programs\Python\Python312\Lib\site-packages\selenium\webdriver\support\expected_conditions.py", line 104, in _predicate
    return driver.find_element(*locator)
           ^^^^^^^^^^^^^^^^^^^^^^^^^^^^^
  File "C:\Users\fs271\AppData\Local\Programs\Python\Python312\Lib\site-packages\selenium\webdriver\remote\webdriver.py", line 922, in find_element
    return self.execute(Command.FIND_ELEMENT, {"using": by, "value": value})["value"]
           ^^^^^^^^^^^^^^^^^^^^^^^^^^^^^^^^^^^^^^^^^^^^^^^^^^^^^^^^^^^^^^^^^
  File "C:\Users\fs271\AppData\Local\Programs\Python\Python312\Lib\site-packages\selenium\webdriver\remote\webdriver.py", line 454, in execute
    self.error_handler.check_response(response)
  File "C:\Users\fs271\AppData\Local\Programs\Python\Python312\Lib\site-packages\selenium\webdriver\remote\errorhandler.py", line 232, in check_response
    raise exception_class(message, screen, stacktrace)
selenium.common.exceptions.InvalidSessionIdException: Message: invalid session id; For documentation on this error, please visit: https://www.selenium.dev/documentation/webdriver/troubleshooting/errors#invalidsessionidexception
Stacktrace:
	GetHandleVerifier [0x0x7ff776b7e8e5+80021]
	GetHandleVerifier [0x0x7ff776b7e940+80112]
	(No symbol) [0x0x7ff776900425]
	(No symbol) [0x0x7ff77694864f]
	(No symbol) [0x0x7ff7769810f2]
	(No symbol) [0x0x7ff77697b89f]
	(No symbol) [0x0x7ff77697a94a]
	(No symbol) [0x0x7ff7768ca765]
	GetHandleVerifier [0x0x7ff776e3dc7d+2960429]
	GetHandleVerifier [0x0x7ff776e37f3a+2936554]
	GetHandleVerifier [0x0x7ff776e58977+3070247]
	GetHandleVerifier [0x0x7ff776b983ce+185214]
	GetHandleVerifier [0x0x7ff776b9fe1f+216527]
	(No symbol) [0x0x7ff7768c970e]
	GetHandleVerifier [0x0x7ff776f76a68+4241944]
	BaseThreadInitThunk [0x0x7ffe5d4f259d+29]
	RtlUserThreadStart [0x0x7ffe5eaeaf78+40]


--------------------------------------------------------------------------------

[29/10/2025 07:27:07] ❌ Erro ao enviar pasta 'fabrica de ração 99822' para CORRETORES BILL GRUPO.: Message: invalid session id; For documentation on this error, please visit: https://www.selenium.dev/documentation/webdriver/troubleshooting/errors#invalidsessionidexception
Stacktrace:
	GetHandleVerifier [0x0x7ff776b7e8e5+80021]
	GetHandleVerifier [0x0x7ff776b7e940+80112]
	(No symbol) [0x0x7ff776900425]
	(No symbol) [0x0x7ff77694864f]
	(No symbol) [0x0x7ff7769810f2]
	(No symbol) [0x0x7ff77697b89f]
	(No symbol) [0x0x7ff77697a94a]
	(No symbol) [0x0x7ff7768ca765]
	GetHandleVerifier [0x0x7ff776e3dc7d+2960429]
	GetHandleVerifier [0x0x7ff776e37f3a+2936554]
	GetHandleVerifier [0x0x7ff776e58977+3070247]
	GetHandleVerifier [0x0x7ff776b983ce+185214]
	GetHandleVerifier [0x0x7ff776b9fe1f+216527]
	(No symbol) [0x0x7ff7768c970e]
	GetHandleVerifier [0x0x7ff776f76a68+4241944]
	BaseThreadInitThunk [0x0x7ffe5d4f259d+29]
	RtlUserThreadStart [0x0x7ffe5eaeaf78+40]

Traceback (most recent call last):
  File "D:\whatssappAuto\automatizaçãoWatts.py", line 106, in enviar_pasta_para_grupo
    search_box = WebDriverWait(driver, TEMPO_ESPERA).until(
                 ^^^^^^^^^^^^^^^^^^^^^^^^^^^^^^^^^^^^^^^^^^
  File "C:\Users\fs271\AppData\Local\Programs\Python\Python312\Lib\site-packages\selenium\webdriver\support\wait.py", line 129, in until
    value = method(self._driver)
            ^^^^^^^^^^^^^^^^^^^^
  File "C:\Users\fs271\AppData\Local\Programs\Python\Python312\Lib\site-packages\selenium\webdriver\support\expected_conditions.py", line 104, in _predicate
    return driver.find_element(*locator)
           ^^^^^^^^^^^^^^^^^^^^^^^^^^^^^
  File "C:\Users\fs271\AppData\Local\Programs\Python\Python312\Lib\site-packages\selenium\webdriver\remote\webdriver.py", line 922, in find_element
    return self.execute(Command.FIND_ELEMENT, {"using": by, "value": value})["value"]
           ^^^^^^^^^^^^^^^^^^^^^^^^^^^^^^^^^^^^^^^^^^^^^^^^^^^^^^^^^^^^^^^^^
  File "C:\Users\fs271\AppData\Local\Programs\Python\Python312\Lib\site-packages\selenium\webdriver\remote\webdriver.py", line 454, in execute
    self.error_handler.check_response(response)
  File "C:\Users\fs271\AppData\Local\Programs\Python\Python312\Lib\site-packages\selenium\webdriver\remote\errorhandler.py", line 232, in check_response
    raise exception_class(message, screen, stacktrace)
selenium.common.exceptions.InvalidSessionIdException: Message: invalid session id; For documentation on this error, please visit: https://www.selenium.dev/documentation/webdriver/troubleshooting/errors#invalidsessionidexception
Stacktrace:
	GetHandleVerifier [0x0x7ff776b7e8e5+80021]
	GetHandleVerifier [0x0x7ff776b7e940+80112]
	(No symbol) [0x0x7ff776900425]
	(No symbol) [0x0x7ff77694864f]
	(No symbol) [0x0x7ff7769810f2]
	(No symbol) [0x0x7ff77697b89f]
	(No symbol) [0x0x7ff77697a94a]
	(No symbol) [0x0x7ff7768ca765]
	GetHandleVerifier [0x0x7ff776e3dc7d+2960429]
	GetHandleVerifier [0x0x7ff776e37f3a+2936554]
	GetHandleVerifier [0x0x7ff776e58977+3070247]
	GetHandleVerifier [0x0x7ff776b983ce+185214]
	GetHandleVerifier [0x0x7ff776b9fe1f+216527]
	(No symbol) [0x0x7ff7768c970e]
	GetHandleVerifier [0x0x7ff776f76a68+4241944]
	BaseThreadInitThunk [0x0x7ffe5d4f259d+29]
	RtlUserThreadStart [0x0x7ffe5eaeaf78+40]


--------------------------------------------------------------------------------

[29/10/2025 07:27:17] ❌ Erro ao enviar pasta 'fabrica de ração 99822' para CORRETORES BILL GRUPO.: Message: invalid session id; For documentation on this error, please visit: https://www.selenium.dev/documentation/webdriver/troubleshooting/errors#invalidsessionidexception
Stacktrace:
	GetHandleVerifier [0x0x7ff776b7e8e5+80021]
	GetHandleVerifier [0x0x7ff776b7e940+80112]
	(No symbol) [0x0x7ff776900425]
	(No symbol) [0x0x7ff77694864f]
	(No symbol) [0x0x7ff7769810f2]
	(No symbol) [0x0x7ff77697b89f]
	(No symbol) [0x0x7ff77697a94a]
	(No symbol) [0x0x7ff7768ca765]
	GetHandleVerifier [0x0x7ff776e3dc7d+2960429]
	GetHandleVerifier [0x0x7ff776e37f3a+2936554]
	GetHandleVerifier [0x0x7ff776e58977+3070247]
	GetHandleVerifier [0x0x7ff776b983ce+185214]
	GetHandleVerifier [0x0x7ff776b9fe1f+216527]
	(No symbol) [0x0x7ff7768c970e]
	GetHandleVerifier [0x0x7ff776f76a68+4241944]
	BaseThreadInitThunk [0x0x7ffe5d4f259d+29]
	RtlUserThreadStart [0x0x7ffe5eaeaf78+40]

Traceback (most recent call last):
  File "D:\whatssappAuto\automatizaçãoWatts.py", line 106, in enviar_pasta_para_grupo
    search_box = WebDriverWait(driver, TEMPO_ESPERA).until(
                 ^^^^^^^^^^^^^^^^^^^^^^^^^^^^^^^^^^^^^^^^^^
  File "C:\Users\fs271\AppData\Local\Programs\Python\Python312\Lib\site-packages\selenium\webdriver\support\wait.py", line 129, in until
    value = method(self._driver)
            ^^^^^^^^^^^^^^^^^^^^
  File "C:\Users\fs271\AppData\Local\Programs\Python\Python312\Lib\site-packages\selenium\webdriver\support\expected_conditions.py", line 104, in _predicate
    return driver.find_element(*locator)
           ^^^^^^^^^^^^^^^^^^^^^^^^^^^^^
  File "C:\Users\fs271\AppData\Local\Programs\Python\Python312\Lib\site-packages\selenium\webdriver\remote\webdriver.py", line 922, in find_element
    return self.execute(Command.FIND_ELEMENT, {"using": by, "value": value})["value"]
           ^^^^^^^^^^^^^^^^^^^^^^^^^^^^^^^^^^^^^^^^^^^^^^^^^^^^^^^^^^^^^^^^^
  File "C:\Users\fs271\AppData\Local\Programs\Python\Python312\Lib\site-packages\selenium\webdriver\remote\webdriver.py", line 454, in execute
    self.error_handler.check_response(response)
  File "C:\Users\fs271\AppData\Local\Programs\Python\Python312\Lib\site-packages\selenium\webdriver\remote\errorhandler.py", line 232, in check_response
    raise exception_class(message, screen, stacktrace)
selenium.common.exceptions.InvalidSessionIdException: Message: invalid session id; For documentation on this error, please visit: https://www.selenium.dev/documentation/webdriver/troubleshooting/errors#invalidsessionidexception
Stacktrace:
	GetHandleVerifier [0x0x7ff776b7e8e5+80021]
	GetHandleVerifier [0x0x7ff776b7e940+80112]
	(No symbol) [0x0x7ff776900425]
	(No symbol) [0x0x7ff77694864f]
	(No symbol) [0x0x7ff7769810f2]
	(No symbol) [0x0x7ff77697b89f]
	(No symbol) [0x0x7ff77697a94a]
	(No symbol) [0x0x7ff7768ca765]
	GetHandleVerifier [0x0x7ff776e3dc7d+2960429]
	GetHandleVerifier [0x0x7ff776e37f3a+2936554]
	GetHandleVerifier [0x0x7ff776e58977+3070247]
	GetHandleVerifier [0x0x7ff776b983ce+185214]
	GetHandleVerifier [0x0x7ff776b9fe1f+216527]
	(No symbol) [0x0x7ff7768c970e]
	GetHandleVerifier [0x0x7ff776f76a68+4241944]
	BaseThreadInitThunk [0x0x7ffe5d4f259d+29]
	RtlUserThreadStart [0x0x7ffe5eaeaf78+40]


--------------------------------------------------------------------------------

[29/10/2025 07:27:27] ❌ Erro ao enviar pasta 'fabrica de ração 99822' para CORRETORES BILL GRUPO.: Message: invalid session id; For documentation on this error, please visit: https://www.selenium.dev/documentation/webdriver/troubleshooting/errors#invalidsessionidexception
Stacktrace:
	GetHandleVerifier [0x0x7ff776b7e8e5+80021]
	GetHandleVerifier [0x0x7ff776b7e940+80112]
	(No symbol) [0x0x7ff776900425]
	(No symbol) [0x0x7ff77694864f]
	(No symbol) [0x0x7ff7769810f2]
	(No symbol) [0x0x7ff77697b89f]
	(No symbol) [0x0x7ff77697a94a]
	(No symbol) [0x0x7ff7768ca765]
	GetHandleVerifier [0x0x7ff776e3dc7d+2960429]
	GetHandleVerifier [0x0x7ff776e37f3a+2936554]
	GetHandleVerifier [0x0x7ff776e58977+3070247]
	GetHandleVerifier [0x0x7ff776b983ce+185214]
	GetHandleVerifier [0x0x7ff776b9fe1f+216527]
	(No symbol) [0x0x7ff7768c970e]
	GetHandleVerifier [0x0x7ff776f76a68+4241944]
	BaseThreadInitThunk [0x0x7ffe5d4f259d+29]
	RtlUserThreadStart [0x0x7ffe5eaeaf78+40]

Traceback (most recent call last):
  File "D:\whatssappAuto\automatizaçãoWatts.py", line 106, in enviar_pasta_para_grupo
    search_box = WebDriverWait(driver, TEMPO_ESPERA).until(
                 ^^^^^^^^^^^^^^^^^^^^^^^^^^^^^^^^^^^^^^^^^^
  File "C:\Users\fs271\AppData\Local\Programs\Python\Python312\Lib\site-packages\selenium\webdriver\support\wait.py", line 129, in until
    value = method(self._driver)
            ^^^^^^^^^^^^^^^^^^^^
  File "C:\Users\fs271\AppData\Local\Programs\Python\Python312\Lib\site-packages\selenium\webdriver\support\expected_conditions.py", line 104, in _predicate
    return driver.find_element(*locator)
           ^^^^^^^^^^^^^^^^^^^^^^^^^^^^^
  File "C:\Users\fs271\AppData\Local\Programs\Python\Python312\Lib\site-packages\selenium\webdriver\remote\webdriver.py", line 922, in find_element
    return self.execute(Command.FIND_ELEMENT, {"using": by, "value": value})["value"]
           ^^^^^^^^^^^^^^^^^^^^^^^^^^^^^^^^^^^^^^^^^^^^^^^^^^^^^^^^^^^^^^^^^
  File "C:\Users\fs271\AppData\Local\Programs\Python\Python312\Lib\site-packages\selenium\webdriver\remote\webdriver.py", line 454, in execute
    self.error_handler.check_response(response)
  File "C:\Users\fs271\AppData\Local\Programs\Python\Python312\Lib\site-packages\selenium\webdriver\remote\errorhandler.py", line 232, in check_response
    raise exception_class(message, screen, stacktrace)
selenium.common.exceptions.InvalidSessionIdException: Message: invalid session id; For documentation on this error, please visit: https://www.selenium.dev/documentation/webdriver/troubleshooting/errors#invalidsessionidexception
Stacktrace:
	GetHandleVerifier [0x0x7ff776b7e8e5+80021]
	GetHandleVerifier [0x0x7ff776b7e940+80112]
	(No symbol) [0x0x7ff776900425]
	(No symbol) [0x0x7ff77694864f]
	(No symbol) [0x0x7ff7769810f2]
	(No symbol) [0x0x7ff77697b89f]
	(No symbol) [0x0x7ff77697a94a]
	(No symbol) [0x0x7ff7768ca765]
	GetHandleVerifier [0x0x7ff776e3dc7d+2960429]
	GetHandleVerifier [0x0x7ff776e37f3a+2936554]
	GetHandleVerifier [0x0x7ff776e58977+3070247]
	GetHandleVerifier [0x0x7ff776b983ce+185214]
	GetHandleVerifier [0x0x7ff776b9fe1f+216527]
	(No symbol) [0x0x7ff7768c970e]
	GetHandleVerifier [0x0x7ff776f76a68+4241944]
	BaseThreadInitThunk [0x0x7ffe5d4f259d+29]
	RtlUserThreadStart [0x0x7ffe5eaeaf78+40]


--------------------------------------------------------------------------------

[29/10/2025 07:27:27] ❌ Erro ao enviar pasta 'fabrica de ração 99822' para COMPRADORES PROCURAM ...: Message: invalid session id; For documentation on this error, please visit: https://www.selenium.dev/documentation/webdriver/troubleshooting/errors#invalidsessionidexception
Stacktrace:
	GetHandleVerifier [0x0x7ff776b7e8e5+80021]
	GetHandleVerifier [0x0x7ff776b7e940+80112]
	(No symbol) [0x0x7ff776900425]
	(No symbol) [0x0x7ff77694864f]
	(No symbol) [0x0x7ff7769810f2]
	(No symbol) [0x0x7ff77697b89f]
	(No symbol) [0x0x7ff77697a94a]
	(No symbol) [0x0x7ff7768ca765]
	GetHandleVerifier [0x0x7ff776e3dc7d+2960429]
	GetHandleVerifier [0x0x7ff776e37f3a+2936554]
	GetHandleVerifier [0x0x7ff776e58977+3070247]
	GetHandleVerifier [0x0x7ff776b983ce+185214]
	GetHandleVerifier [0x0x7ff776b9fe1f+216527]
	(No symbol) [0x0x7ff7768c970e]
	GetHandleVerifier [0x0x7ff776f76a68+4241944]
	BaseThreadInitThunk [0x0x7ffe5d4f259d+29]
	RtlUserThreadStart [0x0x7ffe5eaeaf78+40]

Traceback (most recent call last):
  File "D:\whatssappAuto\automatizaçãoWatts.py", line 106, in enviar_pasta_para_grupo
    search_box = WebDriverWait(driver, TEMPO_ESPERA).until(
                 ^^^^^^^^^^^^^^^^^^^^^^^^^^^^^^^^^^^^^^^^^^
  File "C:\Users\fs271\AppData\Local\Programs\Python\Python312\Lib\site-packages\selenium\webdriver\support\wait.py", line 129, in until
    value = method(self._driver)
            ^^^^^^^^^^^^^^^^^^^^
  File "C:\Users\fs271\AppData\Local\Programs\Python\Python312\Lib\site-packages\selenium\webdriver\support\expected_conditions.py", line 104, in _predicate
    return driver.find_element(*locator)
           ^^^^^^^^^^^^^^^^^^^^^^^^^^^^^
  File "C:\Users\fs271\AppData\Local\Programs\Python\Python312\Lib\site-packages\selenium\webdriver\remote\webdriver.py", line 922, in find_element
    return self.execute(Command.FIND_ELEMENT, {"using": by, "value": value})["value"]
           ^^^^^^^^^^^^^^^^^^^^^^^^^^^^^^^^^^^^^^^^^^^^^^^^^^^^^^^^^^^^^^^^^
  File "C:\Users\fs271\AppData\Local\Programs\Python\Python312\Lib\site-packages\selenium\webdriver\remote\webdriver.py", line 454, in execute
    self.error_handler.check_response(response)
  File "C:\Users\fs271\AppData\Local\Programs\Python\Python312\Lib\site-packages\selenium\webdriver\remote\errorhandler.py", line 232, in check_response
    raise exception_class(message, screen, stacktrace)
selenium.common.exceptions.InvalidSessionIdException: Message: invalid session id; For documentation on this error, please visit: https://www.selenium.dev/documentation/webdriver/troubleshooting/errors#invalidsessionidexception
Stacktrace:
	GetHandleVerifier [0x0x7ff776b7e8e5+80021]
	GetHandleVerifier [0x0x7ff776b7e940+80112]
	(No symbol) [0x0x7ff776900425]
	(No symbol) [0x0x7ff77694864f]
	(No symbol) [0x0x7ff7769810f2]
	(No symbol) [0x0x7ff77697b89f]
	(No symbol) [0x0x7ff77697a94a]
	(No symbol) [0x0x7ff7768ca765]
	GetHandleVerifier [0x0x7ff776e3dc7d+2960429]
	GetHandleVerifier [0x0x7ff776e37f3a+2936554]
	GetHandleVerifier [0x0x7ff776e58977+3070247]
	GetHandleVerifier [0x0x7ff776b983ce+185214]
	GetHandleVerifier [0x0x7ff776b9fe1f+216527]
	(No symbol) [0x0x7ff7768c970e]
	GetHandleVerifier [0x0x7ff776f76a68+4241944]
	BaseThreadInitThunk [0x0x7ffe5d4f259d+29]
	RtlUserThreadStart [0x0x7ffe5eaeaf78+40]


--------------------------------------------------------------------------------

[29/10/2025 07:27:37] ❌ Erro ao enviar pasta 'fabrica de ração 99822' para COMPRADORES PROCURAM ...: Message: invalid session id; For documentation on this error, please visit: https://www.selenium.dev/documentation/webdriver/troubleshooting/errors#invalidsessionidexception
Stacktrace:
	GetHandleVerifier [0x0x7ff776b7e8e5+80021]
	GetHandleVerifier [0x0x7ff776b7e940+80112]
	(No symbol) [0x0x7ff776900425]
	(No symbol) [0x0x7ff77694864f]
	(No symbol) [0x0x7ff7769810f2]
	(No symbol) [0x0x7ff77697b89f]
	(No symbol) [0x0x7ff77697a94a]
	(No symbol) [0x0x7ff7768ca765]
	GetHandleVerifier [0x0x7ff776e3dc7d+2960429]
	GetHandleVerifier [0x0x7ff776e37f3a+2936554]
	GetHandleVerifier [0x0x7ff776e58977+3070247]
	GetHandleVerifier [0x0x7ff776b983ce+185214]
	GetHandleVerifier [0x0x7ff776b9fe1f+216527]
	(No symbol) [0x0x7ff7768c970e]
	GetHandleVerifier [0x0x7ff776f76a68+4241944]
	BaseThreadInitThunk [0x0x7ffe5d4f259d+29]
	RtlUserThreadStart [0x0x7ffe5eaeaf78+40]

Traceback (most recent call last):
  File "D:\whatssappAuto\automatizaçãoWatts.py", line 106, in enviar_pasta_para_grupo
    search_box = WebDriverWait(driver, TEMPO_ESPERA).until(
                 ^^^^^^^^^^^^^^^^^^^^^^^^^^^^^^^^^^^^^^^^^^
  File "C:\Users\fs271\AppData\Local\Programs\Python\Python312\Lib\site-packages\selenium\webdriver\support\wait.py", line 129, in until
    value = method(self._driver)
            ^^^^^^^^^^^^^^^^^^^^
  File "C:\Users\fs271\AppData\Local\Programs\Python\Python312\Lib\site-packages\selenium\webdriver\support\expected_conditions.py", line 104, in _predicate
    return driver.find_element(*locator)
           ^^^^^^^^^^^^^^^^^^^^^^^^^^^^^
  File "C:\Users\fs271\AppData\Local\Programs\Python\Python312\Lib\site-packages\selenium\webdriver\remote\webdriver.py", line 922, in find_element
    return self.execute(Command.FIND_ELEMENT, {"using": by, "value": value})["value"]
           ^^^^^^^^^^^^^^^^^^^^^^^^^^^^^^^^^^^^^^^^^^^^^^^^^^^^^^^^^^^^^^^^^
  File "C:\Users\fs271\AppData\Local\Programs\Python\Python312\Lib\site-packages\selenium\webdriver\remote\webdriver.py", line 454, in execute
    self.error_handler.check_response(response)
  File "C:\Users\fs271\AppData\Local\Programs\Python\Python312\Lib\site-packages\selenium\webdriver\remote\errorhandler.py", line 232, in check_response
    raise exception_class(message, screen, stacktrace)
selenium.common.exceptions.InvalidSessionIdException: Message: invalid session id; For documentation on this error, please visit: https://www.selenium.dev/documentation/webdriver/troubleshooting/errors#invalidsessionidexception
Stacktrace:
	GetHandleVerifier [0x0x7ff776b7e8e5+80021]
	GetHandleVerifier [0x0x7ff776b7e940+80112]
	(No symbol) [0x0x7ff776900425]
	(No symbol) [0x0x7ff77694864f]
	(No symbol) [0x0x7ff7769810f2]
	(No symbol) [0x0x7ff77697b89f]
	(No symbol) [0x0x7ff77697a94a]
	(No symbol) [0x0x7ff7768ca765]
	GetHandleVerifier [0x0x7ff776e3dc7d+2960429]
	GetHandleVerifier [0x0x7ff776e37f3a+2936554]
	GetHandleVerifier [0x0x7ff776e58977+3070247]
	GetHandleVerifier [0x0x7ff776b983ce+185214]
	GetHandleVerifier [0x0x7ff776b9fe1f+216527]
	(No symbol) [0x0x7ff7768c970e]
	GetHandleVerifier [0x0x7ff776f76a68+4241944]
	BaseThreadInitThunk [0x0x7ffe5d4f259d+29]
	RtlUserThreadStart [0x0x7ffe5eaeaf78+40]


--------------------------------------------------------------------------------

[29/10/2025 07:27:47] ❌ Erro ao enviar pasta 'fabrica de ração 99822' para COMPRADORES PROCURAM ...: Message: invalid session id; For documentation on this error, please visit: https://www.selenium.dev/documentation/webdriver/troubleshooting/errors#invalidsessionidexception
Stacktrace:
	GetHandleVerifier [0x0x7ff776b7e8e5+80021]
	GetHandleVerifier [0x0x7ff776b7e940+80112]
	(No symbol) [0x0x7ff776900425]
	(No symbol) [0x0x7ff77694864f]
	(No symbol) [0x0x7ff7769810f2]
	(No symbol) [0x0x7ff77697b89f]
	(No symbol) [0x0x7ff77697a94a]
	(No symbol) [0x0x7ff7768ca765]
	GetHandleVerifier [0x0x7ff776e3dc7d+2960429]
	GetHandleVerifier [0x0x7ff776e37f3a+2936554]
	GetHandleVerifier [0x0x7ff776e58977+3070247]
	GetHandleVerifier [0x0x7ff776b983ce+185214]
	GetHandleVerifier [0x0x7ff776b9fe1f+216527]
	(No symbol) [0x0x7ff7768c970e]
	GetHandleVerifier [0x0x7ff776f76a68+4241944]
	BaseThreadInitThunk [0x0x7ffe5d4f259d+29]
	RtlUserThreadStart [0x0x7ffe5eaeaf78+40]

Traceback (most recent call last):
  File "D:\whatssappAuto\automatizaçãoWatts.py", line 106, in enviar_pasta_para_grupo
    search_box = WebDriverWait(driver, TEMPO_ESPERA).until(
                 ^^^^^^^^^^^^^^^^^^^^^^^^^^^^^^^^^^^^^^^^^^
  File "C:\Users\fs271\AppData\Local\Programs\Python\Python312\Lib\site-packages\selenium\webdriver\support\wait.py", line 129, in until
    value = method(self._driver)
            ^^^^^^^^^^^^^^^^^^^^
  File "C:\Users\fs271\AppData\Local\Programs\Python\Python312\Lib\site-packages\selenium\webdriver\support\expected_conditions.py", line 104, in _predicate
    return driver.find_element(*locator)
           ^^^^^^^^^^^^^^^^^^^^^^^^^^^^^
  File "C:\Users\fs271\AppData\Local\Programs\Python\Python312\Lib\site-packages\selenium\webdriver\remote\webdriver.py", line 922, in find_element
    return self.execute(Command.FIND_ELEMENT, {"using": by, "value": value})["value"]
           ^^^^^^^^^^^^^^^^^^^^^^^^^^^^^^^^^^^^^^^^^^^^^^^^^^^^^^^^^^^^^^^^^
  File "C:\Users\fs271\AppData\Local\Programs\Python\Python312\Lib\site-packages\selenium\webdriver\remote\webdriver.py", line 454, in execute
    self.error_handler.check_response(response)
  File "C:\Users\fs271\AppData\Local\Programs\Python\Python312\Lib\site-packages\selenium\webdriver\remote\errorhandler.py", line 232, in check_response
    raise exception_class(message, screen, stacktrace)
selenium.common.exceptions.InvalidSessionIdException: Message: invalid session id; For documentation on this error, please visit: https://www.selenium.dev/documentation/webdriver/troubleshooting/errors#invalidsessionidexception
Stacktrace:
	GetHandleVerifier [0x0x7ff776b7e8e5+80021]
	GetHandleVerifier [0x0x7ff776b7e940+80112]
	(No symbol) [0x0x7ff776900425]
	(No symbol) [0x0x7ff77694864f]
	(No symbol) [0x0x7ff7769810f2]
	(No symbol) [0x0x7ff77697b89f]
	(No symbol) [0x0x7ff77697a94a]
	(No symbol) [0x0x7ff7768ca765]
	GetHandleVerifier [0x0x7ff776e3dc7d+2960429]
	GetHandleVerifier [0x0x7ff776e37f3a+2936554]
	GetHandleVerifier [0x0x7ff776e58977+3070247]
	GetHandleVerifier [0x0x7ff776b983ce+185214]
	GetHandleVerifier [0x0x7ff776b9fe1f+216527]
	(No symbol) [0x0x7ff7768c970e]
	GetHandleVerifier [0x0x7ff776f76a68+4241944]
	BaseThreadInitThunk [0x0x7ffe5d4f259d+29]
	RtlUserThreadStart [0x0x7ffe5eaeaf78+40]


--------------------------------------------------------------------------------

[29/10/2025 07:27:47] ❌ Erro ao enviar pasta 'fabrica de ração 99822' para Consultoria, Compra, Vendas e Intermediações Caminhões, Máquinas Pesadas, Aeronaves, Fazendas etc: Message: invalid session id; For documentation on this error, please visit: https://www.selenium.dev/documentation/webdriver/troubleshooting/errors#invalidsessionidexception
Stacktrace:
	GetHandleVerifier [0x0x7ff776b7e8e5+80021]
	GetHandleVerifier [0x0x7ff776b7e940+80112]
	(No symbol) [0x0x7ff776900425]
	(No symbol) [0x0x7ff77694864f]
	(No symbol) [0x0x7ff7769810f2]
	(No symbol) [0x0x7ff77697b89f]
	(No symbol) [0x0x7ff77697a94a]
	(No symbol) [0x0x7ff7768ca765]
	GetHandleVerifier [0x0x7ff776e3dc7d+2960429]
	GetHandleVerifier [0x0x7ff776e37f3a+2936554]
	GetHandleVerifier [0x0x7ff776e58977+3070247]
	GetHandleVerifier [0x0x7ff776b983ce+185214]
	GetHandleVerifier [0x0x7ff776b9fe1f+216527]
	(No symbol) [0x0x7ff7768c970e]
	GetHandleVerifier [0x0x7ff776f76a68+4241944]
	BaseThreadInitThunk [0x0x7ffe5d4f259d+29]
	RtlUserThreadStart [0x0x7ffe5eaeaf78+40]

Traceback (most recent call last):
  File "D:\whatssappAuto\automatizaçãoWatts.py", line 106, in enviar_pasta_para_grupo
    search_box = WebDriverWait(driver, TEMPO_ESPERA).until(
                 ^^^^^^^^^^^^^^^^^^^^^^^^^^^^^^^^^^^^^^^^^^
  File "C:\Users\fs271\AppData\Local\Programs\Python\Python312\Lib\site-packages\selenium\webdriver\support\wait.py", line 129, in until
    value = method(self._driver)
            ^^^^^^^^^^^^^^^^^^^^
  File "C:\Users\fs271\AppData\Local\Programs\Python\Python312\Lib\site-packages\selenium\webdriver\support\expected_conditions.py", line 104, in _predicate
    return driver.find_element(*locator)
           ^^^^^^^^^^^^^^^^^^^^^^^^^^^^^
  File "C:\Users\fs271\AppData\Local\Programs\Python\Python312\Lib\site-packages\selenium\webdriver\remote\webdriver.py", line 922, in find_element
    return self.execute(Command.FIND_ELEMENT, {"using": by, "value": value})["value"]
           ^^^^^^^^^^^^^^^^^^^^^^^^^^^^^^^^^^^^^^^^^^^^^^^^^^^^^^^^^^^^^^^^^
  File "C:\Users\fs271\AppData\Local\Programs\Python\Python312\Lib\site-packages\selenium\webdriver\remote\webdriver.py", line 454, in execute
    self.error_handler.check_response(response)
  File "C:\Users\fs271\AppData\Local\Programs\Python\Python312\Lib\site-packages\selenium\webdriver\remote\errorhandler.py", line 232, in check_response
    raise exception_class(message, screen, stacktrace)
selenium.common.exceptions.InvalidSessionIdException: Message: invalid session id; For documentation on this error, please visit: https://www.selenium.dev/documentation/webdriver/troubleshooting/errors#invalidsessionidexception
Stacktrace:
	GetHandleVerifier [0x0x7ff776b7e8e5+80021]
	GetHandleVerifier [0x0x7ff776b7e940+80112]
	(No symbol) [0x0x7ff776900425]
	(No symbol) [0x0x7ff77694864f]
	(No symbol) [0x0x7ff7769810f2]
	(No symbol) [0x0x7ff77697b89f]
	(No symbol) [0x0x7ff77697a94a]
	(No symbol) [0x0x7ff7768ca765]
	GetHandleVerifier [0x0x7ff776e3dc7d+2960429]
	GetHandleVerifier [0x0x7ff776e37f3a+2936554]
	GetHandleVerifier [0x0x7ff776e58977+3070247]
	GetHandleVerifier [0x0x7ff776b983ce+185214]
	GetHandleVerifier [0x0x7ff776b9fe1f+216527]
	(No symbol) [0x0x7ff7768c970e]
	GetHandleVerifier [0x0x7ff776f76a68+4241944]
	BaseThreadInitThunk [0x0x7ffe5d4f259d+29]
	RtlUserThreadStart [0x0x7ffe5eaeaf78+40]


--------------------------------------------------------------------------------

[29/10/2025 07:27:57] ❌ Erro ao enviar pasta 'fabrica de ração 99822' para Consultoria, Compra, Vendas e Intermediações Caminhões, Máquinas Pesadas, Aeronaves, Fazendas etc: Message: invalid session id; For documentation on this error, please visit: https://www.selenium.dev/documentation/webdriver/troubleshooting/errors#invalidsessionidexception
Stacktrace:
	GetHandleVerifier [0x0x7ff776b7e8e5+80021]
	GetHandleVerifier [0x0x7ff776b7e940+80112]
	(No symbol) [0x0x7ff776900425]
	(No symbol) [0x0x7ff77694864f]
	(No symbol) [0x0x7ff7769810f2]
	(No symbol) [0x0x7ff77697b89f]
	(No symbol) [0x0x7ff77697a94a]
	(No symbol) [0x0x7ff7768ca765]
	GetHandleVerifier [0x0x7ff776e3dc7d+2960429]
	GetHandleVerifier [0x0x7ff776e37f3a+2936554]
	GetHandleVerifier [0x0x7ff776e58977+3070247]
	GetHandleVerifier [0x0x7ff776b983ce+185214]
	GetHandleVerifier [0x0x7ff776b9fe1f+216527]
	(No symbol) [0x0x7ff7768c970e]
	GetHandleVerifier [0x0x7ff776f76a68+4241944]
	BaseThreadInitThunk [0x0x7ffe5d4f259d+29]
	RtlUserThreadStart [0x0x7ffe5eaeaf78+40]

Traceback (most recent call last):
  File "D:\whatssappAuto\automatizaçãoWatts.py", line 106, in enviar_pasta_para_grupo
    search_box = WebDriverWait(driver, TEMPO_ESPERA).until(
                 ^^^^^^^^^^^^^^^^^^^^^^^^^^^^^^^^^^^^^^^^^^
  File "C:\Users\fs271\AppData\Local\Programs\Python\Python312\Lib\site-packages\selenium\webdriver\support\wait.py", line 129, in until
    value = method(self._driver)
            ^^^^^^^^^^^^^^^^^^^^
  File "C:\Users\fs271\AppData\Local\Programs\Python\Python312\Lib\site-packages\selenium\webdriver\support\expected_conditions.py", line 104, in _predicate
    return driver.find_element(*locator)
           ^^^^^^^^^^^^^^^^^^^^^^^^^^^^^
  File "C:\Users\fs271\AppData\Local\Programs\Python\Python312\Lib\site-packages\selenium\webdriver\remote\webdriver.py", line 922, in find_element
    return self.execute(Command.FIND_ELEMENT, {"using": by, "value": value})["value"]
           ^^^^^^^^^^^^^^^^^^^^^^^^^^^^^^^^^^^^^^^^^^^^^^^^^^^^^^^^^^^^^^^^^
  File "C:\Users\fs271\AppData\Local\Programs\Python\Python312\Lib\site-packages\selenium\webdriver\remote\webdriver.py", line 454, in execute
    self.error_handler.check_response(response)
  File "C:\Users\fs271\AppData\Local\Programs\Python\Python312\Lib\site-packages\selenium\webdriver\remote\errorhandler.py", line 232, in check_response
    raise exception_class(message, screen, stacktrace)
selenium.common.exceptions.InvalidSessionIdException: Message: invalid session id; For documentation on this error, please visit: https://www.selenium.dev/documentation/webdriver/troubleshooting/errors#invalidsessionidexception
Stacktrace:
	GetHandleVerifier [0x0x7ff776b7e8e5+80021]
	GetHandleVerifier [0x0x7ff776b7e940+80112]
	(No symbol) [0x0x7ff776900425]
	(No symbol) [0x0x7ff77694864f]
	(No symbol) [0x0x7ff7769810f2]
	(No symbol) [0x0x7ff77697b89f]
	(No symbol) [0x0x7ff77697a94a]
	(No symbol) [0x0x7ff7768ca765]
	GetHandleVerifier [0x0x7ff776e3dc7d+2960429]
	GetHandleVerifier [0x0x7ff776e37f3a+2936554]
	GetHandleVerifier [0x0x7ff776e58977+3070247]
	GetHandleVerifier [0x0x7ff776b983ce+185214]
	GetHandleVerifier [0x0x7ff776b9fe1f+216527]
	(No symbol) [0x0x7ff7768c970e]
	GetHandleVerifier [0x0x7ff776f76a68+4241944]
	BaseThreadInitThunk [0x0x7ffe5d4f259d+29]
	RtlUserThreadStart [0x0x7ffe5eaeaf78+40]


--------------------------------------------------------------------------------

[29/10/2025 07:28:07] ❌ Erro ao enviar pasta 'fabrica de ração 99822' para Consultoria, Compra, Vendas e Intermediações Caminhões, Máquinas Pesadas, Aeronaves, Fazendas etc: Message: invalid session id; For documentation on this error, please visit: https://www.selenium.dev/documentation/webdriver/troubleshooting/errors#invalidsessionidexception
Stacktrace:
	GetHandleVerifier [0x0x7ff776b7e8e5+80021]
	GetHandleVerifier [0x0x7ff776b7e940+80112]
	(No symbol) [0x0x7ff776900425]
	(No symbol) [0x0x7ff77694864f]
	(No symbol) [0x0x7ff7769810f2]
	(No symbol) [0x0x7ff77697b89f]
	(No symbol) [0x0x7ff77697a94a]
	(No symbol) [0x0x7ff7768ca765]
	GetHandleVerifier [0x0x7ff776e3dc7d+2960429]
	GetHandleVerifier [0x0x7ff776e37f3a+2936554]
	GetHandleVerifier [0x0x7ff776e58977+3070247]
	GetHandleVerifier [0x0x7ff776b983ce+185214]
	GetHandleVerifier [0x0x7ff776b9fe1f+216527]
	(No symbol) [0x0x7ff7768c970e]
	GetHandleVerifier [0x0x7ff776f76a68+4241944]
	BaseThreadInitThunk [0x0x7ffe5d4f259d+29]
	RtlUserThreadStart [0x0x7ffe5eaeaf78+40]

Traceback (most recent call last):
  File "D:\whatssappAuto\automatizaçãoWatts.py", line 106, in enviar_pasta_para_grupo
    search_box = WebDriverWait(driver, TEMPO_ESPERA).until(
                 ^^^^^^^^^^^^^^^^^^^^^^^^^^^^^^^^^^^^^^^^^^
  File "C:\Users\fs271\AppData\Local\Programs\Python\Python312\Lib\site-packages\selenium\webdriver\support\wait.py", line 129, in until
    value = method(self._driver)
            ^^^^^^^^^^^^^^^^^^^^
  File "C:\Users\fs271\AppData\Local\Programs\Python\Python312\Lib\site-packages\selenium\webdriver\support\expected_conditions.py", line 104, in _predicate
    return driver.find_element(*locator)
           ^^^^^^^^^^^^^^^^^^^^^^^^^^^^^
  File "C:\Users\fs271\AppData\Local\Programs\Python\Python312\Lib\site-packages\selenium\webdriver\remote\webdriver.py", line 922, in find_element
    return self.execute(Command.FIND_ELEMENT, {"using": by, "value": value})["value"]
           ^^^^^^^^^^^^^^^^^^^^^^^^^^^^^^^^^^^^^^^^^^^^^^^^^^^^^^^^^^^^^^^^^
  File "C:\Users\fs271\AppData\Local\Programs\Python\Python312\Lib\site-packages\selenium\webdriver\remote\webdriver.py", line 454, in execute
    self.error_handler.check_response(response)
  File "C:\Users\fs271\AppData\Local\Programs\Python\Python312\Lib\site-packages\selenium\webdriver\remote\errorhandler.py", line 232, in check_response
    raise exception_class(message, screen, stacktrace)
selenium.common.exceptions.InvalidSessionIdException: Message: invalid session id; For documentation on this error, please visit: https://www.selenium.dev/documentation/webdriver/troubleshooting/errors#invalidsessionidexception
Stacktrace:
	GetHandleVerifier [0x0x7ff776b7e8e5+80021]
	GetHandleVerifier [0x0x7ff776b7e940+80112]
	(No symbol) [0x0x7ff776900425]
	(No symbol) [0x0x7ff77694864f]
	(No symbol) [0x0x7ff7769810f2]
	(No symbol) [0x0x7ff77697b89f]
	(No symbol) [0x0x7ff77697a94a]
	(No symbol) [0x0x7ff7768ca765]
	GetHandleVerifier [0x0x7ff776e3dc7d+2960429]
	GetHandleVerifier [0x0x7ff776e37f3a+2936554]
	GetHandleVerifier [0x0x7ff776e58977+3070247]
	GetHandleVerifier [0x0x7ff776b983ce+185214]
	GetHandleVerifier [0x0x7ff776b9fe1f+216527]
	(No symbol) [0x0x7ff7768c970e]
	GetHandleVerifier [0x0x7ff776f76a68+4241944]
	BaseThreadInitThunk [0x0x7ffe5d4f259d+29]
	RtlUserThreadStart [0x0x7ffe5eaeaf78+40]


--------------------------------------------------------------------------------

[29/10/2025 07:28:07] ❌ Erro ao enviar pasta 'fabrica de ração 99822' para MF Caminhões e Carretas: Message: invalid session id; For documentation on this error, please visit: https://www.selenium.dev/documentation/webdriver/troubleshooting/errors#invalidsessionidexception
Stacktrace:
	GetHandleVerifier [0x0x7ff776b7e8e5+80021]
	GetHandleVerifier [0x0x7ff776b7e940+80112]
	(No symbol) [0x0x7ff776900425]
	(No symbol) [0x0x7ff77694864f]
	(No symbol) [0x0x7ff7769810f2]
	(No symbol) [0x0x7ff77697b89f]
	(No symbol) [0x0x7ff77697a94a]
	(No symbol) [0x0x7ff7768ca765]
	GetHandleVerifier [0x0x7ff776e3dc7d+2960429]
	GetHandleVerifier [0x0x7ff776e37f3a+2936554]
	GetHandleVerifier [0x0x7ff776e58977+3070247]
	GetHandleVerifier [0x0x7ff776b983ce+185214]
	GetHandleVerifier [0x0x7ff776b9fe1f+216527]
	(No symbol) [0x0x7ff7768c970e]
	GetHandleVerifier [0x0x7ff776f76a68+4241944]
	BaseThreadInitThunk [0x0x7ffe5d4f259d+29]
	RtlUserThreadStart [0x0x7ffe5eaeaf78+40]

Traceback (most recent call last):
  File "D:\whatssappAuto\automatizaçãoWatts.py", line 106, in enviar_pasta_para_grupo
    search_box = WebDriverWait(driver, TEMPO_ESPERA).until(
                 ^^^^^^^^^^^^^^^^^^^^^^^^^^^^^^^^^^^^^^^^^^
  File "C:\Users\fs271\AppData\Local\Programs\Python\Python312\Lib\site-packages\selenium\webdriver\support\wait.py", line 129, in until
    value = method(self._driver)
            ^^^^^^^^^^^^^^^^^^^^
  File "C:\Users\fs271\AppData\Local\Programs\Python\Python312\Lib\site-packages\selenium\webdriver\support\expected_conditions.py", line 104, in _predicate
    return driver.find_element(*locator)
           ^^^^^^^^^^^^^^^^^^^^^^^^^^^^^
  File "C:\Users\fs271\AppData\Local\Programs\Python\Python312\Lib\site-packages\selenium\webdriver\remote\webdriver.py", line 922, in find_element
    return self.execute(Command.FIND_ELEMENT, {"using": by, "value": value})["value"]
           ^^^^^^^^^^^^^^^^^^^^^^^^^^^^^^^^^^^^^^^^^^^^^^^^^^^^^^^^^^^^^^^^^
  File "C:\Users\fs271\AppData\Local\Programs\Python\Python312\Lib\site-packages\selenium\webdriver\remote\webdriver.py", line 454, in execute
    self.error_handler.check_response(response)
  File "C:\Users\fs271\AppData\Local\Programs\Python\Python312\Lib\site-packages\selenium\webdriver\remote\errorhandler.py", line 232, in check_response
    raise exception_class(message, screen, stacktrace)
selenium.common.exceptions.InvalidSessionIdException: Message: invalid session id; For documentation on this error, please visit: https://www.selenium.dev/documentation/webdriver/troubleshooting/errors#invalidsessionidexception
Stacktrace:
	GetHandleVerifier [0x0x7ff776b7e8e5+80021]
	GetHandleVerifier [0x0x7ff776b7e940+80112]
	(No symbol) [0x0x7ff776900425]
	(No symbol) [0x0x7ff77694864f]
	(No symbol) [0x0x7ff7769810f2]
	(No symbol) [0x0x7ff77697b89f]
	(No symbol) [0x0x7ff77697a94a]
	(No symbol) [0x0x7ff7768ca765]
	GetHandleVerifier [0x0x7ff776e3dc7d+2960429]
	GetHandleVerifier [0x0x7ff776e37f3a+2936554]
	GetHandleVerifier [0x0x7ff776e58977+3070247]
	GetHandleVerifier [0x0x7ff776b983ce+185214]
	GetHandleVerifier [0x0x7ff776b9fe1f+216527]
	(No symbol) [0x0x7ff7768c970e]
	GetHandleVerifier [0x0x7ff776f76a68+4241944]
	BaseThreadInitThunk [0x0x7ffe5d4f259d+29]
	RtlUserThreadStart [0x0x7ffe5eaeaf78+40]


--------------------------------------------------------------------------------

[29/10/2025 07:28:17] ❌ Erro ao enviar pasta 'fabrica de ração 99822' para MF Caminhões e Carretas: Message: invalid session id; For documentation on this error, please visit: https://www.selenium.dev/documentation/webdriver/troubleshooting/errors#invalidsessionidexception
Stacktrace:
	GetHandleVerifier [0x0x7ff776b7e8e5+80021]
	GetHandleVerifier [0x0x7ff776b7e940+80112]
	(No symbol) [0x0x7ff776900425]
	(No symbol) [0x0x7ff77694864f]
	(No symbol) [0x0x7ff7769810f2]
	(No symbol) [0x0x7ff77697b89f]
	(No symbol) [0x0x7ff77697a94a]
	(No symbol) [0x0x7ff7768ca765]
	GetHandleVerifier [0x0x7ff776e3dc7d+2960429]
	GetHandleVerifier [0x0x7ff776e37f3a+2936554]
	GetHandleVerifier [0x0x7ff776e58977+3070247]
	GetHandleVerifier [0x0x7ff776b983ce+185214]
	GetHandleVerifier [0x0x7ff776b9fe1f+216527]
	(No symbol) [0x0x7ff7768c970e]
	GetHandleVerifier [0x0x7ff776f76a68+4241944]
	BaseThreadInitThunk [0x0x7ffe5d4f259d+29]
	RtlUserThreadStart [0x0x7ffe5eaeaf78+40]

Traceback (most recent call last):
  File "D:\whatssappAuto\automatizaçãoWatts.py", line 106, in enviar_pasta_para_grupo
    search_box = WebDriverWait(driver, TEMPO_ESPERA).until(
                 ^^^^^^^^^^^^^^^^^^^^^^^^^^^^^^^^^^^^^^^^^^
  File "C:\Users\fs271\AppData\Local\Programs\Python\Python312\Lib\site-packages\selenium\webdriver\support\wait.py", line 129, in until
    value = method(self._driver)
            ^^^^^^^^^^^^^^^^^^^^
  File "C:\Users\fs271\AppData\Local\Programs\Python\Python312\Lib\site-packages\selenium\webdriver\support\expected_conditions.py", line 104, in _predicate
    return driver.find_element(*locator)
           ^^^^^^^^^^^^^^^^^^^^^^^^^^^^^
  File "C:\Users\fs271\AppData\Local\Programs\Python\Python312\Lib\site-packages\selenium\webdriver\remote\webdriver.py", line 922, in find_element
    return self.execute(Command.FIND_ELEMENT, {"using": by, "value": value})["value"]
           ^^^^^^^^^^^^^^^^^^^^^^^^^^^^^^^^^^^^^^^^^^^^^^^^^^^^^^^^^^^^^^^^^
  File "C:\Users\fs271\AppData\Local\Programs\Python\Python312\Lib\site-packages\selenium\webdriver\remote\webdriver.py", line 454, in execute
    self.error_handler.check_response(response)
  File "C:\Users\fs271\AppData\Local\Programs\Python\Python312\Lib\site-packages\selenium\webdriver\remote\errorhandler.py", line 232, in check_response
    raise exception_class(message, screen, stacktrace)
selenium.common.exceptions.InvalidSessionIdException: Message: invalid session id; For documentation on this error, please visit: https://www.selenium.dev/documentation/webdriver/troubleshooting/errors#invalidsessionidexception
Stacktrace:
	GetHandleVerifier [0x0x7ff776b7e8e5+80021]
	GetHandleVerifier [0x0x7ff776b7e940+80112]
	(No symbol) [0x0x7ff776900425]
	(No symbol) [0x0x7ff77694864f]
	(No symbol) [0x0x7ff7769810f2]
	(No symbol) [0x0x7ff77697b89f]
	(No symbol) [0x0x7ff77697a94a]
	(No symbol) [0x0x7ff7768ca765]
	GetHandleVerifier [0x0x7ff776e3dc7d+2960429]
	GetHandleVerifier [0x0x7ff776e37f3a+2936554]
	GetHandleVerifier [0x0x7ff776e58977+3070247]
	GetHandleVerifier [0x0x7ff776b983ce+185214]
	GetHandleVerifier [0x0x7ff776b9fe1f+216527]
	(No symbol) [0x0x7ff7768c970e]
	GetHandleVerifier [0x0x7ff776f76a68+4241944]
	BaseThreadInitThunk [0x0x7ffe5d4f259d+29]
	RtlUserThreadStart [0x0x7ffe5eaeaf78+40]


--------------------------------------------------------------------------------

[29/10/2025 07:28:27] ❌ Erro ao enviar pasta 'fabrica de ração 99822' para MF Caminhões e Carretas: Message: invalid session id; For documentation on this error, please visit: https://www.selenium.dev/documentation/webdriver/troubleshooting/errors#invalidsessionidexception
Stacktrace:
	GetHandleVerifier [0x0x7ff776b7e8e5+80021]
	GetHandleVerifier [0x0x7ff776b7e940+80112]
	(No symbol) [0x0x7ff776900425]
	(No symbol) [0x0x7ff77694864f]
	(No symbol) [0x0x7ff7769810f2]
	(No symbol) [0x0x7ff77697b89f]
	(No symbol) [0x0x7ff77697a94a]
	(No symbol) [0x0x7ff7768ca765]
	GetHandleVerifier [0x0x7ff776e3dc7d+2960429]
	GetHandleVerifier [0x0x7ff776e37f3a+2936554]
	GetHandleVerifier [0x0x7ff776e58977+3070247]
	GetHandleVerifier [0x0x7ff776b983ce+185214]
	GetHandleVerifier [0x0x7ff776b9fe1f+216527]
	(No symbol) [0x0x7ff7768c970e]
	GetHandleVerifier [0x0x7ff776f76a68+4241944]
	BaseThreadInitThunk [0x0x7ffe5d4f259d+29]
	RtlUserThreadStart [0x0x7ffe5eaeaf78+40]

Traceback (most recent call last):
  File "D:\whatssappAuto\automatizaçãoWatts.py", line 106, in enviar_pasta_para_grupo
    search_box = WebDriverWait(driver, TEMPO_ESPERA).until(
                 ^^^^^^^^^^^^^^^^^^^^^^^^^^^^^^^^^^^^^^^^^^
  File "C:\Users\fs271\AppData\Local\Programs\Python\Python312\Lib\site-packages\selenium\webdriver\support\wait.py", line 129, in until
    value = method(self._driver)
            ^^^^^^^^^^^^^^^^^^^^
  File "C:\Users\fs271\AppData\Local\Programs\Python\Python312\Lib\site-packages\selenium\webdriver\support\expected_conditions.py", line 104, in _predicate
    return driver.find_element(*locator)
           ^^^^^^^^^^^^^^^^^^^^^^^^^^^^^
  File "C:\Users\fs271\AppData\Local\Programs\Python\Python312\Lib\site-packages\selenium\webdriver\remote\webdriver.py", line 922, in find_element
    return self.execute(Command.FIND_ELEMENT, {"using": by, "value": value})["value"]
           ^^^^^^^^^^^^^^^^^^^^^^^^^^^^^^^^^^^^^^^^^^^^^^^^^^^^^^^^^^^^^^^^^
  File "C:\Users\fs271\AppData\Local\Programs\Python\Python312\Lib\site-packages\selenium\webdriver\remote\webdriver.py", line 454, in execute
    self.error_handler.check_response(response)
  File "C:\Users\fs271\AppData\Local\Programs\Python\Python312\Lib\site-packages\selenium\webdriver\remote\errorhandler.py", line 232, in check_response
    raise exception_class(message, screen, stacktrace)
selenium.common.exceptions.InvalidSessionIdException: Message: invalid session id; For documentation on this error, please visit: https://www.selenium.dev/documentation/webdriver/troubleshooting/errors#invalidsessionidexception
Stacktrace:
	GetHandleVerifier [0x0x7ff776b7e8e5+80021]
	GetHandleVerifier [0x0x7ff776b7e940+80112]
	(No symbol) [0x0x7ff776900425]
	(No symbol) [0x0x7ff77694864f]
	(No symbol) [0x0x7ff7769810f2]
	(No symbol) [0x0x7ff77697b89f]
	(No symbol) [0x0x7ff77697a94a]
	(No symbol) [0x0x7ff7768ca765]
	GetHandleVerifier [0x0x7ff776e3dc7d+2960429]
	GetHandleVerifier [0x0x7ff776e37f3a+2936554]
	GetHandleVerifier [0x0x7ff776e58977+3070247]
	GetHandleVerifier [0x0x7ff776b983ce+185214]
	GetHandleVerifier [0x0x7ff776b9fe1f+216527]
	(No symbol) [0x0x7ff7768c970e]
	GetHandleVerifier [0x0x7ff776f76a68+4241944]
	BaseThreadInitThunk [0x0x7ffe5d4f259d+29]
	RtlUserThreadStart [0x0x7ffe5eaeaf78+40]


--------------------------------------------------------------------------------

[29/10/2025 07:28:27] ❌ Erro ao enviar pasta 'fh 540 6x4 2022 cod 5584' para CORRETORES BILL GRUPO.: Message: invalid session id; For documentation on this error, please visit: https://www.selenium.dev/documentation/webdriver/troubleshooting/errors#invalidsessionidexception
Stacktrace:
	GetHandleVerifier [0x0x7ff776b7e8e5+80021]
	GetHandleVerifier [0x0x7ff776b7e940+80112]
	(No symbol) [0x0x7ff776900425]
	(No symbol) [0x0x7ff77694864f]
	(No symbol) [0x0x7ff7769810f2]
	(No symbol) [0x0x7ff77697b89f]
	(No symbol) [0x0x7ff77697a94a]
	(No symbol) [0x0x7ff7768ca765]
	GetHandleVerifier [0x0x7ff776e3dc7d+2960429]
	GetHandleVerifier [0x0x7ff776e37f3a+2936554]
	GetHandleVerifier [0x0x7ff776e58977+3070247]
	GetHandleVerifier [0x0x7ff776b983ce+185214]
	GetHandleVerifier [0x0x7ff776b9fe1f+216527]
	(No symbol) [0x0x7ff7768c970e]
	GetHandleVerifier [0x0x7ff776f76a68+4241944]
	BaseThreadInitThunk [0x0x7ffe5d4f259d+29]
	RtlUserThreadStart [0x0x7ffe5eaeaf78+40]

Traceback (most recent call last):
  File "D:\whatssappAuto\automatizaçãoWatts.py", line 106, in enviar_pasta_para_grupo
    search_box = WebDriverWait(driver, TEMPO_ESPERA).until(
                 ^^^^^^^^^^^^^^^^^^^^^^^^^^^^^^^^^^^^^^^^^^
  File "C:\Users\fs271\AppData\Local\Programs\Python\Python312\Lib\site-packages\selenium\webdriver\support\wait.py", line 129, in until
    value = method(self._driver)
            ^^^^^^^^^^^^^^^^^^^^
  File "C:\Users\fs271\AppData\Local\Programs\Python\Python312\Lib\site-packages\selenium\webdriver\support\expected_conditions.py", line 104, in _predicate
    return driver.find_element(*locator)
           ^^^^^^^^^^^^^^^^^^^^^^^^^^^^^
  File "C:\Users\fs271\AppData\Local\Programs\Python\Python312\Lib\site-packages\selenium\webdriver\remote\webdriver.py", line 922, in find_element
    return self.execute(Command.FIND_ELEMENT, {"using": by, "value": value})["value"]
           ^^^^^^^^^^^^^^^^^^^^^^^^^^^^^^^^^^^^^^^^^^^^^^^^^^^^^^^^^^^^^^^^^
  File "C:\Users\fs271\AppData\Local\Programs\Python\Python312\Lib\site-packages\selenium\webdriver\remote\webdriver.py", line 454, in execute
    self.error_handler.check_response(response)
  File "C:\Users\fs271\AppData\Local\Programs\Python\Python312\Lib\site-packages\selenium\webdriver\remote\errorhandler.py", line 232, in check_response
    raise exception_class(message, screen, stacktrace)
selenium.common.exceptions.InvalidSessionIdException: Message: invalid session id; For documentation on this error, please visit: https://www.selenium.dev/documentation/webdriver/troubleshooting/errors#invalidsessionidexception
Stacktrace:
	GetHandleVerifier [0x0x7ff776b7e8e5+80021]
	GetHandleVerifier [0x0x7ff776b7e940+80112]
	(No symbol) [0x0x7ff776900425]
	(No symbol) [0x0x7ff77694864f]
	(No symbol) [0x0x7ff7769810f2]
	(No symbol) [0x0x7ff77697b89f]
	(No symbol) [0x0x7ff77697a94a]
	(No symbol) [0x0x7ff7768ca765]
	GetHandleVerifier [0x0x7ff776e3dc7d+2960429]
	GetHandleVerifier [0x0x7ff776e37f3a+2936554]
	GetHandleVerifier [0x0x7ff776e58977+3070247]
	GetHandleVerifier [0x0x7ff776b983ce+185214]
	GetHandleVerifier [0x0x7ff776b9fe1f+216527]
	(No symbol) [0x0x7ff7768c970e]
	GetHandleVerifier [0x0x7ff776f76a68+4241944]
	BaseThreadInitThunk [0x0x7ffe5d4f259d+29]
	RtlUserThreadStart [0x0x7ffe5eaeaf78+40]


--------------------------------------------------------------------------------

[29/10/2025 07:28:37] ❌ Erro ao enviar pasta 'fh 540 6x4 2022 cod 5584' para CORRETORES BILL GRUPO.: Message: invalid session id; For documentation on this error, please visit: https://www.selenium.dev/documentation/webdriver/troubleshooting/errors#invalidsessionidexception
Stacktrace:
	GetHandleVerifier [0x0x7ff776b7e8e5+80021]
	GetHandleVerifier [0x0x7ff776b7e940+80112]
	(No symbol) [0x0x7ff776900425]
	(No symbol) [0x0x7ff77694864f]
	(No symbol) [0x0x7ff7769810f2]
	(No symbol) [0x0x7ff77697b89f]
	(No symbol) [0x0x7ff77697a94a]
	(No symbol) [0x0x7ff7768ca765]
	GetHandleVerifier [0x0x7ff776e3dc7d+2960429]
	GetHandleVerifier [0x0x7ff776e37f3a+2936554]
	GetHandleVerifier [0x0x7ff776e58977+3070247]
	GetHandleVerifier [0x0x7ff776b983ce+185214]
	GetHandleVerifier [0x0x7ff776b9fe1f+216527]
	(No symbol) [0x0x7ff7768c970e]
	GetHandleVerifier [0x0x7ff776f76a68+4241944]
	BaseThreadInitThunk [0x0x7ffe5d4f259d+29]
	RtlUserThreadStart [0x0x7ffe5eaeaf78+40]

Traceback (most recent call last):
  File "D:\whatssappAuto\automatizaçãoWatts.py", line 106, in enviar_pasta_para_grupo
    search_box = WebDriverWait(driver, TEMPO_ESPERA).until(
                 ^^^^^^^^^^^^^^^^^^^^^^^^^^^^^^^^^^^^^^^^^^
  File "C:\Users\fs271\AppData\Local\Programs\Python\Python312\Lib\site-packages\selenium\webdriver\support\wait.py", line 129, in until
    value = method(self._driver)
            ^^^^^^^^^^^^^^^^^^^^
  File "C:\Users\fs271\AppData\Local\Programs\Python\Python312\Lib\site-packages\selenium\webdriver\support\expected_conditions.py", line 104, in _predicate
    return driver.find_element(*locator)
           ^^^^^^^^^^^^^^^^^^^^^^^^^^^^^
  File "C:\Users\fs271\AppData\Local\Programs\Python\Python312\Lib\site-packages\selenium\webdriver\remote\webdriver.py", line 922, in find_element
    return self.execute(Command.FIND_ELEMENT, {"using": by, "value": value})["value"]
           ^^^^^^^^^^^^^^^^^^^^^^^^^^^^^^^^^^^^^^^^^^^^^^^^^^^^^^^^^^^^^^^^^
  File "C:\Users\fs271\AppData\Local\Programs\Python\Python312\Lib\site-packages\selenium\webdriver\remote\webdriver.py", line 454, in execute
    self.error_handler.check_response(response)
  File "C:\Users\fs271\AppData\Local\Programs\Python\Python312\Lib\site-packages\selenium\webdriver\remote\errorhandler.py", line 232, in check_response
    raise exception_class(message, screen, stacktrace)
selenium.common.exceptions.InvalidSessionIdException: Message: invalid session id; For documentation on this error, please visit: https://www.selenium.dev/documentation/webdriver/troubleshooting/errors#invalidsessionidexception
Stacktrace:
	GetHandleVerifier [0x0x7ff776b7e8e5+80021]
	GetHandleVerifier [0x0x7ff776b7e940+80112]
	(No symbol) [0x0x7ff776900425]
	(No symbol) [0x0x7ff77694864f]
	(No symbol) [0x0x7ff7769810f2]
	(No symbol) [0x0x7ff77697b89f]
	(No symbol) [0x0x7ff77697a94a]
	(No symbol) [0x0x7ff7768ca765]
	GetHandleVerifier [0x0x7ff776e3dc7d+2960429]
	GetHandleVerifier [0x0x7ff776e37f3a+2936554]
	GetHandleVerifier [0x0x7ff776e58977+3070247]
	GetHandleVerifier [0x0x7ff776b983ce+185214]
	GetHandleVerifier [0x0x7ff776b9fe1f+216527]
	(No symbol) [0x0x7ff7768c970e]
	GetHandleVerifier [0x0x7ff776f76a68+4241944]
	BaseThreadInitThunk [0x0x7ffe5d4f259d+29]
	RtlUserThreadStart [0x0x7ffe5eaeaf78+40]


--------------------------------------------------------------------------------

[29/10/2025 07:28:48] ❌ Erro ao enviar pasta 'fh 540 6x4 2022 cod 5584' para CORRETORES BILL GRUPO.: Message: invalid session id; For documentation on this error, please visit: https://www.selenium.dev/documentation/webdriver/troubleshooting/errors#invalidsessionidexception
Stacktrace:
	GetHandleVerifier [0x0x7ff776b7e8e5+80021]
	GetHandleVerifier [0x0x7ff776b7e940+80112]
	(No symbol) [0x0x7ff776900425]
	(No symbol) [0x0x7ff77694864f]
	(No symbol) [0x0x7ff7769810f2]
	(No symbol) [0x0x7ff77697b89f]
	(No symbol) [0x0x7ff77697a94a]
	(No symbol) [0x0x7ff7768ca765]
	GetHandleVerifier [0x0x7ff776e3dc7d+2960429]
	GetHandleVerifier [0x0x7ff776e37f3a+2936554]
	GetHandleVerifier [0x0x7ff776e58977+3070247]
	GetHandleVerifier [0x0x7ff776b983ce+185214]
	GetHandleVerifier [0x0x7ff776b9fe1f+216527]
	(No symbol) [0x0x7ff7768c970e]
	GetHandleVerifier [0x0x7ff776f76a68+4241944]
	BaseThreadInitThunk [0x0x7ffe5d4f259d+29]
	RtlUserThreadStart [0x0x7ffe5eaeaf78+40]

Traceback (most recent call last):
  File "D:\whatssappAuto\automatizaçãoWatts.py", line 106, in enviar_pasta_para_grupo
    search_box = WebDriverWait(driver, TEMPO_ESPERA).until(
                 ^^^^^^^^^^^^^^^^^^^^^^^^^^^^^^^^^^^^^^^^^^
  File "C:\Users\fs271\AppData\Local\Programs\Python\Python312\Lib\site-packages\selenium\webdriver\support\wait.py", line 129, in until
    value = method(self._driver)
            ^^^^^^^^^^^^^^^^^^^^
  File "C:\Users\fs271\AppData\Local\Programs\Python\Python312\Lib\site-packages\selenium\webdriver\support\expected_conditions.py", line 104, in _predicate
    return driver.find_element(*locator)
           ^^^^^^^^^^^^^^^^^^^^^^^^^^^^^
  File "C:\Users\fs271\AppData\Local\Programs\Python\Python312\Lib\site-packages\selenium\webdriver\remote\webdriver.py", line 922, in find_element
    return self.execute(Command.FIND_ELEMENT, {"using": by, "value": value})["value"]
           ^^^^^^^^^^^^^^^^^^^^^^^^^^^^^^^^^^^^^^^^^^^^^^^^^^^^^^^^^^^^^^^^^
  File "C:\Users\fs271\AppData\Local\Programs\Python\Python312\Lib\site-packages\selenium\webdriver\remote\webdriver.py", line 454, in execute
    self.error_handler.check_response(response)
  File "C:\Users\fs271\AppData\Local\Programs\Python\Python312\Lib\site-packages\selenium\webdriver\remote\errorhandler.py", line 232, in check_response
    raise exception_class(message, screen, stacktrace)
selenium.common.exceptions.InvalidSessionIdException: Message: invalid session id; For documentation on this error, please visit: https://www.selenium.dev/documentation/webdriver/troubleshooting/errors#invalidsessionidexception
Stacktrace:
	GetHandleVerifier [0x0x7ff776b7e8e5+80021]
	GetHandleVerifier [0x0x7ff776b7e940+80112]
	(No symbol) [0x0x7ff776900425]
	(No symbol) [0x0x7ff77694864f]
	(No symbol) [0x0x7ff7769810f2]
	(No symbol) [0x0x7ff77697b89f]
	(No symbol) [0x0x7ff77697a94a]
	(No symbol) [0x0x7ff7768ca765]
	GetHandleVerifier [0x0x7ff776e3dc7d+2960429]
	GetHandleVerifier [0x0x7ff776e37f3a+2936554]
	GetHandleVerifier [0x0x7ff776e58977+3070247]
	GetHandleVerifier [0x0x7ff776b983ce+185214]
	GetHandleVerifier [0x0x7ff776b9fe1f+216527]
	(No symbol) [0x0x7ff7768c970e]
	GetHandleVerifier [0x0x7ff776f76a68+4241944]
	BaseThreadInitThunk [0x0x7ffe5d4f259d+29]
	RtlUserThreadStart [0x0x7ffe5eaeaf78+40]


--------------------------------------------------------------------------------

[29/10/2025 07:28:48] ❌ Erro ao enviar pasta 'fh 540 6x4 2022 cod 5584' para COMPRADORES PROCURAM ...: Message: invalid session id; For documentation on this error, please visit: https://www.selenium.dev/documentation/webdriver/troubleshooting/errors#invalidsessionidexception
Stacktrace:
	GetHandleVerifier [0x0x7ff776b7e8e5+80021]
	GetHandleVerifier [0x0x7ff776b7e940+80112]
	(No symbol) [0x0x7ff776900425]
	(No symbol) [0x0x7ff77694864f]
	(No symbol) [0x0x7ff7769810f2]
	(No symbol) [0x0x7ff77697b89f]
	(No symbol) [0x0x7ff77697a94a]
	(No symbol) [0x0x7ff7768ca765]
	GetHandleVerifier [0x0x7ff776e3dc7d+2960429]
	GetHandleVerifier [0x0x7ff776e37f3a+2936554]
	GetHandleVerifier [0x0x7ff776e58977+3070247]
	GetHandleVerifier [0x0x7ff776b983ce+185214]
	GetHandleVerifier [0x0x7ff776b9fe1f+216527]
	(No symbol) [0x0x7ff7768c970e]
	GetHandleVerifier [0x0x7ff776f76a68+4241944]
	BaseThreadInitThunk [0x0x7ffe5d4f259d+29]
	RtlUserThreadStart [0x0x7ffe5eaeaf78+40]

Traceback (most recent call last):
  File "D:\whatssappAuto\automatizaçãoWatts.py", line 106, in enviar_pasta_para_grupo
    search_box = WebDriverWait(driver, TEMPO_ESPERA).until(
                 ^^^^^^^^^^^^^^^^^^^^^^^^^^^^^^^^^^^^^^^^^^
  File "C:\Users\fs271\AppData\Local\Programs\Python\Python312\Lib\site-packages\selenium\webdriver\support\wait.py", line 129, in until
    value = method(self._driver)
            ^^^^^^^^^^^^^^^^^^^^
  File "C:\Users\fs271\AppData\Local\Programs\Python\Python312\Lib\site-packages\selenium\webdriver\support\expected_conditions.py", line 104, in _predicate
    return driver.find_element(*locator)
           ^^^^^^^^^^^^^^^^^^^^^^^^^^^^^
  File "C:\Users\fs271\AppData\Local\Programs\Python\Python312\Lib\site-packages\selenium\webdriver\remote\webdriver.py", line 922, in find_element
    return self.execute(Command.FIND_ELEMENT, {"using": by, "value": value})["value"]
           ^^^^^^^^^^^^^^^^^^^^^^^^^^^^^^^^^^^^^^^^^^^^^^^^^^^^^^^^^^^^^^^^^
  File "C:\Users\fs271\AppData\Local\Programs\Python\Python312\Lib\site-packages\selenium\webdriver\remote\webdriver.py", line 454, in execute
    self.error_handler.check_response(response)
  File "C:\Users\fs271\AppData\Local\Programs\Python\Python312\Lib\site-packages\selenium\webdriver\remote\errorhandler.py", line 232, in check_response
    raise exception_class(message, screen, stacktrace)
selenium.common.exceptions.InvalidSessionIdException: Message: invalid session id; For documentation on this error, please visit: https://www.selenium.dev/documentation/webdriver/troubleshooting/errors#invalidsessionidexception
Stacktrace:
	GetHandleVerifier [0x0x7ff776b7e8e5+80021]
	GetHandleVerifier [0x0x7ff776b7e940+80112]
	(No symbol) [0x0x7ff776900425]
	(No symbol) [0x0x7ff77694864f]
	(No symbol) [0x0x7ff7769810f2]
	(No symbol) [0x0x7ff77697b89f]
	(No symbol) [0x0x7ff77697a94a]
	(No symbol) [0x0x7ff7768ca765]
	GetHandleVerifier [0x0x7ff776e3dc7d+2960429]
	GetHandleVerifier [0x0x7ff776e37f3a+2936554]
	GetHandleVerifier [0x0x7ff776e58977+3070247]
	GetHandleVerifier [0x0x7ff776b983ce+185214]
	GetHandleVerifier [0x0x7ff776b9fe1f+216527]
	(No symbol) [0x0x7ff7768c970e]
	GetHandleVerifier [0x0x7ff776f76a68+4241944]
	BaseThreadInitThunk [0x0x7ffe5d4f259d+29]
	RtlUserThreadStart [0x0x7ffe5eaeaf78+40]


--------------------------------------------------------------------------------

[29/10/2025 07:28:58] ❌ Erro ao enviar pasta 'fh 540 6x4 2022 cod 5584' para COMPRADORES PROCURAM ...: Message: invalid session id; For documentation on this error, please visit: https://www.selenium.dev/documentation/webdriver/troubleshooting/errors#invalidsessionidexception
Stacktrace:
	GetHandleVerifier [0x0x7ff776b7e8e5+80021]
	GetHandleVerifier [0x0x7ff776b7e940+80112]
	(No symbol) [0x0x7ff776900425]
	(No symbol) [0x0x7ff77694864f]
	(No symbol) [0x0x7ff7769810f2]
	(No symbol) [0x0x7ff77697b89f]
	(No symbol) [0x0x7ff77697a94a]
	(No symbol) [0x0x7ff7768ca765]
	GetHandleVerifier [0x0x7ff776e3dc7d+2960429]
	GetHandleVerifier [0x0x7ff776e37f3a+2936554]
	GetHandleVerifier [0x0x7ff776e58977+3070247]
	GetHandleVerifier [0x0x7ff776b983ce+185214]
	GetHandleVerifier [0x0x7ff776b9fe1f+216527]
	(No symbol) [0x0x7ff7768c970e]
	GetHandleVerifier [0x0x7ff776f76a68+4241944]
	BaseThreadInitThunk [0x0x7ffe5d4f259d+29]
	RtlUserThreadStart [0x0x7ffe5eaeaf78+40]

Traceback (most recent call last):
  File "D:\whatssappAuto\automatizaçãoWatts.py", line 106, in enviar_pasta_para_grupo
    search_box = WebDriverWait(driver, TEMPO_ESPERA).until(
                 ^^^^^^^^^^^^^^^^^^^^^^^^^^^^^^^^^^^^^^^^^^
  File "C:\Users\fs271\AppData\Local\Programs\Python\Python312\Lib\site-packages\selenium\webdriver\support\wait.py", line 129, in until
    value = method(self._driver)
            ^^^^^^^^^^^^^^^^^^^^
  File "C:\Users\fs271\AppData\Local\Programs\Python\Python312\Lib\site-packages\selenium\webdriver\support\expected_conditions.py", line 104, in _predicate
    return driver.find_element(*locator)
           ^^^^^^^^^^^^^^^^^^^^^^^^^^^^^
  File "C:\Users\fs271\AppData\Local\Programs\Python\Python312\Lib\site-packages\selenium\webdriver\remote\webdriver.py", line 922, in find_element
    return self.execute(Command.FIND_ELEMENT, {"using": by, "value": value})["value"]
           ^^^^^^^^^^^^^^^^^^^^^^^^^^^^^^^^^^^^^^^^^^^^^^^^^^^^^^^^^^^^^^^^^
  File "C:\Users\fs271\AppData\Local\Programs\Python\Python312\Lib\site-packages\selenium\webdriver\remote\webdriver.py", line 454, in execute
    self.error_handler.check_response(response)
  File "C:\Users\fs271\AppData\Local\Programs\Python\Python312\Lib\site-packages\selenium\webdriver\remote\errorhandler.py", line 232, in check_response
    raise exception_class(message, screen, stacktrace)
selenium.common.exceptions.InvalidSessionIdException: Message: invalid session id; For documentation on this error, please visit: https://www.selenium.dev/documentation/webdriver/troubleshooting/errors#invalidsessionidexception
Stacktrace:
	GetHandleVerifier [0x0x7ff776b7e8e5+80021]
	GetHandleVerifier [0x0x7ff776b7e940+80112]
	(No symbol) [0x0x7ff776900425]
	(No symbol) [0x0x7ff77694864f]
	(No symbol) [0x0x7ff7769810f2]
	(No symbol) [0x0x7ff77697b89f]
	(No symbol) [0x0x7ff77697a94a]
	(No symbol) [0x0x7ff7768ca765]
	GetHandleVerifier [0x0x7ff776e3dc7d+2960429]
	GetHandleVerifier [0x0x7ff776e37f3a+2936554]
	GetHandleVerifier [0x0x7ff776e58977+3070247]
	GetHandleVerifier [0x0x7ff776b983ce+185214]
	GetHandleVerifier [0x0x7ff776b9fe1f+216527]
	(No symbol) [0x0x7ff7768c970e]
	GetHandleVerifier [0x0x7ff776f76a68+4241944]
	BaseThreadInitThunk [0x0x7ffe5d4f259d+29]
	RtlUserThreadStart [0x0x7ffe5eaeaf78+40]


--------------------------------------------------------------------------------

[29/10/2025 07:29:08] ❌ Erro ao enviar pasta 'fh 540 6x4 2022 cod 5584' para COMPRADORES PROCURAM ...: Message: invalid session id; For documentation on this error, please visit: https://www.selenium.dev/documentation/webdriver/troubleshooting/errors#invalidsessionidexception
Stacktrace:
	GetHandleVerifier [0x0x7ff776b7e8e5+80021]
	GetHandleVerifier [0x0x7ff776b7e940+80112]
	(No symbol) [0x0x7ff776900425]
	(No symbol) [0x0x7ff77694864f]
	(No symbol) [0x0x7ff7769810f2]
	(No symbol) [0x0x7ff77697b89f]
	(No symbol) [0x0x7ff77697a94a]
	(No symbol) [0x0x7ff7768ca765]
	GetHandleVerifier [0x0x7ff776e3dc7d+2960429]
	GetHandleVerifier [0x0x7ff776e37f3a+2936554]
	GetHandleVerifier [0x0x7ff776e58977+3070247]
	GetHandleVerifier [0x0x7ff776b983ce+185214]
	GetHandleVerifier [0x0x7ff776b9fe1f+216527]
	(No symbol) [0x0x7ff7768c970e]
	GetHandleVerifier [0x0x7ff776f76a68+4241944]
	BaseThreadInitThunk [0x0x7ffe5d4f259d+29]
	RtlUserThreadStart [0x0x7ffe5eaeaf78+40]

Traceback (most recent call last):
  File "D:\whatssappAuto\automatizaçãoWatts.py", line 106, in enviar_pasta_para_grupo
    search_box = WebDriverWait(driver, TEMPO_ESPERA).until(
                 ^^^^^^^^^^^^^^^^^^^^^^^^^^^^^^^^^^^^^^^^^^
  File "C:\Users\fs271\AppData\Local\Programs\Python\Python312\Lib\site-packages\selenium\webdriver\support\wait.py", line 129, in until
    value = method(self._driver)
            ^^^^^^^^^^^^^^^^^^^^
  File "C:\Users\fs271\AppData\Local\Programs\Python\Python312\Lib\site-packages\selenium\webdriver\support\expected_conditions.py", line 104, in _predicate
    return driver.find_element(*locator)
           ^^^^^^^^^^^^^^^^^^^^^^^^^^^^^
  File "C:\Users\fs271\AppData\Local\Programs\Python\Python312\Lib\site-packages\selenium\webdriver\remote\webdriver.py", line 922, in find_element
    return self.execute(Command.FIND_ELEMENT, {"using": by, "value": value})["value"]
           ^^^^^^^^^^^^^^^^^^^^^^^^^^^^^^^^^^^^^^^^^^^^^^^^^^^^^^^^^^^^^^^^^
  File "C:\Users\fs271\AppData\Local\Programs\Python\Python312\Lib\site-packages\selenium\webdriver\remote\webdriver.py", line 454, in execute
    self.error_handler.check_response(response)
  File "C:\Users\fs271\AppData\Local\Programs\Python\Python312\Lib\site-packages\selenium\webdriver\remote\errorhandler.py", line 232, in check_response
    raise exception_class(message, screen, stacktrace)
selenium.common.exceptions.InvalidSessionIdException: Message: invalid session id; For documentation on this error, please visit: https://www.selenium.dev/documentation/webdriver/troubleshooting/errors#invalidsessionidexception
Stacktrace:
	GetHandleVerifier [0x0x7ff776b7e8e5+80021]
	GetHandleVerifier [0x0x7ff776b7e940+80112]
	(No symbol) [0x0x7ff776900425]
	(No symbol) [0x0x7ff77694864f]
	(No symbol) [0x0x7ff7769810f2]
	(No symbol) [0x0x7ff77697b89f]
	(No symbol) [0x0x7ff77697a94a]
	(No symbol) [0x0x7ff7768ca765]
	GetHandleVerifier [0x0x7ff776e3dc7d+2960429]
	GetHandleVerifier [0x0x7ff776e37f3a+2936554]
	GetHandleVerifier [0x0x7ff776e58977+3070247]
	GetHandleVerifier [0x0x7ff776b983ce+185214]
	GetHandleVerifier [0x0x7ff776b9fe1f+216527]
	(No symbol) [0x0x7ff7768c970e]
	GetHandleVerifier [0x0x7ff776f76a68+4241944]
	BaseThreadInitThunk [0x0x7ffe5d4f259d+29]
	RtlUserThreadStart [0x0x7ffe5eaeaf78+40]


--------------------------------------------------------------------------------

[29/10/2025 07:29:08] ❌ Erro ao enviar pasta 'fh 540 6x4 2022 cod 5584' para Consultoria, Compra, Vendas e Intermediações Caminhões, Máquinas Pesadas, Aeronaves, Fazendas etc: Message: invalid session id; For documentation on this error, please visit: https://www.selenium.dev/documentation/webdriver/troubleshooting/errors#invalidsessionidexception
Stacktrace:
	GetHandleVerifier [0x0x7ff776b7e8e5+80021]
	GetHandleVerifier [0x0x7ff776b7e940+80112]
	(No symbol) [0x0x7ff776900425]
	(No symbol) [0x0x7ff77694864f]
	(No symbol) [0x0x7ff7769810f2]
	(No symbol) [0x0x7ff77697b89f]
	(No symbol) [0x0x7ff77697a94a]
	(No symbol) [0x0x7ff7768ca765]
	GetHandleVerifier [0x0x7ff776e3dc7d+2960429]
	GetHandleVerifier [0x0x7ff776e37f3a+2936554]
	GetHandleVerifier [0x0x7ff776e58977+3070247]
	GetHandleVerifier [0x0x7ff776b983ce+185214]
	GetHandleVerifier [0x0x7ff776b9fe1f+216527]
	(No symbol) [0x0x7ff7768c970e]
	GetHandleVerifier [0x0x7ff776f76a68+4241944]
	BaseThreadInitThunk [0x0x7ffe5d4f259d+29]
	RtlUserThreadStart [0x0x7ffe5eaeaf78+40]

Traceback (most recent call last):
  File "D:\whatssappAuto\automatizaçãoWatts.py", line 106, in enviar_pasta_para_grupo
    search_box = WebDriverWait(driver, TEMPO_ESPERA).until(
                 ^^^^^^^^^^^^^^^^^^^^^^^^^^^^^^^^^^^^^^^^^^
  File "C:\Users\fs271\AppData\Local\Programs\Python\Python312\Lib\site-packages\selenium\webdriver\support\wait.py", line 129, in until
    value = method(self._driver)
            ^^^^^^^^^^^^^^^^^^^^
  File "C:\Users\fs271\AppData\Local\Programs\Python\Python312\Lib\site-packages\selenium\webdriver\support\expected_conditions.py", line 104, in _predicate
    return driver.find_element(*locator)
           ^^^^^^^^^^^^^^^^^^^^^^^^^^^^^
  File "C:\Users\fs271\AppData\Local\Programs\Python\Python312\Lib\site-packages\selenium\webdriver\remote\webdriver.py", line 922, in find_element
    return self.execute(Command.FIND_ELEMENT, {"using": by, "value": value})["value"]
           ^^^^^^^^^^^^^^^^^^^^^^^^^^^^^^^^^^^^^^^^^^^^^^^^^^^^^^^^^^^^^^^^^
  File "C:\Users\fs271\AppData\Local\Programs\Python\Python312\Lib\site-packages\selenium\webdriver\remote\webdriver.py", line 454, in execute
    self.error_handler.check_response(response)
  File "C:\Users\fs271\AppData\Local\Programs\Python\Python312\Lib\site-packages\selenium\webdriver\remote\errorhandler.py", line 232, in check_response
    raise exception_class(message, screen, stacktrace)
selenium.common.exceptions.InvalidSessionIdException: Message: invalid session id; For documentation on this error, please visit: https://www.selenium.dev/documentation/webdriver/troubleshooting/errors#invalidsessionidexception
Stacktrace:
	GetHandleVerifier [0x0x7ff776b7e8e5+80021]
	GetHandleVerifier [0x0x7ff776b7e940+80112]
	(No symbol) [0x0x7ff776900425]
	(No symbol) [0x0x7ff77694864f]
	(No symbol) [0x0x7ff7769810f2]
	(No symbol) [0x0x7ff77697b89f]
	(No symbol) [0x0x7ff77697a94a]
	(No symbol) [0x0x7ff7768ca765]
	GetHandleVerifier [0x0x7ff776e3dc7d+2960429]
	GetHandleVerifier [0x0x7ff776e37f3a+2936554]
	GetHandleVerifier [0x0x7ff776e58977+3070247]
	GetHandleVerifier [0x0x7ff776b983ce+185214]
	GetHandleVerifier [0x0x7ff776b9fe1f+216527]
	(No symbol) [0x0x7ff7768c970e]
	GetHandleVerifier [0x0x7ff776f76a68+4241944]
	BaseThreadInitThunk [0x0x7ffe5d4f259d+29]
	RtlUserThreadStart [0x0x7ffe5eaeaf78+40]


--------------------------------------------------------------------------------

[29/10/2025 07:29:18] ❌ Erro ao enviar pasta 'fh 540 6x4 2022 cod 5584' para Consultoria, Compra, Vendas e Intermediações Caminhões, Máquinas Pesadas, Aeronaves, Fazendas etc: Message: invalid session id; For documentation on this error, please visit: https://www.selenium.dev/documentation/webdriver/troubleshooting/errors#invalidsessionidexception
Stacktrace:
	GetHandleVerifier [0x0x7ff776b7e8e5+80021]
	GetHandleVerifier [0x0x7ff776b7e940+80112]
	(No symbol) [0x0x7ff776900425]
	(No symbol) [0x0x7ff77694864f]
	(No symbol) [0x0x7ff7769810f2]
	(No symbol) [0x0x7ff77697b89f]
	(No symbol) [0x0x7ff77697a94a]
	(No symbol) [0x0x7ff7768ca765]
	GetHandleVerifier [0x0x7ff776e3dc7d+2960429]
	GetHandleVerifier [0x0x7ff776e37f3a+2936554]
	GetHandleVerifier [0x0x7ff776e58977+3070247]
	GetHandleVerifier [0x0x7ff776b983ce+185214]
	GetHandleVerifier [0x0x7ff776b9fe1f+216527]
	(No symbol) [0x0x7ff7768c970e]
	GetHandleVerifier [0x0x7ff776f76a68+4241944]
	BaseThreadInitThunk [0x0x7ffe5d4f259d+29]
	RtlUserThreadStart [0x0x7ffe5eaeaf78+40]

Traceback (most recent call last):
  File "D:\whatssappAuto\automatizaçãoWatts.py", line 106, in enviar_pasta_para_grupo
    search_box = WebDriverWait(driver, TEMPO_ESPERA).until(
                 ^^^^^^^^^^^^^^^^^^^^^^^^^^^^^^^^^^^^^^^^^^
  File "C:\Users\fs271\AppData\Local\Programs\Python\Python312\Lib\site-packages\selenium\webdriver\support\wait.py", line 129, in until
    value = method(self._driver)
            ^^^^^^^^^^^^^^^^^^^^
  File "C:\Users\fs271\AppData\Local\Programs\Python\Python312\Lib\site-packages\selenium\webdriver\support\expected_conditions.py", line 104, in _predicate
    return driver.find_element(*locator)
           ^^^^^^^^^^^^^^^^^^^^^^^^^^^^^
  File "C:\Users\fs271\AppData\Local\Programs\Python\Python312\Lib\site-packages\selenium\webdriver\remote\webdriver.py", line 922, in find_element
    return self.execute(Command.FIND_ELEMENT, {"using": by, "value": value})["value"]
           ^^^^^^^^^^^^^^^^^^^^^^^^^^^^^^^^^^^^^^^^^^^^^^^^^^^^^^^^^^^^^^^^^
  File "C:\Users\fs271\AppData\Local\Programs\Python\Python312\Lib\site-packages\selenium\webdriver\remote\webdriver.py", line 454, in execute
    self.error_handler.check_response(response)
  File "C:\Users\fs271\AppData\Local\Programs\Python\Python312\Lib\site-packages\selenium\webdriver\remote\errorhandler.py", line 232, in check_response
    raise exception_class(message, screen, stacktrace)
selenium.common.exceptions.InvalidSessionIdException: Message: invalid session id; For documentation on this error, please visit: https://www.selenium.dev/documentation/webdriver/troubleshooting/errors#invalidsessionidexception
Stacktrace:
	GetHandleVerifier [0x0x7ff776b7e8e5+80021]
	GetHandleVerifier [0x0x7ff776b7e940+80112]
	(No symbol) [0x0x7ff776900425]
	(No symbol) [0x0x7ff77694864f]
	(No symbol) [0x0x7ff7769810f2]
	(No symbol) [0x0x7ff77697b89f]
	(No symbol) [0x0x7ff77697a94a]
	(No symbol) [0x0x7ff7768ca765]
	GetHandleVerifier [0x0x7ff776e3dc7d+2960429]
	GetHandleVerifier [0x0x7ff776e37f3a+2936554]
	GetHandleVerifier [0x0x7ff776e58977+3070247]
	GetHandleVerifier [0x0x7ff776b983ce+185214]
	GetHandleVerifier [0x0x7ff776b9fe1f+216527]
	(No symbol) [0x0x7ff7768c970e]
	GetHandleVerifier [0x0x7ff776f76a68+4241944]
	BaseThreadInitThunk [0x0x7ffe5d4f259d+29]
	RtlUserThreadStart [0x0x7ffe5eaeaf78+40]


--------------------------------------------------------------------------------

[29/10/2025 07:29:28] ❌ Erro ao enviar pasta 'fh 540 6x4 2022 cod 5584' para Consultoria, Compra, Vendas e Intermediações Caminhões, Máquinas Pesadas, Aeronaves, Fazendas etc: Message: invalid session id; For documentation on this error, please visit: https://www.selenium.dev/documentation/webdriver/troubleshooting/errors#invalidsessionidexception
Stacktrace:
	GetHandleVerifier [0x0x7ff776b7e8e5+80021]
	GetHandleVerifier [0x0x7ff776b7e940+80112]
	(No symbol) [0x0x7ff776900425]
	(No symbol) [0x0x7ff77694864f]
	(No symbol) [0x0x7ff7769810f2]
	(No symbol) [0x0x7ff77697b89f]
	(No symbol) [0x0x7ff77697a94a]
	(No symbol) [0x0x7ff7768ca765]
	GetHandleVerifier [0x0x7ff776e3dc7d+2960429]
	GetHandleVerifier [0x0x7ff776e37f3a+2936554]
	GetHandleVerifier [0x0x7ff776e58977+3070247]
	GetHandleVerifier [0x0x7ff776b983ce+185214]
	GetHandleVerifier [0x0x7ff776b9fe1f+216527]
	(No symbol) [0x0x7ff7768c970e]
	GetHandleVerifier [0x0x7ff776f76a68+4241944]
	BaseThreadInitThunk [0x0x7ffe5d4f259d+29]
	RtlUserThreadStart [0x0x7ffe5eaeaf78+40]

Traceback (most recent call last):
  File "D:\whatssappAuto\automatizaçãoWatts.py", line 106, in enviar_pasta_para_grupo
    search_box = WebDriverWait(driver, TEMPO_ESPERA).until(
                 ^^^^^^^^^^^^^^^^^^^^^^^^^^^^^^^^^^^^^^^^^^
  File "C:\Users\fs271\AppData\Local\Programs\Python\Python312\Lib\site-packages\selenium\webdriver\support\wait.py", line 129, in until
    value = method(self._driver)
            ^^^^^^^^^^^^^^^^^^^^
  File "C:\Users\fs271\AppData\Local\Programs\Python\Python312\Lib\site-packages\selenium\webdriver\support\expected_conditions.py", line 104, in _predicate
    return driver.find_element(*locator)
           ^^^^^^^^^^^^^^^^^^^^^^^^^^^^^
  File "C:\Users\fs271\AppData\Local\Programs\Python\Python312\Lib\site-packages\selenium\webdriver\remote\webdriver.py", line 922, in find_element
    return self.execute(Command.FIND_ELEMENT, {"using": by, "value": value})["value"]
           ^^^^^^^^^^^^^^^^^^^^^^^^^^^^^^^^^^^^^^^^^^^^^^^^^^^^^^^^^^^^^^^^^
  File "C:\Users\fs271\AppData\Local\Programs\Python\Python312\Lib\site-packages\selenium\webdriver\remote\webdriver.py", line 454, in execute
    self.error_handler.check_response(response)
  File "C:\Users\fs271\AppData\Local\Programs\Python\Python312\Lib\site-packages\selenium\webdriver\remote\errorhandler.py", line 232, in check_response
    raise exception_class(message, screen, stacktrace)
selenium.common.exceptions.InvalidSessionIdException: Message: invalid session id; For documentation on this error, please visit: https://www.selenium.dev/documentation/webdriver/troubleshooting/errors#invalidsessionidexception
Stacktrace:
	GetHandleVerifier [0x0x7ff776b7e8e5+80021]
	GetHandleVerifier [0x0x7ff776b7e940+80112]
	(No symbol) [0x0x7ff776900425]
	(No symbol) [0x0x7ff77694864f]
	(No symbol) [0x0x7ff7769810f2]
	(No symbol) [0x0x7ff77697b89f]
	(No symbol) [0x0x7ff77697a94a]
	(No symbol) [0x0x7ff7768ca765]
	GetHandleVerifier [0x0x7ff776e3dc7d+2960429]
	GetHandleVerifier [0x0x7ff776e37f3a+2936554]
	GetHandleVerifier [0x0x7ff776e58977+3070247]
	GetHandleVerifier [0x0x7ff776b983ce+185214]
	GetHandleVerifier [0x0x7ff776b9fe1f+216527]
	(No symbol) [0x0x7ff7768c970e]
	GetHandleVerifier [0x0x7ff776f76a68+4241944]
	BaseThreadInitThunk [0x0x7ffe5d4f259d+29]
	RtlUserThreadStart [0x0x7ffe5eaeaf78+40]


--------------------------------------------------------------------------------

[29/10/2025 07:29:28] ❌ Erro ao enviar pasta 'fh 540 6x4 2022 cod 5584' para MF Caminhões e Carretas: Message: invalid session id; For documentation on this error, please visit: https://www.selenium.dev/documentation/webdriver/troubleshooting/errors#invalidsessionidexception
Stacktrace:
	GetHandleVerifier [0x0x7ff776b7e8e5+80021]
	GetHandleVerifier [0x0x7ff776b7e940+80112]
	(No symbol) [0x0x7ff776900425]
	(No symbol) [0x0x7ff77694864f]
	(No symbol) [0x0x7ff7769810f2]
	(No symbol) [0x0x7ff77697b89f]
	(No symbol) [0x0x7ff77697a94a]
	(No symbol) [0x0x7ff7768ca765]
	GetHandleVerifier [0x0x7ff776e3dc7d+2960429]
	GetHandleVerifier [0x0x7ff776e37f3a+2936554]
	GetHandleVerifier [0x0x7ff776e58977+3070247]
	GetHandleVerifier [0x0x7ff776b983ce+185214]
	GetHandleVerifier [0x0x7ff776b9fe1f+216527]
	(No symbol) [0x0x7ff7768c970e]
	GetHandleVerifier [0x0x7ff776f76a68+4241944]
	BaseThreadInitThunk [0x0x7ffe5d4f259d+29]
	RtlUserThreadStart [0x0x7ffe5eaeaf78+40]

Traceback (most recent call last):
  File "D:\whatssappAuto\automatizaçãoWatts.py", line 106, in enviar_pasta_para_grupo
    search_box = WebDriverWait(driver, TEMPO_ESPERA).until(
                 ^^^^^^^^^^^^^^^^^^^^^^^^^^^^^^^^^^^^^^^^^^
  File "C:\Users\fs271\AppData\Local\Programs\Python\Python312\Lib\site-packages\selenium\webdriver\support\wait.py", line 129, in until
    value = method(self._driver)
            ^^^^^^^^^^^^^^^^^^^^
  File "C:\Users\fs271\AppData\Local\Programs\Python\Python312\Lib\site-packages\selenium\webdriver\support\expected_conditions.py", line 104, in _predicate
    return driver.find_element(*locator)
           ^^^^^^^^^^^^^^^^^^^^^^^^^^^^^
  File "C:\Users\fs271\AppData\Local\Programs\Python\Python312\Lib\site-packages\selenium\webdriver\remote\webdriver.py", line 922, in find_element
    return self.execute(Command.FIND_ELEMENT, {"using": by, "value": value})["value"]
           ^^^^^^^^^^^^^^^^^^^^^^^^^^^^^^^^^^^^^^^^^^^^^^^^^^^^^^^^^^^^^^^^^
  File "C:\Users\fs271\AppData\Local\Programs\Python\Python312\Lib\site-packages\selenium\webdriver\remote\webdriver.py", line 454, in execute
    self.error_handler.check_response(response)
  File "C:\Users\fs271\AppData\Local\Programs\Python\Python312\Lib\site-packages\selenium\webdriver\remote\errorhandler.py", line 232, in check_response
    raise exception_class(message, screen, stacktrace)
selenium.common.exceptions.InvalidSessionIdException: Message: invalid session id; For documentation on this error, please visit: https://www.selenium.dev/documentation/webdriver/troubleshooting/errors#invalidsessionidexception
Stacktrace:
	GetHandleVerifier [0x0x7ff776b7e8e5+80021]
	GetHandleVerifier [0x0x7ff776b7e940+80112]
	(No symbol) [0x0x7ff776900425]
	(No symbol) [0x0x7ff77694864f]
	(No symbol) [0x0x7ff7769810f2]
	(No symbol) [0x0x7ff77697b89f]
	(No symbol) [0x0x7ff77697a94a]
	(No symbol) [0x0x7ff7768ca765]
	GetHandleVerifier [0x0x7ff776e3dc7d+2960429]
	GetHandleVerifier [0x0x7ff776e37f3a+2936554]
	GetHandleVerifier [0x0x7ff776e58977+3070247]
	GetHandleVerifier [0x0x7ff776b983ce+185214]
	GetHandleVerifier [0x0x7ff776b9fe1f+216527]
	(No symbol) [0x0x7ff7768c970e]
	GetHandleVerifier [0x0x7ff776f76a68+4241944]
	BaseThreadInitThunk [0x0x7ffe5d4f259d+29]
	RtlUserThreadStart [0x0x7ffe5eaeaf78+40]


--------------------------------------------------------------------------------

[29/10/2025 07:29:38] ❌ Erro ao enviar pasta 'fh 540 6x4 2022 cod 5584' para MF Caminhões e Carretas: Message: invalid session id; For documentation on this error, please visit: https://www.selenium.dev/documentation/webdriver/troubleshooting/errors#invalidsessionidexception
Stacktrace:
	GetHandleVerifier [0x0x7ff776b7e8e5+80021]
	GetHandleVerifier [0x0x7ff776b7e940+80112]
	(No symbol) [0x0x7ff776900425]
	(No symbol) [0x0x7ff77694864f]
	(No symbol) [0x0x7ff7769810f2]
	(No symbol) [0x0x7ff77697b89f]
	(No symbol) [0x0x7ff77697a94a]
	(No symbol) [0x0x7ff7768ca765]
	GetHandleVerifier [0x0x7ff776e3dc7d+2960429]
	GetHandleVerifier [0x0x7ff776e37f3a+2936554]
	GetHandleVerifier [0x0x7ff776e58977+3070247]
	GetHandleVerifier [0x0x7ff776b983ce+185214]
	GetHandleVerifier [0x0x7ff776b9fe1f+216527]
	(No symbol) [0x0x7ff7768c970e]
	GetHandleVerifier [0x0x7ff776f76a68+4241944]
	BaseThreadInitThunk [0x0x7ffe5d4f259d+29]
	RtlUserThreadStart [0x0x7ffe5eaeaf78+40]

Traceback (most recent call last):
  File "D:\whatssappAuto\automatizaçãoWatts.py", line 106, in enviar_pasta_para_grupo
    search_box = WebDriverWait(driver, TEMPO_ESPERA).until(
                 ^^^^^^^^^^^^^^^^^^^^^^^^^^^^^^^^^^^^^^^^^^
  File "C:\Users\fs271\AppData\Local\Programs\Python\Python312\Lib\site-packages\selenium\webdriver\support\wait.py", line 129, in until
    value = method(self._driver)
            ^^^^^^^^^^^^^^^^^^^^
  File "C:\Users\fs271\AppData\Local\Programs\Python\Python312\Lib\site-packages\selenium\webdriver\support\expected_conditions.py", line 104, in _predicate
    return driver.find_element(*locator)
           ^^^^^^^^^^^^^^^^^^^^^^^^^^^^^
  File "C:\Users\fs271\AppData\Local\Programs\Python\Python312\Lib\site-packages\selenium\webdriver\remote\webdriver.py", line 922, in find_element
    return self.execute(Command.FIND_ELEMENT, {"using": by, "value": value})["value"]
           ^^^^^^^^^^^^^^^^^^^^^^^^^^^^^^^^^^^^^^^^^^^^^^^^^^^^^^^^^^^^^^^^^
  File "C:\Users\fs271\AppData\Local\Programs\Python\Python312\Lib\site-packages\selenium\webdriver\remote\webdriver.py", line 454, in execute
    self.error_handler.check_response(response)
  File "C:\Users\fs271\AppData\Local\Programs\Python\Python312\Lib\site-packages\selenium\webdriver\remote\errorhandler.py", line 232, in check_response
    raise exception_class(message, screen, stacktrace)
selenium.common.exceptions.InvalidSessionIdException: Message: invalid session id; For documentation on this error, please visit: https://www.selenium.dev/documentation/webdriver/troubleshooting/errors#invalidsessionidexception
Stacktrace:
	GetHandleVerifier [0x0x7ff776b7e8e5+80021]
	GetHandleVerifier [0x0x7ff776b7e940+80112]
	(No symbol) [0x0x7ff776900425]
	(No symbol) [0x0x7ff77694864f]
	(No symbol) [0x0x7ff7769810f2]
	(No symbol) [0x0x7ff77697b89f]
	(No symbol) [0x0x7ff77697a94a]
	(No symbol) [0x0x7ff7768ca765]
	GetHandleVerifier [0x0x7ff776e3dc7d+2960429]
	GetHandleVerifier [0x0x7ff776e37f3a+2936554]
	GetHandleVerifier [0x0x7ff776e58977+3070247]
	GetHandleVerifier [0x0x7ff776b983ce+185214]
	GetHandleVerifier [0x0x7ff776b9fe1f+216527]
	(No symbol) [0x0x7ff7768c970e]
	GetHandleVerifier [0x0x7ff776f76a68+4241944]
	BaseThreadInitThunk [0x0x7ffe5d4f259d+29]
	RtlUserThreadStart [0x0x7ffe5eaeaf78+40]


--------------------------------------------------------------------------------

[29/10/2025 07:29:48] ❌ Erro ao enviar pasta 'fh 540 6x4 2022 cod 5584' para MF Caminhões e Carretas: Message: invalid session id; For documentation on this error, please visit: https://www.selenium.dev/documentation/webdriver/troubleshooting/errors#invalidsessionidexception
Stacktrace:
	GetHandleVerifier [0x0x7ff776b7e8e5+80021]
	GetHandleVerifier [0x0x7ff776b7e940+80112]
	(No symbol) [0x0x7ff776900425]
	(No symbol) [0x0x7ff77694864f]
	(No symbol) [0x0x7ff7769810f2]
	(No symbol) [0x0x7ff77697b89f]
	(No symbol) [0x0x7ff77697a94a]
	(No symbol) [0x0x7ff7768ca765]
	GetHandleVerifier [0x0x7ff776e3dc7d+2960429]
	GetHandleVerifier [0x0x7ff776e37f3a+2936554]
	GetHandleVerifier [0x0x7ff776e58977+3070247]
	GetHandleVerifier [0x0x7ff776b983ce+185214]
	GetHandleVerifier [0x0x7ff776b9fe1f+216527]
	(No symbol) [0x0x7ff7768c970e]
	GetHandleVerifier [0x0x7ff776f76a68+4241944]
	BaseThreadInitThunk [0x0x7ffe5d4f259d+29]
	RtlUserThreadStart [0x0x7ffe5eaeaf78+40]

Traceback (most recent call last):
  File "D:\whatssappAuto\automatizaçãoWatts.py", line 106, in enviar_pasta_para_grupo
    search_box = WebDriverWait(driver, TEMPO_ESPERA).until(
                 ^^^^^^^^^^^^^^^^^^^^^^^^^^^^^^^^^^^^^^^^^^
  File "C:\Users\fs271\AppData\Local\Programs\Python\Python312\Lib\site-packages\selenium\webdriver\support\wait.py", line 129, in until
    value = method(self._driver)
            ^^^^^^^^^^^^^^^^^^^^
  File "C:\Users\fs271\AppData\Local\Programs\Python\Python312\Lib\site-packages\selenium\webdriver\support\expected_conditions.py", line 104, in _predicate
    return driver.find_element(*locator)
           ^^^^^^^^^^^^^^^^^^^^^^^^^^^^^
  File "C:\Users\fs271\AppData\Local\Programs\Python\Python312\Lib\site-packages\selenium\webdriver\remote\webdriver.py", line 922, in find_element
    return self.execute(Command.FIND_ELEMENT, {"using": by, "value": value})["value"]
           ^^^^^^^^^^^^^^^^^^^^^^^^^^^^^^^^^^^^^^^^^^^^^^^^^^^^^^^^^^^^^^^^^
  File "C:\Users\fs271\AppData\Local\Programs\Python\Python312\Lib\site-packages\selenium\webdriver\remote\webdriver.py", line 454, in execute
    self.error_handler.check_response(response)
  File "C:\Users\fs271\AppData\Local\Programs\Python\Python312\Lib\site-packages\selenium\webdriver\remote\errorhandler.py", line 232, in check_response
    raise exception_class(message, screen, stacktrace)
selenium.common.exceptions.InvalidSessionIdException: Message: invalid session id; For documentation on this error, please visit: https://www.selenium.dev/documentation/webdriver/troubleshooting/errors#invalidsessionidexception
Stacktrace:
	GetHandleVerifier [0x0x7ff776b7e8e5+80021]
	GetHandleVerifier [0x0x7ff776b7e940+80112]
	(No symbol) [0x0x7ff776900425]
	(No symbol) [0x0x7ff77694864f]
	(No symbol) [0x0x7ff7769810f2]
	(No symbol) [0x0x7ff77697b89f]
	(No symbol) [0x0x7ff77697a94a]
	(No symbol) [0x0x7ff7768ca765]
	GetHandleVerifier [0x0x7ff776e3dc7d+2960429]
	GetHandleVerifier [0x0x7ff776e37f3a+2936554]
	GetHandleVerifier [0x0x7ff776e58977+3070247]
	GetHandleVerifier [0x0x7ff776b983ce+185214]
	GetHandleVerifier [0x0x7ff776b9fe1f+216527]
	(No symbol) [0x0x7ff7768c970e]
	GetHandleVerifier [0x0x7ff776f76a68+4241944]
	BaseThreadInitThunk [0x0x7ffe5d4f259d+29]
	RtlUserThreadStart [0x0x7ffe5eaeaf78+40]


--------------------------------------------------------------------------------

[29/10/2025 07:29:48] ❌ Erro ao enviar pasta 'fh460' para CORRETORES BILL GRUPO.: Message: invalid session id; For documentation on this error, please visit: https://www.selenium.dev/documentation/webdriver/troubleshooting/errors#invalidsessionidexception
Stacktrace:
	GetHandleVerifier [0x0x7ff776b7e8e5+80021]
	GetHandleVerifier [0x0x7ff776b7e940+80112]
	(No symbol) [0x0x7ff776900425]
	(No symbol) [0x0x7ff77694864f]
	(No symbol) [0x0x7ff7769810f2]
	(No symbol) [0x0x7ff77697b89f]
	(No symbol) [0x0x7ff77697a94a]
	(No symbol) [0x0x7ff7768ca765]
	GetHandleVerifier [0x0x7ff776e3dc7d+2960429]
	GetHandleVerifier [0x0x7ff776e37f3a+2936554]
	GetHandleVerifier [0x0x7ff776e58977+3070247]
	GetHandleVerifier [0x0x7ff776b983ce+185214]
	GetHandleVerifier [0x0x7ff776b9fe1f+216527]
	(No symbol) [0x0x7ff7768c970e]
	GetHandleVerifier [0x0x7ff776f76a68+4241944]
	BaseThreadInitThunk [0x0x7ffe5d4f259d+29]
	RtlUserThreadStart [0x0x7ffe5eaeaf78+40]

Traceback (most recent call last):
  File "D:\whatssappAuto\automatizaçãoWatts.py", line 106, in enviar_pasta_para_grupo
    search_box = WebDriverWait(driver, TEMPO_ESPERA).until(
                 ^^^^^^^^^^^^^^^^^^^^^^^^^^^^^^^^^^^^^^^^^^
  File "C:\Users\fs271\AppData\Local\Programs\Python\Python312\Lib\site-packages\selenium\webdriver\support\wait.py", line 129, in until
    value = method(self._driver)
            ^^^^^^^^^^^^^^^^^^^^
  File "C:\Users\fs271\AppData\Local\Programs\Python\Python312\Lib\site-packages\selenium\webdriver\support\expected_conditions.py", line 104, in _predicate
    return driver.find_element(*locator)
           ^^^^^^^^^^^^^^^^^^^^^^^^^^^^^
  File "C:\Users\fs271\AppData\Local\Programs\Python\Python312\Lib\site-packages\selenium\webdriver\remote\webdriver.py", line 922, in find_element
    return self.execute(Command.FIND_ELEMENT, {"using": by, "value": value})["value"]
           ^^^^^^^^^^^^^^^^^^^^^^^^^^^^^^^^^^^^^^^^^^^^^^^^^^^^^^^^^^^^^^^^^
  File "C:\Users\fs271\AppData\Local\Programs\Python\Python312\Lib\site-packages\selenium\webdriver\remote\webdriver.py", line 454, in execute
    self.error_handler.check_response(response)
  File "C:\Users\fs271\AppData\Local\Programs\Python\Python312\Lib\site-packages\selenium\webdriver\remote\errorhandler.py", line 232, in check_response
    raise exception_class(message, screen, stacktrace)
selenium.common.exceptions.InvalidSessionIdException: Message: invalid session id; For documentation on this error, please visit: https://www.selenium.dev/documentation/webdriver/troubleshooting/errors#invalidsessionidexception
Stacktrace:
	GetHandleVerifier [0x0x7ff776b7e8e5+80021]
	GetHandleVerifier [0x0x7ff776b7e940+80112]
	(No symbol) [0x0x7ff776900425]
	(No symbol) [0x0x7ff77694864f]
	(No symbol) [0x0x7ff7769810f2]
	(No symbol) [0x0x7ff77697b89f]
	(No symbol) [0x0x7ff77697a94a]
	(No symbol) [0x0x7ff7768ca765]
	GetHandleVerifier [0x0x7ff776e3dc7d+2960429]
	GetHandleVerifier [0x0x7ff776e37f3a+2936554]
	GetHandleVerifier [0x0x7ff776e58977+3070247]
	GetHandleVerifier [0x0x7ff776b983ce+185214]
	GetHandleVerifier [0x0x7ff776b9fe1f+216527]
	(No symbol) [0x0x7ff7768c970e]
	GetHandleVerifier [0x0x7ff776f76a68+4241944]
	BaseThreadInitThunk [0x0x7ffe5d4f259d+29]
	RtlUserThreadStart [0x0x7ffe5eaeaf78+40]


--------------------------------------------------------------------------------

[29/10/2025 07:29:58] ❌ Erro ao enviar pasta 'fh460' para CORRETORES BILL GRUPO.: Message: invalid session id; For documentation on this error, please visit: https://www.selenium.dev/documentation/webdriver/troubleshooting/errors#invalidsessionidexception
Stacktrace:
	GetHandleVerifier [0x0x7ff776b7e8e5+80021]
	GetHandleVerifier [0x0x7ff776b7e940+80112]
	(No symbol) [0x0x7ff776900425]
	(No symbol) [0x0x7ff77694864f]
	(No symbol) [0x0x7ff7769810f2]
	(No symbol) [0x0x7ff77697b89f]
	(No symbol) [0x0x7ff77697a94a]
	(No symbol) [0x0x7ff7768ca765]
	GetHandleVerifier [0x0x7ff776e3dc7d+2960429]
	GetHandleVerifier [0x0x7ff776e37f3a+2936554]
	GetHandleVerifier [0x0x7ff776e58977+3070247]
	GetHandleVerifier [0x0x7ff776b983ce+185214]
	GetHandleVerifier [0x0x7ff776b9fe1f+216527]
	(No symbol) [0x0x7ff7768c970e]
	GetHandleVerifier [0x0x7ff776f76a68+4241944]
	BaseThreadInitThunk [0x0x7ffe5d4f259d+29]
	RtlUserThreadStart [0x0x7ffe5eaeaf78+40]

Traceback (most recent call last):
  File "D:\whatssappAuto\automatizaçãoWatts.py", line 106, in enviar_pasta_para_grupo
    search_box = WebDriverWait(driver, TEMPO_ESPERA).until(
                 ^^^^^^^^^^^^^^^^^^^^^^^^^^^^^^^^^^^^^^^^^^
  File "C:\Users\fs271\AppData\Local\Programs\Python\Python312\Lib\site-packages\selenium\webdriver\support\wait.py", line 129, in until
    value = method(self._driver)
            ^^^^^^^^^^^^^^^^^^^^
  File "C:\Users\fs271\AppData\Local\Programs\Python\Python312\Lib\site-packages\selenium\webdriver\support\expected_conditions.py", line 104, in _predicate
    return driver.find_element(*locator)
           ^^^^^^^^^^^^^^^^^^^^^^^^^^^^^
  File "C:\Users\fs271\AppData\Local\Programs\Python\Python312\Lib\site-packages\selenium\webdriver\remote\webdriver.py", line 922, in find_element
    return self.execute(Command.FIND_ELEMENT, {"using": by, "value": value})["value"]
           ^^^^^^^^^^^^^^^^^^^^^^^^^^^^^^^^^^^^^^^^^^^^^^^^^^^^^^^^^^^^^^^^^
  File "C:\Users\fs271\AppData\Local\Programs\Python\Python312\Lib\site-packages\selenium\webdriver\remote\webdriver.py", line 454, in execute
    self.error_handler.check_response(response)
  File "C:\Users\fs271\AppData\Local\Programs\Python\Python312\Lib\site-packages\selenium\webdriver\remote\errorhandler.py", line 232, in check_response
    raise exception_class(message, screen, stacktrace)
selenium.common.exceptions.InvalidSessionIdException: Message: invalid session id; For documentation on this error, please visit: https://www.selenium.dev/documentation/webdriver/troubleshooting/errors#invalidsessionidexception
Stacktrace:
	GetHandleVerifier [0x0x7ff776b7e8e5+80021]
	GetHandleVerifier [0x0x7ff776b7e940+80112]
	(No symbol) [0x0x7ff776900425]
	(No symbol) [0x0x7ff77694864f]
	(No symbol) [0x0x7ff7769810f2]
	(No symbol) [0x0x7ff77697b89f]
	(No symbol) [0x0x7ff77697a94a]
	(No symbol) [0x0x7ff7768ca765]
	GetHandleVerifier [0x0x7ff776e3dc7d+2960429]
	GetHandleVerifier [0x0x7ff776e37f3a+2936554]
	GetHandleVerifier [0x0x7ff776e58977+3070247]
	GetHandleVerifier [0x0x7ff776b983ce+185214]
	GetHandleVerifier [0x0x7ff776b9fe1f+216527]
	(No symbol) [0x0x7ff7768c970e]
	GetHandleVerifier [0x0x7ff776f76a68+4241944]
	BaseThreadInitThunk [0x0x7ffe5d4f259d+29]
	RtlUserThreadStart [0x0x7ffe5eaeaf78+40]


--------------------------------------------------------------------------------

[29/10/2025 07:30:08] ❌ Erro ao enviar pasta 'fh460' para CORRETORES BILL GRUPO.: Message: invalid session id; For documentation on this error, please visit: https://www.selenium.dev/documentation/webdriver/troubleshooting/errors#invalidsessionidexception
Stacktrace:
	GetHandleVerifier [0x0x7ff776b7e8e5+80021]
	GetHandleVerifier [0x0x7ff776b7e940+80112]
	(No symbol) [0x0x7ff776900425]
	(No symbol) [0x0x7ff77694864f]
	(No symbol) [0x0x7ff7769810f2]
	(No symbol) [0x0x7ff77697b89f]
	(No symbol) [0x0x7ff77697a94a]
	(No symbol) [0x0x7ff7768ca765]
	GetHandleVerifier [0x0x7ff776e3dc7d+2960429]
	GetHandleVerifier [0x0x7ff776e37f3a+2936554]
	GetHandleVerifier [0x0x7ff776e58977+3070247]
	GetHandleVerifier [0x0x7ff776b983ce+185214]
	GetHandleVerifier [0x0x7ff776b9fe1f+216527]
	(No symbol) [0x0x7ff7768c970e]
	GetHandleVerifier [0x0x7ff776f76a68+4241944]
	BaseThreadInitThunk [0x0x7ffe5d4f259d+29]
	RtlUserThreadStart [0x0x7ffe5eaeaf78+40]

Traceback (most recent call last):
  File "D:\whatssappAuto\automatizaçãoWatts.py", line 106, in enviar_pasta_para_grupo
    search_box = WebDriverWait(driver, TEMPO_ESPERA).until(
                 ^^^^^^^^^^^^^^^^^^^^^^^^^^^^^^^^^^^^^^^^^^
  File "C:\Users\fs271\AppData\Local\Programs\Python\Python312\Lib\site-packages\selenium\webdriver\support\wait.py", line 129, in until
    value = method(self._driver)
            ^^^^^^^^^^^^^^^^^^^^
  File "C:\Users\fs271\AppData\Local\Programs\Python\Python312\Lib\site-packages\selenium\webdriver\support\expected_conditions.py", line 104, in _predicate
    return driver.find_element(*locator)
           ^^^^^^^^^^^^^^^^^^^^^^^^^^^^^
  File "C:\Users\fs271\AppData\Local\Programs\Python\Python312\Lib\site-packages\selenium\webdriver\remote\webdriver.py", line 922, in find_element
    return self.execute(Command.FIND_ELEMENT, {"using": by, "value": value})["value"]
           ^^^^^^^^^^^^^^^^^^^^^^^^^^^^^^^^^^^^^^^^^^^^^^^^^^^^^^^^^^^^^^^^^
  File "C:\Users\fs271\AppData\Local\Programs\Python\Python312\Lib\site-packages\selenium\webdriver\remote\webdriver.py", line 454, in execute
    self.error_handler.check_response(response)
  File "C:\Users\fs271\AppData\Local\Programs\Python\Python312\Lib\site-packages\selenium\webdriver\remote\errorhandler.py", line 232, in check_response
    raise exception_class(message, screen, stacktrace)
selenium.common.exceptions.InvalidSessionIdException: Message: invalid session id; For documentation on this error, please visit: https://www.selenium.dev/documentation/webdriver/troubleshooting/errors#invalidsessionidexception
Stacktrace:
	GetHandleVerifier [0x0x7ff776b7e8e5+80021]
	GetHandleVerifier [0x0x7ff776b7e940+80112]
	(No symbol) [0x0x7ff776900425]
	(No symbol) [0x0x7ff77694864f]
	(No symbol) [0x0x7ff7769810f2]
	(No symbol) [0x0x7ff77697b89f]
	(No symbol) [0x0x7ff77697a94a]
	(No symbol) [0x0x7ff7768ca765]
	GetHandleVerifier [0x0x7ff776e3dc7d+2960429]
	GetHandleVerifier [0x0x7ff776e37f3a+2936554]
	GetHandleVerifier [0x0x7ff776e58977+3070247]
	GetHandleVerifier [0x0x7ff776b983ce+185214]
	GetHandleVerifier [0x0x7ff776b9fe1f+216527]
	(No symbol) [0x0x7ff7768c970e]
	GetHandleVerifier [0x0x7ff776f76a68+4241944]
	BaseThreadInitThunk [0x0x7ffe5d4f259d+29]
	RtlUserThreadStart [0x0x7ffe5eaeaf78+40]


--------------------------------------------------------------------------------

[29/10/2025 07:30:08] ❌ Erro ao enviar pasta 'fh460' para COMPRADORES PROCURAM ...: Message: invalid session id; For documentation on this error, please visit: https://www.selenium.dev/documentation/webdriver/troubleshooting/errors#invalidsessionidexception
Stacktrace:
	GetHandleVerifier [0x0x7ff776b7e8e5+80021]
	GetHandleVerifier [0x0x7ff776b7e940+80112]
	(No symbol) [0x0x7ff776900425]
	(No symbol) [0x0x7ff77694864f]
	(No symbol) [0x0x7ff7769810f2]
	(No symbol) [0x0x7ff77697b89f]
	(No symbol) [0x0x7ff77697a94a]
	(No symbol) [0x0x7ff7768ca765]
	GetHandleVerifier [0x0x7ff776e3dc7d+2960429]
	GetHandleVerifier [0x0x7ff776e37f3a+2936554]
	GetHandleVerifier [0x0x7ff776e58977+3070247]
	GetHandleVerifier [0x0x7ff776b983ce+185214]
	GetHandleVerifier [0x0x7ff776b9fe1f+216527]
	(No symbol) [0x0x7ff7768c970e]
	GetHandleVerifier [0x0x7ff776f76a68+4241944]
	BaseThreadInitThunk [0x0x7ffe5d4f259d+29]
	RtlUserThreadStart [0x0x7ffe5eaeaf78+40]

Traceback (most recent call last):
  File "D:\whatssappAuto\automatizaçãoWatts.py", line 106, in enviar_pasta_para_grupo
    search_box = WebDriverWait(driver, TEMPO_ESPERA).until(
                 ^^^^^^^^^^^^^^^^^^^^^^^^^^^^^^^^^^^^^^^^^^
  File "C:\Users\fs271\AppData\Local\Programs\Python\Python312\Lib\site-packages\selenium\webdriver\support\wait.py", line 129, in until
    value = method(self._driver)
            ^^^^^^^^^^^^^^^^^^^^
  File "C:\Users\fs271\AppData\Local\Programs\Python\Python312\Lib\site-packages\selenium\webdriver\support\expected_conditions.py", line 104, in _predicate
    return driver.find_element(*locator)
           ^^^^^^^^^^^^^^^^^^^^^^^^^^^^^
  File "C:\Users\fs271\AppData\Local\Programs\Python\Python312\Lib\site-packages\selenium\webdriver\remote\webdriver.py", line 922, in find_element
    return self.execute(Command.FIND_ELEMENT, {"using": by, "value": value})["value"]
           ^^^^^^^^^^^^^^^^^^^^^^^^^^^^^^^^^^^^^^^^^^^^^^^^^^^^^^^^^^^^^^^^^
  File "C:\Users\fs271\AppData\Local\Programs\Python\Python312\Lib\site-packages\selenium\webdriver\remote\webdriver.py", line 454, in execute
    self.error_handler.check_response(response)
  File "C:\Users\fs271\AppData\Local\Programs\Python\Python312\Lib\site-packages\selenium\webdriver\remote\errorhandler.py", line 232, in check_response
    raise exception_class(message, screen, stacktrace)
selenium.common.exceptions.InvalidSessionIdException: Message: invalid session id; For documentation on this error, please visit: https://www.selenium.dev/documentation/webdriver/troubleshooting/errors#invalidsessionidexception
Stacktrace:
	GetHandleVerifier [0x0x7ff776b7e8e5+80021]
	GetHandleVerifier [0x0x7ff776b7e940+80112]
	(No symbol) [0x0x7ff776900425]
	(No symbol) [0x0x7ff77694864f]
	(No symbol) [0x0x7ff7769810f2]
	(No symbol) [0x0x7ff77697b89f]
	(No symbol) [0x0x7ff77697a94a]
	(No symbol) [0x0x7ff7768ca765]
	GetHandleVerifier [0x0x7ff776e3dc7d+2960429]
	GetHandleVerifier [0x0x7ff776e37f3a+2936554]
	GetHandleVerifier [0x0x7ff776e58977+3070247]
	GetHandleVerifier [0x0x7ff776b983ce+185214]
	GetHandleVerifier [0x0x7ff776b9fe1f+216527]
	(No symbol) [0x0x7ff7768c970e]
	GetHandleVerifier [0x0x7ff776f76a68+4241944]
	BaseThreadInitThunk [0x0x7ffe5d4f259d+29]
	RtlUserThreadStart [0x0x7ffe5eaeaf78+40]


--------------------------------------------------------------------------------

[29/10/2025 07:30:18] ❌ Erro ao enviar pasta 'fh460' para COMPRADORES PROCURAM ...: Message: invalid session id; For documentation on this error, please visit: https://www.selenium.dev/documentation/webdriver/troubleshooting/errors#invalidsessionidexception
Stacktrace:
	GetHandleVerifier [0x0x7ff776b7e8e5+80021]
	GetHandleVerifier [0x0x7ff776b7e940+80112]
	(No symbol) [0x0x7ff776900425]
	(No symbol) [0x0x7ff77694864f]
	(No symbol) [0x0x7ff7769810f2]
	(No symbol) [0x0x7ff77697b89f]
	(No symbol) [0x0x7ff77697a94a]
	(No symbol) [0x0x7ff7768ca765]
	GetHandleVerifier [0x0x7ff776e3dc7d+2960429]
	GetHandleVerifier [0x0x7ff776e37f3a+2936554]
	GetHandleVerifier [0x0x7ff776e58977+3070247]
	GetHandleVerifier [0x0x7ff776b983ce+185214]
	GetHandleVerifier [0x0x7ff776b9fe1f+216527]
	(No symbol) [0x0x7ff7768c970e]
	GetHandleVerifier [0x0x7ff776f76a68+4241944]
	BaseThreadInitThunk [0x0x7ffe5d4f259d+29]
	RtlUserThreadStart [0x0x7ffe5eaeaf78+40]

Traceback (most recent call last):
  File "D:\whatssappAuto\automatizaçãoWatts.py", line 106, in enviar_pasta_para_grupo
    search_box = WebDriverWait(driver, TEMPO_ESPERA).until(
                 ^^^^^^^^^^^^^^^^^^^^^^^^^^^^^^^^^^^^^^^^^^
  File "C:\Users\fs271\AppData\Local\Programs\Python\Python312\Lib\site-packages\selenium\webdriver\support\wait.py", line 129, in until
    value = method(self._driver)
            ^^^^^^^^^^^^^^^^^^^^
  File "C:\Users\fs271\AppData\Local\Programs\Python\Python312\Lib\site-packages\selenium\webdriver\support\expected_conditions.py", line 104, in _predicate
    return driver.find_element(*locator)
           ^^^^^^^^^^^^^^^^^^^^^^^^^^^^^
  File "C:\Users\fs271\AppData\Local\Programs\Python\Python312\Lib\site-packages\selenium\webdriver\remote\webdriver.py", line 922, in find_element
    return self.execute(Command.FIND_ELEMENT, {"using": by, "value": value})["value"]
           ^^^^^^^^^^^^^^^^^^^^^^^^^^^^^^^^^^^^^^^^^^^^^^^^^^^^^^^^^^^^^^^^^
  File "C:\Users\fs271\AppData\Local\Programs\Python\Python312\Lib\site-packages\selenium\webdriver\remote\webdriver.py", line 454, in execute
    self.error_handler.check_response(response)
  File "C:\Users\fs271\AppData\Local\Programs\Python\Python312\Lib\site-packages\selenium\webdriver\remote\errorhandler.py", line 232, in check_response
    raise exception_class(message, screen, stacktrace)
selenium.common.exceptions.InvalidSessionIdException: Message: invalid session id; For documentation on this error, please visit: https://www.selenium.dev/documentation/webdriver/troubleshooting/errors#invalidsessionidexception
Stacktrace:
	GetHandleVerifier [0x0x7ff776b7e8e5+80021]
	GetHandleVerifier [0x0x7ff776b7e940+80112]
	(No symbol) [0x0x7ff776900425]
	(No symbol) [0x0x7ff77694864f]
	(No symbol) [0x0x7ff7769810f2]
	(No symbol) [0x0x7ff77697b89f]
	(No symbol) [0x0x7ff77697a94a]
	(No symbol) [0x0x7ff7768ca765]
	GetHandleVerifier [0x0x7ff776e3dc7d+2960429]
	GetHandleVerifier [0x0x7ff776e37f3a+2936554]
	GetHandleVerifier [0x0x7ff776e58977+3070247]
	GetHandleVerifier [0x0x7ff776b983ce+185214]
	GetHandleVerifier [0x0x7ff776b9fe1f+216527]
	(No symbol) [0x0x7ff7768c970e]
	GetHandleVerifier [0x0x7ff776f76a68+4241944]
	BaseThreadInitThunk [0x0x7ffe5d4f259d+29]
	RtlUserThreadStart [0x0x7ffe5eaeaf78+40]


--------------------------------------------------------------------------------

[29/10/2025 07:30:28] ❌ Erro ao enviar pasta 'fh460' para COMPRADORES PROCURAM ...: Message: invalid session id; For documentation on this error, please visit: https://www.selenium.dev/documentation/webdriver/troubleshooting/errors#invalidsessionidexception
Stacktrace:
	GetHandleVerifier [0x0x7ff776b7e8e5+80021]
	GetHandleVerifier [0x0x7ff776b7e940+80112]
	(No symbol) [0x0x7ff776900425]
	(No symbol) [0x0x7ff77694864f]
	(No symbol) [0x0x7ff7769810f2]
	(No symbol) [0x0x7ff77697b89f]
	(No symbol) [0x0x7ff77697a94a]
	(No symbol) [0x0x7ff7768ca765]
	GetHandleVerifier [0x0x7ff776e3dc7d+2960429]
	GetHandleVerifier [0x0x7ff776e37f3a+2936554]
	GetHandleVerifier [0x0x7ff776e58977+3070247]
	GetHandleVerifier [0x0x7ff776b983ce+185214]
	GetHandleVerifier [0x0x7ff776b9fe1f+216527]
	(No symbol) [0x0x7ff7768c970e]
	GetHandleVerifier [0x0x7ff776f76a68+4241944]
	BaseThreadInitThunk [0x0x7ffe5d4f259d+29]
	RtlUserThreadStart [0x0x7ffe5eaeaf78+40]

Traceback (most recent call last):
  File "D:\whatssappAuto\automatizaçãoWatts.py", line 106, in enviar_pasta_para_grupo
    search_box = WebDriverWait(driver, TEMPO_ESPERA).until(
                 ^^^^^^^^^^^^^^^^^^^^^^^^^^^^^^^^^^^^^^^^^^
  File "C:\Users\fs271\AppData\Local\Programs\Python\Python312\Lib\site-packages\selenium\webdriver\support\wait.py", line 129, in until
    value = method(self._driver)
            ^^^^^^^^^^^^^^^^^^^^
  File "C:\Users\fs271\AppData\Local\Programs\Python\Python312\Lib\site-packages\selenium\webdriver\support\expected_conditions.py", line 104, in _predicate
    return driver.find_element(*locator)
           ^^^^^^^^^^^^^^^^^^^^^^^^^^^^^
  File "C:\Users\fs271\AppData\Local\Programs\Python\Python312\Lib\site-packages\selenium\webdriver\remote\webdriver.py", line 922, in find_element
    return self.execute(Command.FIND_ELEMENT, {"using": by, "value": value})["value"]
           ^^^^^^^^^^^^^^^^^^^^^^^^^^^^^^^^^^^^^^^^^^^^^^^^^^^^^^^^^^^^^^^^^
  File "C:\Users\fs271\AppData\Local\Programs\Python\Python312\Lib\site-packages\selenium\webdriver\remote\webdriver.py", line 454, in execute
    self.error_handler.check_response(response)
  File "C:\Users\fs271\AppData\Local\Programs\Python\Python312\Lib\site-packages\selenium\webdriver\remote\errorhandler.py", line 232, in check_response
    raise exception_class(message, screen, stacktrace)
selenium.common.exceptions.InvalidSessionIdException: Message: invalid session id; For documentation on this error, please visit: https://www.selenium.dev/documentation/webdriver/troubleshooting/errors#invalidsessionidexception
Stacktrace:
	GetHandleVerifier [0x0x7ff776b7e8e5+80021]
	GetHandleVerifier [0x0x7ff776b7e940+80112]
	(No symbol) [0x0x7ff776900425]
	(No symbol) [0x0x7ff77694864f]
	(No symbol) [0x0x7ff7769810f2]
	(No symbol) [0x0x7ff77697b89f]
	(No symbol) [0x0x7ff77697a94a]
	(No symbol) [0x0x7ff7768ca765]
	GetHandleVerifier [0x0x7ff776e3dc7d+2960429]
	GetHandleVerifier [0x0x7ff776e37f3a+2936554]
	GetHandleVerifier [0x0x7ff776e58977+3070247]
	GetHandleVerifier [0x0x7ff776b983ce+185214]
	GetHandleVerifier [0x0x7ff776b9fe1f+216527]
	(No symbol) [0x0x7ff7768c970e]
	GetHandleVerifier [0x0x7ff776f76a68+4241944]
	BaseThreadInitThunk [0x0x7ffe5d4f259d+29]
	RtlUserThreadStart [0x0x7ffe5eaeaf78+40]


--------------------------------------------------------------------------------

[29/10/2025 07:30:28] ❌ Erro ao enviar pasta 'fh460' para Consultoria, Compra, Vendas e Intermediações Caminhões, Máquinas Pesadas, Aeronaves, Fazendas etc: Message: invalid session id; For documentation on this error, please visit: https://www.selenium.dev/documentation/webdriver/troubleshooting/errors#invalidsessionidexception
Stacktrace:
	GetHandleVerifier [0x0x7ff776b7e8e5+80021]
	GetHandleVerifier [0x0x7ff776b7e940+80112]
	(No symbol) [0x0x7ff776900425]
	(No symbol) [0x0x7ff77694864f]
	(No symbol) [0x0x7ff7769810f2]
	(No symbol) [0x0x7ff77697b89f]
	(No symbol) [0x0x7ff77697a94a]
	(No symbol) [0x0x7ff7768ca765]
	GetHandleVerifier [0x0x7ff776e3dc7d+2960429]
	GetHandleVerifier [0x0x7ff776e37f3a+2936554]
	GetHandleVerifier [0x0x7ff776e58977+3070247]
	GetHandleVerifier [0x0x7ff776b983ce+185214]
	GetHandleVerifier [0x0x7ff776b9fe1f+216527]
	(No symbol) [0x0x7ff7768c970e]
	GetHandleVerifier [0x0x7ff776f76a68+4241944]
	BaseThreadInitThunk [0x0x7ffe5d4f259d+29]
	RtlUserThreadStart [0x0x7ffe5eaeaf78+40]

Traceback (most recent call last):
  File "D:\whatssappAuto\automatizaçãoWatts.py", line 106, in enviar_pasta_para_grupo
    search_box = WebDriverWait(driver, TEMPO_ESPERA).until(
                 ^^^^^^^^^^^^^^^^^^^^^^^^^^^^^^^^^^^^^^^^^^
  File "C:\Users\fs271\AppData\Local\Programs\Python\Python312\Lib\site-packages\selenium\webdriver\support\wait.py", line 129, in until
    value = method(self._driver)
            ^^^^^^^^^^^^^^^^^^^^
  File "C:\Users\fs271\AppData\Local\Programs\Python\Python312\Lib\site-packages\selenium\webdriver\support\expected_conditions.py", line 104, in _predicate
    return driver.find_element(*locator)
           ^^^^^^^^^^^^^^^^^^^^^^^^^^^^^
  File "C:\Users\fs271\AppData\Local\Programs\Python\Python312\Lib\site-packages\selenium\webdriver\remote\webdriver.py", line 922, in find_element
    return self.execute(Command.FIND_ELEMENT, {"using": by, "value": value})["value"]
           ^^^^^^^^^^^^^^^^^^^^^^^^^^^^^^^^^^^^^^^^^^^^^^^^^^^^^^^^^^^^^^^^^
  File "C:\Users\fs271\AppData\Local\Programs\Python\Python312\Lib\site-packages\selenium\webdriver\remote\webdriver.py", line 454, in execute
    self.error_handler.check_response(response)
  File "C:\Users\fs271\AppData\Local\Programs\Python\Python312\Lib\site-packages\selenium\webdriver\remote\errorhandler.py", line 232, in check_response
    raise exception_class(message, screen, stacktrace)
selenium.common.exceptions.InvalidSessionIdException: Message: invalid session id; For documentation on this error, please visit: https://www.selenium.dev/documentation/webdriver/troubleshooting/errors#invalidsessionidexception
Stacktrace:
	GetHandleVerifier [0x0x7ff776b7e8e5+80021]
	GetHandleVerifier [0x0x7ff776b7e940+80112]
	(No symbol) [0x0x7ff776900425]
	(No symbol) [0x0x7ff77694864f]
	(No symbol) [0x0x7ff7769810f2]
	(No symbol) [0x0x7ff77697b89f]
	(No symbol) [0x0x7ff77697a94a]
	(No symbol) [0x0x7ff7768ca765]
	GetHandleVerifier [0x0x7ff776e3dc7d+2960429]
	GetHandleVerifier [0x0x7ff776e37f3a+2936554]
	GetHandleVerifier [0x0x7ff776e58977+3070247]
	GetHandleVerifier [0x0x7ff776b983ce+185214]
	GetHandleVerifier [0x0x7ff776b9fe1f+216527]
	(No symbol) [0x0x7ff7768c970e]
	GetHandleVerifier [0x0x7ff776f76a68+4241944]
	BaseThreadInitThunk [0x0x7ffe5d4f259d+29]
	RtlUserThreadStart [0x0x7ffe5eaeaf78+40]


--------------------------------------------------------------------------------

[29/10/2025 07:30:38] ❌ Erro ao enviar pasta 'fh460' para Consultoria, Compra, Vendas e Intermediações Caminhões, Máquinas Pesadas, Aeronaves, Fazendas etc: Message: invalid session id; For documentation on this error, please visit: https://www.selenium.dev/documentation/webdriver/troubleshooting/errors#invalidsessionidexception
Stacktrace:
	GetHandleVerifier [0x0x7ff776b7e8e5+80021]
	GetHandleVerifier [0x0x7ff776b7e940+80112]
	(No symbol) [0x0x7ff776900425]
	(No symbol) [0x0x7ff77694864f]
	(No symbol) [0x0x7ff7769810f2]
	(No symbol) [0x0x7ff77697b89f]
	(No symbol) [0x0x7ff77697a94a]
	(No symbol) [0x0x7ff7768ca765]
	GetHandleVerifier [0x0x7ff776e3dc7d+2960429]
	GetHandleVerifier [0x0x7ff776e37f3a+2936554]
	GetHandleVerifier [0x0x7ff776e58977+3070247]
	GetHandleVerifier [0x0x7ff776b983ce+185214]
	GetHandleVerifier [0x0x7ff776b9fe1f+216527]
	(No symbol) [0x0x7ff7768c970e]
	GetHandleVerifier [0x0x7ff776f76a68+4241944]
	BaseThreadInitThunk [0x0x7ffe5d4f259d+29]
	RtlUserThreadStart [0x0x7ffe5eaeaf78+40]

Traceback (most recent call last):
  File "D:\whatssappAuto\automatizaçãoWatts.py", line 106, in enviar_pasta_para_grupo
    search_box = WebDriverWait(driver, TEMPO_ESPERA).until(
                 ^^^^^^^^^^^^^^^^^^^^^^^^^^^^^^^^^^^^^^^^^^
  File "C:\Users\fs271\AppData\Local\Programs\Python\Python312\Lib\site-packages\selenium\webdriver\support\wait.py", line 129, in until
    value = method(self._driver)
            ^^^^^^^^^^^^^^^^^^^^
  File "C:\Users\fs271\AppData\Local\Programs\Python\Python312\Lib\site-packages\selenium\webdriver\support\expected_conditions.py", line 104, in _predicate
    return driver.find_element(*locator)
           ^^^^^^^^^^^^^^^^^^^^^^^^^^^^^
  File "C:\Users\fs271\AppData\Local\Programs\Python\Python312\Lib\site-packages\selenium\webdriver\remote\webdriver.py", line 922, in find_element
    return self.execute(Command.FIND_ELEMENT, {"using": by, "value": value})["value"]
           ^^^^^^^^^^^^^^^^^^^^^^^^^^^^^^^^^^^^^^^^^^^^^^^^^^^^^^^^^^^^^^^^^
  File "C:\Users\fs271\AppData\Local\Programs\Python\Python312\Lib\site-packages\selenium\webdriver\remote\webdriver.py", line 454, in execute
    self.error_handler.check_response(response)
  File "C:\Users\fs271\AppData\Local\Programs\Python\Python312\Lib\site-packages\selenium\webdriver\remote\errorhandler.py", line 232, in check_response
    raise exception_class(message, screen, stacktrace)
selenium.common.exceptions.InvalidSessionIdException: Message: invalid session id; For documentation on this error, please visit: https://www.selenium.dev/documentation/webdriver/troubleshooting/errors#invalidsessionidexception
Stacktrace:
	GetHandleVerifier [0x0x7ff776b7e8e5+80021]
	GetHandleVerifier [0x0x7ff776b7e940+80112]
	(No symbol) [0x0x7ff776900425]
	(No symbol) [0x0x7ff77694864f]
	(No symbol) [0x0x7ff7769810f2]
	(No symbol) [0x0x7ff77697b89f]
	(No symbol) [0x0x7ff77697a94a]
	(No symbol) [0x0x7ff7768ca765]
	GetHandleVerifier [0x0x7ff776e3dc7d+2960429]
	GetHandleVerifier [0x0x7ff776e37f3a+2936554]
	GetHandleVerifier [0x0x7ff776e58977+3070247]
	GetHandleVerifier [0x0x7ff776b983ce+185214]
	GetHandleVerifier [0x0x7ff776b9fe1f+216527]
	(No symbol) [0x0x7ff7768c970e]
	GetHandleVerifier [0x0x7ff776f76a68+4241944]
	BaseThreadInitThunk [0x0x7ffe5d4f259d+29]
	RtlUserThreadStart [0x0x7ffe5eaeaf78+40]


--------------------------------------------------------------------------------

[29/10/2025 07:30:48] ❌ Erro ao enviar pasta 'fh460' para Consultoria, Compra, Vendas e Intermediações Caminhões, Máquinas Pesadas, Aeronaves, Fazendas etc: Message: invalid session id; For documentation on this error, please visit: https://www.selenium.dev/documentation/webdriver/troubleshooting/errors#invalidsessionidexception
Stacktrace:
	GetHandleVerifier [0x0x7ff776b7e8e5+80021]
	GetHandleVerifier [0x0x7ff776b7e940+80112]
	(No symbol) [0x0x7ff776900425]
	(No symbol) [0x0x7ff77694864f]
	(No symbol) [0x0x7ff7769810f2]
	(No symbol) [0x0x7ff77697b89f]
	(No symbol) [0x0x7ff77697a94a]
	(No symbol) [0x0x7ff7768ca765]
	GetHandleVerifier [0x0x7ff776e3dc7d+2960429]
	GetHandleVerifier [0x0x7ff776e37f3a+2936554]
	GetHandleVerifier [0x0x7ff776e58977+3070247]
	GetHandleVerifier [0x0x7ff776b983ce+185214]
	GetHandleVerifier [0x0x7ff776b9fe1f+216527]
	(No symbol) [0x0x7ff7768c970e]
	GetHandleVerifier [0x0x7ff776f76a68+4241944]
	BaseThreadInitThunk [0x0x7ffe5d4f259d+29]
	RtlUserThreadStart [0x0x7ffe5eaeaf78+40]

Traceback (most recent call last):
  File "D:\whatssappAuto\automatizaçãoWatts.py", line 106, in enviar_pasta_para_grupo
    search_box = WebDriverWait(driver, TEMPO_ESPERA).until(
                 ^^^^^^^^^^^^^^^^^^^^^^^^^^^^^^^^^^^^^^^^^^
  File "C:\Users\fs271\AppData\Local\Programs\Python\Python312\Lib\site-packages\selenium\webdriver\support\wait.py", line 129, in until
    value = method(self._driver)
            ^^^^^^^^^^^^^^^^^^^^
  File "C:\Users\fs271\AppData\Local\Programs\Python\Python312\Lib\site-packages\selenium\webdriver\support\expected_conditions.py", line 104, in _predicate
    return driver.find_element(*locator)
           ^^^^^^^^^^^^^^^^^^^^^^^^^^^^^
  File "C:\Users\fs271\AppData\Local\Programs\Python\Python312\Lib\site-packages\selenium\webdriver\remote\webdriver.py", line 922, in find_element
    return self.execute(Command.FIND_ELEMENT, {"using": by, "value": value})["value"]
           ^^^^^^^^^^^^^^^^^^^^^^^^^^^^^^^^^^^^^^^^^^^^^^^^^^^^^^^^^^^^^^^^^
  File "C:\Users\fs271\AppData\Local\Programs\Python\Python312\Lib\site-packages\selenium\webdriver\remote\webdriver.py", line 454, in execute
    self.error_handler.check_response(response)
  File "C:\Users\fs271\AppData\Local\Programs\Python\Python312\Lib\site-packages\selenium\webdriver\remote\errorhandler.py", line 232, in check_response
    raise exception_class(message, screen, stacktrace)
selenium.common.exceptions.InvalidSessionIdException: Message: invalid session id; For documentation on this error, please visit: https://www.selenium.dev/documentation/webdriver/troubleshooting/errors#invalidsessionidexception
Stacktrace:
	GetHandleVerifier [0x0x7ff776b7e8e5+80021]
	GetHandleVerifier [0x0x7ff776b7e940+80112]
	(No symbol) [0x0x7ff776900425]
	(No symbol) [0x0x7ff77694864f]
	(No symbol) [0x0x7ff7769810f2]
	(No symbol) [0x0x7ff77697b89f]
	(No symbol) [0x0x7ff77697a94a]
	(No symbol) [0x0x7ff7768ca765]
	GetHandleVerifier [0x0x7ff776e3dc7d+2960429]
	GetHandleVerifier [0x0x7ff776e37f3a+2936554]
	GetHandleVerifier [0x0x7ff776e58977+3070247]
	GetHandleVerifier [0x0x7ff776b983ce+185214]
	GetHandleVerifier [0x0x7ff776b9fe1f+216527]
	(No symbol) [0x0x7ff7768c970e]
	GetHandleVerifier [0x0x7ff776f76a68+4241944]
	BaseThreadInitThunk [0x0x7ffe5d4f259d+29]
	RtlUserThreadStart [0x0x7ffe5eaeaf78+40]


--------------------------------------------------------------------------------

[29/10/2025 07:30:48] ❌ Erro ao enviar pasta 'fh460' para MF Caminhões e Carretas: Message: invalid session id; For documentation on this error, please visit: https://www.selenium.dev/documentation/webdriver/troubleshooting/errors#invalidsessionidexception
Stacktrace:
	GetHandleVerifier [0x0x7ff776b7e8e5+80021]
	GetHandleVerifier [0x0x7ff776b7e940+80112]
	(No symbol) [0x0x7ff776900425]
	(No symbol) [0x0x7ff77694864f]
	(No symbol) [0x0x7ff7769810f2]
	(No symbol) [0x0x7ff77697b89f]
	(No symbol) [0x0x7ff77697a94a]
	(No symbol) [0x0x7ff7768ca765]
	GetHandleVerifier [0x0x7ff776e3dc7d+2960429]
	GetHandleVerifier [0x0x7ff776e37f3a+2936554]
	GetHandleVerifier [0x0x7ff776e58977+3070247]
	GetHandleVerifier [0x0x7ff776b983ce+185214]
	GetHandleVerifier [0x0x7ff776b9fe1f+216527]
	(No symbol) [0x0x7ff7768c970e]
	GetHandleVerifier [0x0x7ff776f76a68+4241944]
	BaseThreadInitThunk [0x0x7ffe5d4f259d+29]
	RtlUserThreadStart [0x0x7ffe5eaeaf78+40]

Traceback (most recent call last):
  File "D:\whatssappAuto\automatizaçãoWatts.py", line 106, in enviar_pasta_para_grupo
    search_box = WebDriverWait(driver, TEMPO_ESPERA).until(
                 ^^^^^^^^^^^^^^^^^^^^^^^^^^^^^^^^^^^^^^^^^^
  File "C:\Users\fs271\AppData\Local\Programs\Python\Python312\Lib\site-packages\selenium\webdriver\support\wait.py", line 129, in until
    value = method(self._driver)
            ^^^^^^^^^^^^^^^^^^^^
  File "C:\Users\fs271\AppData\Local\Programs\Python\Python312\Lib\site-packages\selenium\webdriver\support\expected_conditions.py", line 104, in _predicate
    return driver.find_element(*locator)
           ^^^^^^^^^^^^^^^^^^^^^^^^^^^^^
  File "C:\Users\fs271\AppData\Local\Programs\Python\Python312\Lib\site-packages\selenium\webdriver\remote\webdriver.py", line 922, in find_element
    return self.execute(Command.FIND_ELEMENT, {"using": by, "value": value})["value"]
           ^^^^^^^^^^^^^^^^^^^^^^^^^^^^^^^^^^^^^^^^^^^^^^^^^^^^^^^^^^^^^^^^^
  File "C:\Users\fs271\AppData\Local\Programs\Python\Python312\Lib\site-packages\selenium\webdriver\remote\webdriver.py", line 454, in execute
    self.error_handler.check_response(response)
  File "C:\Users\fs271\AppData\Local\Programs\Python\Python312\Lib\site-packages\selenium\webdriver\remote\errorhandler.py", line 232, in check_response
    raise exception_class(message, screen, stacktrace)
selenium.common.exceptions.InvalidSessionIdException: Message: invalid session id; For documentation on this error, please visit: https://www.selenium.dev/documentation/webdriver/troubleshooting/errors#invalidsessionidexception
Stacktrace:
	GetHandleVerifier [0x0x7ff776b7e8e5+80021]
	GetHandleVerifier [0x0x7ff776b7e940+80112]
	(No symbol) [0x0x7ff776900425]
	(No symbol) [0x0x7ff77694864f]
	(No symbol) [0x0x7ff7769810f2]
	(No symbol) [0x0x7ff77697b89f]
	(No symbol) [0x0x7ff77697a94a]
	(No symbol) [0x0x7ff7768ca765]
	GetHandleVerifier [0x0x7ff776e3dc7d+2960429]
	GetHandleVerifier [0x0x7ff776e37f3a+2936554]
	GetHandleVerifier [0x0x7ff776e58977+3070247]
	GetHandleVerifier [0x0x7ff776b983ce+185214]
	GetHandleVerifier [0x0x7ff776b9fe1f+216527]
	(No symbol) [0x0x7ff7768c970e]
	GetHandleVerifier [0x0x7ff776f76a68+4241944]
	BaseThreadInitThunk [0x0x7ffe5d4f259d+29]
	RtlUserThreadStart [0x0x7ffe5eaeaf78+40]


--------------------------------------------------------------------------------

[02/04/2026 23:03:13] ❌ Erro ao enviar pasta '1630 ano 95' para COMPRADORES PROCURAM ...: Message: 
Stacktrace:
	chromedriver!GetHandleVerifier [0x7ff73c5a29c5+2ed785]
	chromedriver!GetHandleVerifier [0x7ff73c2ca0d0+14e90]
	chromedriver!(No symbol) [0x7ff73c02db2d]
	chromedriver!(No symbol) [0x7ff73c086b9e]
	chromedriver!(No symbol) [0x7ff73c086eac]
	chromedriver!(No symbol) [0x7ff73c0d6fe7]
	chromedriver!(No symbol) [0x7ff73c0d3b9b]
	chromedriver!(No symbol) [0x7ff73c079298]
	chromedriver!(No symbol) [0x7ff73c07a183]
	chromedriver!GetHandleVerifier [0x7ff73c5cde0d+318bcd]
	chromedriver!GetHandleVerifier [0x7ff73c5c8588+313348]
	chromedriver!GetHandleVerifier [0x7ff73c5e9d7a+334b3a]
	chromedriver!GetHandleVerifier [0x7ff73c2e6785+31545]
	chromedriver!GetHandleVerifier [0x7ff73c2efacc+3a88c]
	chromedriver!GetHandleVerifier [0x7ff73c2d3634+1e3f4]
	chromedriver!GetHandleVerifier [0x7ff73c2d37e6+1e5a6]
	chromedriver!GetHandleVerifier [0x7ff73c2b7e37+2bf7]
	KERNEL32!BaseThreadInitThunk [0x7fffd5cee8d7+17]
	ntdll!RtlUserThreadStart [0x7fffd6cac48c+2c]

Traceback (most recent call last):
  File "E:\whatssappAuto\automatizaçãoWatts.py", line 114, in enviar_pasta_para_grupo
    search_box = WebDriverWait(driver, TEMPO_ESPERA).until(
                 ^^^^^^^^^^^^^^^^^^^^^^^^^^^^^^^^^^^^^^^^^^
  File "E:\whatssappAuto\.venv\Lib\site-packages\selenium\webdriver\support\wait.py", line 121, in until
    raise TimeoutException(message, screen, stacktrace)
selenium.common.exceptions.TimeoutException: Message: 
Stacktrace:
	chromedriver!GetHandleVerifier [0x7ff73c5a29c5+2ed785]
	chromedriver!GetHandleVerifier [0x7ff73c2ca0d0+14e90]
	chromedriver!(No symbol) [0x7ff73c02db2d]
	chromedriver!(No symbol) [0x7ff73c086b9e]
	chromedriver!(No symbol) [0x7ff73c086eac]
	chromedriver!(No symbol) [0x7ff73c0d6fe7]
	chromedriver!(No symbol) [0x7ff73c0d3b9b]
	chromedriver!(No symbol) [0x7ff73c079298]
	chromedriver!(No symbol) [0x7ff73c07a183]
	chromedriver!GetHandleVerifier [0x7ff73c5cde0d+318bcd]
	chromedriver!GetHandleVerifier [0x7ff73c5c8588+313348]
	chromedriver!GetHandleVerifier [0x7ff73c5e9d7a+334b3a]
	chromedriver!GetHandleVerifier [0x7ff73c2e6785+31545]
	chromedriver!GetHandleVerifier [0x7ff73c2efacc+3a88c]
	chromedriver!GetHandleVerifier [0x7ff73c2d3634+1e3f4]
	chromedriver!GetHandleVerifier [0x7ff73c2d37e6+1e5a6]
	chromedriver!GetHandleVerifier [0x7ff73c2b7e37+2bf7]
	KERNEL32!BaseThreadInitThunk [0x7fffd5cee8d7+17]
	ntdll!RtlUserThreadStart [0x7fffd6cac48c+2c]


--------------------------------------------------------------------------------

[02/04/2026 23:03:33] ❌ Erro ao enviar pasta '1630 ano 95' para COMPRADORES PROCURAM ...: Message: 
Stacktrace:
	chromedriver!GetHandleVerifier [0x7ff73c5a29c5+2ed785]
	chromedriver!GetHandleVerifier [0x7ff73c2ca0d0+14e90]
	chromedriver!(No symbol) [0x7ff73c02db2d]
	chromedriver!(No symbol) [0x7ff73c086b9e]
	chromedriver!(No symbol) [0x7ff73c086eac]
	chromedriver!(No symbol) [0x7ff73c0d6fe7]
	chromedriver!(No symbol) [0x7ff73c0d3b9b]
	chromedriver!(No symbol) [0x7ff73c079298]
	chromedriver!(No symbol) [0x7ff73c07a183]
	chromedriver!GetHandleVerifier [0x7ff73c5cde0d+318bcd]
	chromedriver!GetHandleVerifier [0x7ff73c5c8588+313348]
	chromedriver!GetHandleVerifier [0x7ff73c5e9d7a+334b3a]
	chromedriver!GetHandleVerifier [0x7ff73c2e6785+31545]
	chromedriver!GetHandleVerifier [0x7ff73c2efacc+3a88c]
	chromedriver!GetHandleVerifier [0x7ff73c2d3634+1e3f4]
	chromedriver!GetHandleVerifier [0x7ff73c2d37e6+1e5a6]
	chromedriver!GetHandleVerifier [0x7ff73c2b7e37+2bf7]
	KERNEL32!BaseThreadInitThunk [0x7fffd5cee8d7+17]
	ntdll!RtlUserThreadStart [0x7fffd6cac48c+2c]

Traceback (most recent call last):
  File "E:\whatssappAuto\automatizaçãoWatts.py", line 114, in enviar_pasta_para_grupo
    search_box = WebDriverWait(driver, TEMPO_ESPERA).until(
                 ^^^^^^^^^^^^^^^^^^^^^^^^^^^^^^^^^^^^^^^^^^
  File "E:\whatssappAuto\.venv\Lib\site-packages\selenium\webdriver\support\wait.py", line 121, in until
    raise TimeoutException(message, screen, stacktrace)
selenium.common.exceptions.TimeoutException: Message: 
Stacktrace:
	chromedriver!GetHandleVerifier [0x7ff73c5a29c5+2ed785]
	chromedriver!GetHandleVerifier [0x7ff73c2ca0d0+14e90]
	chromedriver!(No symbol) [0x7ff73c02db2d]
	chromedriver!(No symbol) [0x7ff73c086b9e]
	chromedriver!(No symbol) [0x7ff73c086eac]
	chromedriver!(No symbol) [0x7ff73c0d6fe7]
	chromedriver!(No symbol) [0x7ff73c0d3b9b]
	chromedriver!(No symbol) [0x7ff73c079298]
	chromedriver!(No symbol) [0x7ff73c07a183]
	chromedriver!GetHandleVerifier [0x7ff73c5cde0d+318bcd]
	chromedriver!GetHandleVerifier [0x7ff73c5c8588+313348]
	chromedriver!GetHandleVerifier [0x7ff73c5e9d7a+334b3a]
	chromedriver!GetHandleVerifier [0x7ff73c2e6785+31545]
	chromedriver!GetHandleVerifier [0x7ff73c2efacc+3a88c]
	chromedriver!GetHandleVerifier [0x7ff73c2d3634+1e3f4]
	chromedriver!GetHandleVerifier [0x7ff73c2d37e6+1e5a6]
	chromedriver!GetHandleVerifier [0x7ff73c2b7e37+2bf7]
	KERNEL32!BaseThreadInitThunk [0x7fffd5cee8d7+17]
	ntdll!RtlUserThreadStart [0x7fffd6cac48c+2c]


--------------------------------------------------------------------------------

[02/04/2026 23:03:53] ❌ Erro ao enviar pasta '1630 ano 95' para COMPRADORES PROCURAM ...: Message: 
Stacktrace:
	chromedriver!GetHandleVerifier [0x7ff73c5a29c5+2ed785]
	chromedriver!GetHandleVerifier [0x7ff73c2ca0d0+14e90]
	chromedriver!(No symbol) [0x7ff73c02db2d]
	chromedriver!(No symbol) [0x7ff73c086b9e]
	chromedriver!(No symbol) [0x7ff73c086eac]
	chromedriver!(No symbol) [0x7ff73c0d6fe7]
	chromedriver!(No symbol) [0x7ff73c0d3b9b]
	chromedriver!(No symbol) [0x7ff73c079298]
	chromedriver!(No symbol) [0x7ff73c07a183]
	chromedriver!GetHandleVerifier [0x7ff73c5cde0d+318bcd]
	chromedriver!GetHandleVerifier [0x7ff73c5c8588+313348]
	chromedriver!GetHandleVerifier [0x7ff73c5e9d7a+334b3a]
	chromedriver!GetHandleVerifier [0x7ff73c2e6785+31545]
	chromedriver!GetHandleVerifier [0x7ff73c2efacc+3a88c]
	chromedriver!GetHandleVerifier [0x7ff73c2d3634+1e3f4]
	chromedriver!GetHandleVerifier [0x7ff73c2d37e6+1e5a6]
	chromedriver!GetHandleVerifier [0x7ff73c2b7e37+2bf7]
	KERNEL32!BaseThreadInitThunk [0x7fffd5cee8d7+17]
	ntdll!RtlUserThreadStart [0x7fffd6cac48c+2c]

Traceback (most recent call last):
  File "E:\whatssappAuto\automatizaçãoWatts.py", line 114, in enviar_pasta_para_grupo
    search_box = WebDriverWait(driver, TEMPO_ESPERA).until(
                 ^^^^^^^^^^^^^^^^^^^^^^^^^^^^^^^^^^^^^^^^^^
  File "E:\whatssappAuto\.venv\Lib\site-packages\selenium\webdriver\support\wait.py", line 121, in until
    raise TimeoutException(message, screen, stacktrace)
selenium.common.exceptions.TimeoutException: Message: 
Stacktrace:
	chromedriver!GetHandleVerifier [0x7ff73c5a29c5+2ed785]
	chromedriver!GetHandleVerifier [0x7ff73c2ca0d0+14e90]
	chromedriver!(No symbol) [0x7ff73c02db2d]
	chromedriver!(No symbol) [0x7ff73c086b9e]
	chromedriver!(No symbol) [0x7ff73c086eac]
	chromedriver!(No symbol) [0x7ff73c0d6fe7]
	chromedriver!(No symbol) [0x7ff73c0d3b9b]
	chromedriver!(No symbol) [0x7ff73c079298]
	chromedriver!(No symbol) [0x7ff73c07a183]
	chromedriver!GetHandleVerifier [0x7ff73c5cde0d+318bcd]
	chromedriver!GetHandleVerifier [0x7ff73c5c8588+313348]
	chromedriver!GetHandleVerifier [0x7ff73c5e9d7a+334b3a]
	chromedriver!GetHandleVerifier [0x7ff73c2e6785+31545]
	chromedriver!GetHandleVerifier [0x7ff73c2efacc+3a88c]
	chromedriver!GetHandleVerifier [0x7ff73c2d3634+1e3f4]
	chromedriver!GetHandleVerifier [0x7ff73c2d37e6+1e5a6]
	chromedriver!GetHandleVerifier [0x7ff73c2b7e37+2bf7]
	KERNEL32!BaseThreadInitThunk [0x7fffd5cee8d7+17]
	ntdll!RtlUserThreadStart [0x7fffd6cac48c+2c]


--------------------------------------------------------------------------------

[02/04/2026 23:04:03] ❌ Erro ao enviar pasta '1630 ano 95' para MF Caminhões e Carretas: Message: 
Stacktrace:
	chromedriver!GetHandleVerifier [0x7ff73c5a29c5+2ed785]
	chromedriver!GetHandleVerifier [0x7ff73c2ca0d0+14e90]
	chromedriver!(No symbol) [0x7ff73c02db2d]
	chromedriver!(No symbol) [0x7ff73c086b9e]
	chromedriver!(No symbol) [0x7ff73c086eac]
	chromedriver!(No symbol) [0x7ff73c0d6fe7]
	chromedriver!(No symbol) [0x7ff73c0d3b9b]
	chromedriver!(No symbol) [0x7ff73c079298]
	chromedriver!(No symbol) [0x7ff73c07a183]
	chromedriver!GetHandleVerifier [0x7ff73c5cde0d+318bcd]
	chromedriver!GetHandleVerifier [0x7ff73c5c8588+313348]
	chromedriver!GetHandleVerifier [0x7ff73c5e9d7a+334b3a]
	chromedriver!GetHandleVerifier [0x7ff73c2e6785+31545]
	chromedriver!GetHandleVerifier [0x7ff73c2efacc+3a88c]
	chromedriver!GetHandleVerifier [0x7ff73c2d3634+1e3f4]
	chromedriver!GetHandleVerifier [0x7ff73c2d37e6+1e5a6]
	chromedriver!GetHandleVerifier [0x7ff73c2b7e37+2bf7]
	KERNEL32!BaseThreadInitThunk [0x7fffd5cee8d7+17]
	ntdll!RtlUserThreadStart [0x7fffd6cac48c+2c]

Traceback (most recent call last):
  File "E:\whatssappAuto\automatizaçãoWatts.py", line 114, in enviar_pasta_para_grupo
    search_box = WebDriverWait(driver, TEMPO_ESPERA).until(
                 ^^^^^^^^^^^^^^^^^^^^^^^^^^^^^^^^^^^^^^^^^^
  File "E:\whatssappAuto\.venv\Lib\site-packages\selenium\webdriver\support\wait.py", line 121, in until
    raise TimeoutException(message, screen, stacktrace)
selenium.common.exceptions.TimeoutException: Message: 
Stacktrace:
	chromedriver!GetHandleVerifier [0x7ff73c5a29c5+2ed785]
	chromedriver!GetHandleVerifier [0x7ff73c2ca0d0+14e90]
	chromedriver!(No symbol) [0x7ff73c02db2d]
	chromedriver!(No symbol) [0x7ff73c086b9e]
	chromedriver!(No symbol) [0x7ff73c086eac]
	chromedriver!(No symbol) [0x7ff73c0d6fe7]
	chromedriver!(No symbol) [0x7ff73c0d3b9b]
	chromedriver!(No symbol) [0x7ff73c079298]
	chromedriver!(No symbol) [0x7ff73c07a183]
	chromedriver!GetHandleVerifier [0x7ff73c5cde0d+318bcd]
	chromedriver!GetHandleVerifier [0x7ff73c5c8588+313348]
	chromedriver!GetHandleVerifier [0x7ff73c5e9d7a+334b3a]
	chromedriver!GetHandleVerifier [0x7ff73c2e6785+31545]
	chromedriver!GetHandleVerifier [0x7ff73c2efacc+3a88c]
	chromedriver!GetHandleVerifier [0x7ff73c2d3634+1e3f4]
	chromedriver!GetHandleVerifier [0x7ff73c2d37e6+1e5a6]
	chromedriver!GetHandleVerifier [0x7ff73c2b7e37+2bf7]
	KERNEL32!BaseThreadInitThunk [0x7fffd5cee8d7+17]
	ntdll!RtlUserThreadStart [0x7fffd6cac48c+2c]


--------------------------------------------------------------------------------

[02/04/2026 23:04:24] ❌ Erro ao enviar pasta '1630 ano 95' para MF Caminhões e Carretas: Message: 
Stacktrace:
	chromedriver!GetHandleVerifier [0x7ff73c5a29c5+2ed785]
	chromedriver!GetHandleVerifier [0x7ff73c2ca0d0+14e90]
	chromedriver!(No symbol) [0x7ff73c02db2d]
	chromedriver!(No symbol) [0x7ff73c086b9e]
	chromedriver!(No symbol) [0x7ff73c086eac]
	chromedriver!(No symbol) [0x7ff73c0d6fe7]
	chromedriver!(No symbol) [0x7ff73c0d3b9b]
	chromedriver!(No symbol) [0x7ff73c079298]
	chromedriver!(No symbol) [0x7ff73c07a183]
	chromedriver!GetHandleVerifier [0x7ff73c5cde0d+318bcd]
	chromedriver!GetHandleVerifier [0x7ff73c5c8588+313348]
	chromedriver!GetHandleVerifier [0x7ff73c5e9d7a+334b3a]
	chromedriver!GetHandleVerifier [0x7ff73c2e6785+31545]
	chromedriver!GetHandleVerifier [0x7ff73c2efacc+3a88c]
	chromedriver!GetHandleVerifier [0x7ff73c2d3634+1e3f4]
	chromedriver!GetHandleVerifier [0x7ff73c2d37e6+1e5a6]
	chromedriver!GetHandleVerifier [0x7ff73c2b7e37+2bf7]
	KERNEL32!BaseThreadInitThunk [0x7fffd5cee8d7+17]
	ntdll!RtlUserThreadStart [0x7fffd6cac48c+2c]

Traceback (most recent call last):
  File "E:\whatssappAuto\automatizaçãoWatts.py", line 114, in enviar_pasta_para_grupo
    search_box = WebDriverWait(driver, TEMPO_ESPERA).until(
                 ^^^^^^^^^^^^^^^^^^^^^^^^^^^^^^^^^^^^^^^^^^
  File "E:\whatssappAuto\.venv\Lib\site-packages\selenium\webdriver\support\wait.py", line 121, in until
    raise TimeoutException(message, screen, stacktrace)
selenium.common.exceptions.TimeoutException: Message: 
Stacktrace:
	chromedriver!GetHandleVerifier [0x7ff73c5a29c5+2ed785]
	chromedriver!GetHandleVerifier [0x7ff73c2ca0d0+14e90]
	chromedriver!(No symbol) [0x7ff73c02db2d]
	chromedriver!(No symbol) [0x7ff73c086b9e]
	chromedriver!(No symbol) [0x7ff73c086eac]
	chromedriver!(No symbol) [0x7ff73c0d6fe7]
	chromedriver!(No symbol) [0x7ff73c0d3b9b]
	chromedriver!(No symbol) [0x7ff73c079298]
	chromedriver!(No symbol) [0x7ff73c07a183]
	chromedriver!GetHandleVerifier [0x7ff73c5cde0d+318bcd]
	chromedriver!GetHandleVerifier [0x7ff73c5c8588+313348]
	chromedriver!GetHandleVerifier [0x7ff73c5e9d7a+334b3a]
	chromedriver!GetHandleVerifier [0x7ff73c2e6785+31545]
	chromedriver!GetHandleVerifier [0x7ff73c2efacc+3a88c]
	chromedriver!GetHandleVerifier [0x7ff73c2d3634+1e3f4]
	chromedriver!GetHandleVerifier [0x7ff73c2d37e6+1e5a6]
	chromedriver!GetHandleVerifier [0x7ff73c2b7e37+2bf7]
	KERNEL32!BaseThreadInitThunk [0x7fffd5cee8d7+17]
	ntdll!RtlUserThreadStart [0x7fffd6cac48c+2c]


--------------------------------------------------------------------------------

[02/04/2026 23:04:44] ❌ Erro ao enviar pasta '1630 ano 95' para MF Caminhões e Carretas: Message: 
Stacktrace:
	chromedriver!GetHandleVerifier [0x7ff73c5a29c5+2ed785]
	chromedriver!GetHandleVerifier [0x7ff73c2ca0d0+14e90]
	chromedriver!(No symbol) [0x7ff73c02db2d]
	chromedriver!(No symbol) [0x7ff73c086b9e]
	chromedriver!(No symbol) [0x7ff73c086eac]
	chromedriver!(No symbol) [0x7ff73c0d6fe7]
	chromedriver!(No symbol) [0x7ff73c0d3b9b]
	chromedriver!(No symbol) [0x7ff73c079298]
	chromedriver!(No symbol) [0x7ff73c07a183]
	chromedriver!GetHandleVerifier [0x7ff73c5cde0d+318bcd]
	chromedriver!GetHandleVerifier [0x7ff73c5c8588+313348]
	chromedriver!GetHandleVerifier [0x7ff73c5e9d7a+334b3a]
	chromedriver!GetHandleVerifier [0x7ff73c2e6785+31545]
	chromedriver!GetHandleVerifier [0x7ff73c2efacc+3a88c]
	chromedriver!GetHandleVerifier [0x7ff73c2d3634+1e3f4]
	chromedriver!GetHandleVerifier [0x7ff73c2d37e6+1e5a6]
	chromedriver!GetHandleVerifier [0x7ff73c2b7e37+2bf7]
	KERNEL32!BaseThreadInitThunk [0x7fffd5cee8d7+17]
	ntdll!RtlUserThreadStart [0x7fffd6cac48c+2c]

Traceback (most recent call last):
  File "E:\whatssappAuto\automatizaçãoWatts.py", line 114, in enviar_pasta_para_grupo
    search_box = WebDriverWait(driver, TEMPO_ESPERA).until(
                 ^^^^^^^^^^^^^^^^^^^^^^^^^^^^^^^^^^^^^^^^^^
  File "E:\whatssappAuto\.venv\Lib\site-packages\selenium\webdriver\support\wait.py", line 121, in until
    raise TimeoutException(message, screen, stacktrace)
selenium.common.exceptions.TimeoutException: Message: 
Stacktrace:
	chromedriver!GetHandleVerifier [0x7ff73c5a29c5+2ed785]
	chromedriver!GetHandleVerifier [0x7ff73c2ca0d0+14e90]
	chromedriver!(No symbol) [0x7ff73c02db2d]
	chromedriver!(No symbol) [0x7ff73c086b9e]
	chromedriver!(No symbol) [0x7ff73c086eac]
	chromedriver!(No symbol) [0x7ff73c0d6fe7]
	chromedriver!(No symbol) [0x7ff73c0d3b9b]
	chromedriver!(No symbol) [0x7ff73c079298]
	chromedriver!(No symbol) [0x7ff73c07a183]
	chromedriver!GetHandleVerifier [0x7ff73c5cde0d+318bcd]
	chromedriver!GetHandleVerifier [0x7ff73c5c8588+313348]
	chromedriver!GetHandleVerifier [0x7ff73c5e9d7a+334b3a]
	chromedriver!GetHandleVerifier [0x7ff73c2e6785+31545]
	chromedriver!GetHandleVerifier [0x7ff73c2efacc+3a88c]
	chromedriver!GetHandleVerifier [0x7ff73c2d3634+1e3f4]
	chromedriver!GetHandleVerifier [0x7ff73c2d37e6+1e5a6]
	chromedriver!GetHandleVerifier [0x7ff73c2b7e37+2bf7]
	KERNEL32!BaseThreadInitThunk [0x7fffd5cee8d7+17]
	ntdll!RtlUserThreadStart [0x7fffd6cac48c+2c]


--------------------------------------------------------------------------------

[02/04/2026 23:04:54] ❌ Erro ao enviar pasta '1630 ano 95' para Consultoria, Compra, Vendas e Intermediações Caminhões, Máquinas Pesadas, Aeronaves, Fazendas etc: Message: 
Stacktrace:
	chromedriver!GetHandleVerifier [0x7ff73c5a29c5+2ed785]
	chromedriver!GetHandleVerifier [0x7ff73c2ca0d0+14e90]
	chromedriver!(No symbol) [0x7ff73c02db2d]
	chromedriver!(No symbol) [0x7ff73c086b9e]
	chromedriver!(No symbol) [0x7ff73c086eac]
	chromedriver!(No symbol) [0x7ff73c0d6fe7]
	chromedriver!(No symbol) [0x7ff73c0d3b9b]
	chromedriver!(No symbol) [0x7ff73c079298]
	chromedriver!(No symbol) [0x7ff73c07a183]
	chromedriver!GetHandleVerifier [0x7ff73c5cde0d+318bcd]
	chromedriver!GetHandleVerifier [0x7ff73c5c8588+313348]
	chromedriver!GetHandleVerifier [0x7ff73c5e9d7a+334b3a]
	chromedriver!GetHandleVerifier [0x7ff73c2e6785+31545]
	chromedriver!GetHandleVerifier [0x7ff73c2efacc+3a88c]
	chromedriver!GetHandleVerifier [0x7ff73c2d3634+1e3f4]
	chromedriver!GetHandleVerifier [0x7ff73c2d37e6+1e5a6]
	chromedriver!GetHandleVerifier [0x7ff73c2b7e37+2bf7]
	KERNEL32!BaseThreadInitThunk [0x7fffd5cee8d7+17]
	ntdll!RtlUserThreadStart [0x7fffd6cac48c+2c]

Traceback (most recent call last):
  File "E:\whatssappAuto\automatizaçãoWatts.py", line 114, in enviar_pasta_para_grupo
    search_box = WebDriverWait(driver, TEMPO_ESPERA).until(
                 ^^^^^^^^^^^^^^^^^^^^^^^^^^^^^^^^^^^^^^^^^^
  File "E:\whatssappAuto\.venv\Lib\site-packages\selenium\webdriver\support\wait.py", line 121, in until
    raise TimeoutException(message, screen, stacktrace)
selenium.common.exceptions.TimeoutException: Message: 
Stacktrace:
	chromedriver!GetHandleVerifier [0x7ff73c5a29c5+2ed785]
	chromedriver!GetHandleVerifier [0x7ff73c2ca0d0+14e90]
	chromedriver!(No symbol) [0x7ff73c02db2d]
	chromedriver!(No symbol) [0x7ff73c086b9e]
	chromedriver!(No symbol) [0x7ff73c086eac]
	chromedriver!(No symbol) [0x7ff73c0d6fe7]
	chromedriver!(No symbol) [0x7ff73c0d3b9b]
	chromedriver!(No symbol) [0x7ff73c079298]
	chromedriver!(No symbol) [0x7ff73c07a183]
	chromedriver!GetHandleVerifier [0x7ff73c5cde0d+318bcd]
	chromedriver!GetHandleVerifier [0x7ff73c5c8588+313348]
	chromedriver!GetHandleVerifier [0x7ff73c5e9d7a+334b3a]
	chromedriver!GetHandleVerifier [0x7ff73c2e6785+31545]
	chromedriver!GetHandleVerifier [0x7ff73c2efacc+3a88c]
	chromedriver!GetHandleVerifier [0x7ff73c2d3634+1e3f4]
	chromedriver!GetHandleVerifier [0x7ff73c2d37e6+1e5a6]
	chromedriver!GetHandleVerifier [0x7ff73c2b7e37+2bf7]
	KERNEL32!BaseThreadInitThunk [0x7fffd5cee8d7+17]
	ntdll!RtlUserThreadStart [0x7fffd6cac48c+2c]


--------------------------------------------------------------------------------

[02/04/2026 23:05:44] ❌ Erro ao enviar pasta '1630 ano 95' para COMPRADORES PROCURAM ...: Message: 
Stacktrace:
	chromedriver!GetHandleVerifier [0x7ff73c5a29c5+2ed785]
	chromedriver!GetHandleVerifier [0x7ff73c2ca0d0+14e90]
	chromedriver!(No symbol) [0x7ff73c02db2d]
	chromedriver!(No symbol) [0x7ff73c086b9e]
	chromedriver!(No symbol) [0x7ff73c086eac]
	chromedriver!(No symbol) [0x7ff73c0d6fe7]
	chromedriver!(No symbol) [0x7ff73c0d3b9b]
	chromedriver!(No symbol) [0x7ff73c079298]
	chromedriver!(No symbol) [0x7ff73c07a183]
	chromedriver!GetHandleVerifier [0x7ff73c5cde0d+318bcd]
	chromedriver!GetHandleVerifier [0x7ff73c5c8588+313348]
	chromedriver!GetHandleVerifier [0x7ff73c5e9d7a+334b3a]
	chromedriver!GetHandleVerifier [0x7ff73c2e6785+31545]
	chromedriver!GetHandleVerifier [0x7ff73c2efacc+3a88c]
	chromedriver!GetHandleVerifier [0x7ff73c2d3634+1e3f4]
	chromedriver!GetHandleVerifier [0x7ff73c2d37e6+1e5a6]
	chromedriver!GetHandleVerifier [0x7ff73c2b7e37+2bf7]
	KERNEL32!BaseThreadInitThunk [0x7fffd5cee8d7+17]
	ntdll!RtlUserThreadStart [0x7fffd6cac48c+2c]

Traceback (most recent call last):
  File "E:\whatssappAuto\automatizaçãoWatts.py", line 114, in enviar_pasta_para_grupo
    search_box = WebDriverWait(driver, TEMPO_ESPERA).until(
                 ^^^^^^^^^^^^^^^^^^^^^^^^^^^^^^^^^^^^^^^^^^
  File "E:\whatssappAuto\.venv\Lib\site-packages\selenium\webdriver\support\wait.py", line 121, in until
    raise TimeoutException(message, screen, stacktrace)
selenium.common.exceptions.TimeoutException: Message: 
Stacktrace:
	chromedriver!GetHandleVerifier [0x7ff73c5a29c5+2ed785]
	chromedriver!GetHandleVerifier [0x7ff73c2ca0d0+14e90]
	chromedriver!(No symbol) [0x7ff73c02db2d]
	chromedriver!(No symbol) [0x7ff73c086b9e]
	chromedriver!(No symbol) [0x7ff73c086eac]
	chromedriver!(No symbol) [0x7ff73c0d6fe7]
	chromedriver!(No symbol) [0x7ff73c0d3b9b]
	chromedriver!(No symbol) [0x7ff73c079298]
	chromedriver!(No symbol) [0x7ff73c07a183]
	chromedriver!GetHandleVerifier [0x7ff73c5cde0d+318bcd]
	chromedriver!GetHandleVerifier [0x7ff73c5c8588+313348]
	chromedriver!GetHandleVerifier [0x7ff73c5e9d7a+334b3a]
	chromedriver!GetHandleVerifier [0x7ff73c2e6785+31545]
	chromedriver!GetHandleVerifier [0x7ff73c2efacc+3a88c]
	chromedriver!GetHandleVerifier [0x7ff73c2d3634+1e3f4]
	chromedriver!GetHandleVerifier [0x7ff73c2d37e6+1e5a6]
	chromedriver!GetHandleVerifier [0x7ff73c2b7e37+2bf7]
	KERNEL32!BaseThreadInitThunk [0x7fffd5cee8d7+17]
	ntdll!RtlUserThreadStart [0x7fffd6cac48c+2c]


--------------------------------------------------------------------------------

[06/04/2026 11:08:27] ❌ Erro ao enviar pasta '1630 ano 95' para COMPRADORES PROCURAM ...: Message: 
Stacktrace:
	chromedriver!GetHandleVerifier [0x7ff6237f29c5+2ed785]
	chromedriver!GetHandleVerifier [0x7ff62351a0d0+14e90]
	chromedriver!(No symbol) [0x7ff62327db2d]
	chromedriver!(No symbol) [0x7ff6232d6b9e]
	chromedriver!(No symbol) [0x7ff6232d6eac]
	chromedriver!(No symbol) [0x7ff623326fe7]
	chromedriver!(No symbol) [0x7ff623323b9b]
	chromedriver!(No symbol) [0x7ff6232c9298]
	chromedriver!(No symbol) [0x7ff6232ca183]
	chromedriver!GetHandleVerifier [0x7ff62381de0d+318bcd]
	chromedriver!GetHandleVerifier [0x7ff623818588+313348]
	chromedriver!GetHandleVerifier [0x7ff623839d7a+334b3a]
	chromedriver!GetHandleVerifier [0x7ff623536785+31545]
	chromedriver!GetHandleVerifier [0x7ff62353facc+3a88c]
	chromedriver!GetHandleVerifier [0x7ff623523634+1e3f4]
	chromedriver!GetHandleVerifier [0x7ff6235237e6+1e5a6]
	chromedriver!GetHandleVerifier [0x7ff623507e37+2bf7]
	KERNEL32!BaseThreadInitThunk [0x7fffd5cee8d7+17]
	ntdll!RtlUserThreadStart [0x7fffd6cac48c+2c]

Traceback (most recent call last):
  File "E:\whatssappAuto\automatizaçãoWatts.py", line 114, in enviar_pasta_para_grupo
    search_box = WebDriverWait(driver, TEMPO_ESPERA).until(
                 ^^^^^^^^^^^^^^^^^^^^^^^^^^^^^^^^^^^^^^^^^^
  File "C:\Users\fs271\AppData\Local\Programs\Python\Python312\Lib\site-packages\selenium\webdriver\support\wait.py", line 121, in until
    raise TimeoutException(message, screen, stacktrace)
selenium.common.exceptions.TimeoutException: Message: 
Stacktrace:
	chromedriver!GetHandleVerifier [0x7ff6237f29c5+2ed785]
	chromedriver!GetHandleVerifier [0x7ff62351a0d0+14e90]
	chromedriver!(No symbol) [0x7ff62327db2d]
	chromedriver!(No symbol) [0x7ff6232d6b9e]
	chromedriver!(No symbol) [0x7ff6232d6eac]
	chromedriver!(No symbol) [0x7ff623326fe7]
	chromedriver!(No symbol) [0x7ff623323b9b]
	chromedriver!(No symbol) [0x7ff6232c9298]
	chromedriver!(No symbol) [0x7ff6232ca183]
	chromedriver!GetHandleVerifier [0x7ff62381de0d+318bcd]
	chromedriver!GetHandleVerifier [0x7ff623818588+313348]
	chromedriver!GetHandleVerifier [0x7ff623839d7a+334b3a]
	chromedriver!GetHandleVerifier [0x7ff623536785+31545]
	chromedriver!GetHandleVerifier [0x7ff62353facc+3a88c]
	chromedriver!GetHandleVerifier [0x7ff623523634+1e3f4]
	chromedriver!GetHandleVerifier [0x7ff6235237e6+1e5a6]
	chromedriver!GetHandleVerifier [0x7ff623507e37+2bf7]
	KERNEL32!BaseThreadInitThunk [0x7fffd5cee8d7+17]
	ntdll!RtlUserThreadStart [0x7fffd6cac48c+2c]


--------------------------------------------------------------------------------

[06/04/2026 11:14:08] ❌ Erro ao enviar pasta '1630 ano 95' para COMPRADORES PROCURAM ...: Message: 
Stacktrace:
	chromedriver!GetHandleVerifier [0x7ff6237f29c5+2ed785]
	chromedriver!GetHandleVerifier [0x7ff62351a0d0+14e90]
	chromedriver!(No symbol) [0x7ff62327db2d]
	chromedriver!(No symbol) [0x7ff6232d6b9e]
	chromedriver!(No symbol) [0x7ff6232d6eac]
	chromedriver!(No symbol) [0x7ff623326fe7]
	chromedriver!(No symbol) [0x7ff623323b9b]
	chromedriver!(No symbol) [0x7ff6232c9298]
	chromedriver!(No symbol) [0x7ff6232ca183]
	chromedriver!GetHandleVerifier [0x7ff62381de0d+318bcd]
	chromedriver!GetHandleVerifier [0x7ff623818588+313348]
	chromedriver!GetHandleVerifier [0x7ff623839d7a+334b3a]
	chromedriver!GetHandleVerifier [0x7ff623536785+31545]
	chromedriver!GetHandleVerifier [0x7ff62353facc+3a88c]
	chromedriver!GetHandleVerifier [0x7ff623523634+1e3f4]
	chromedriver!GetHandleVerifier [0x7ff6235237e6+1e5a6]
	chromedriver!GetHandleVerifier [0x7ff623507e37+2bf7]
	KERNEL32!BaseThreadInitThunk [0x7fffd5cee8d7+17]
	ntdll!RtlUserThreadStart [0x7fffd6cac48c+2c]

Traceback (most recent call last):
  File "E:\whatssappAuto\automatizaçãoWatts.py", line 114, in enviar_pasta_para_grupo
    search_box = WebDriverWait(driver, TEMPO_ESPERA).until(
                 ^^^^^^^^^^^^^^^^^^^^^^^^^^^^^^^^^^^^^^^^^^
  File "C:\Users\fs271\AppData\Local\Programs\Python\Python312\Lib\site-packages\selenium\webdriver\support\wait.py", line 121, in until
    raise TimeoutException(message, screen, stacktrace)
selenium.common.exceptions.TimeoutException: Message: 
Stacktrace:
	chromedriver!GetHandleVerifier [0x7ff6237f29c5+2ed785]
	chromedriver!GetHandleVerifier [0x7ff62351a0d0+14e90]
	chromedriver!(No symbol) [0x7ff62327db2d]
	chromedriver!(No symbol) [0x7ff6232d6b9e]
	chromedriver!(No symbol) [0x7ff6232d6eac]
	chromedriver!(No symbol) [0x7ff623326fe7]
	chromedriver!(No symbol) [0x7ff623323b9b]
	chromedriver!(No symbol) [0x7ff6232c9298]
	chromedriver!(No symbol) [0x7ff6232ca183]
	chromedriver!GetHandleVerifier [0x7ff62381de0d+318bcd]
	chromedriver!GetHandleVerifier [0x7ff623818588+313348]
	chromedriver!GetHandleVerifier [0x7ff623839d7a+334b3a]
	chromedriver!GetHandleVerifier [0x7ff623536785+31545]
	chromedriver!GetHandleVerifier [0x7ff62353facc+3a88c]
	chromedriver!GetHandleVerifier [0x7ff623523634+1e3f4]
	chromedriver!GetHandleVerifier [0x7ff6235237e6+1e5a6]
	chromedriver!GetHandleVerifier [0x7ff623507e37+2bf7]
	KERNEL32!BaseThreadInitThunk [0x7fffd5cee8d7+17]
	ntdll!RtlUserThreadStart [0x7fffd6cac48c+2c]


--------------------------------------------------------------------------------

[06/04/2026 11:26:19] ❌ Erro ao enviar pasta '1630 ano 95' para COMPRADORES PROCURAM ...: Message: 
Stacktrace:
	chromedriver!GetHandleVerifier [0x7ff6237f29c5+2ed785]
	chromedriver!GetHandleVerifier [0x7ff62351a0d0+14e90]
	chromedriver!(No symbol) [0x7ff62327db2d]
	chromedriver!(No symbol) [0x7ff6232d6b9e]
	chromedriver!(No symbol) [0x7ff6232d6eac]
	chromedriver!(No symbol) [0x7ff623326fe7]
	chromedriver!(No symbol) [0x7ff623323b9b]
	chromedriver!(No symbol) [0x7ff6232c9298]
	chromedriver!(No symbol) [0x7ff6232ca183]
	chromedriver!GetHandleVerifier [0x7ff62381de0d+318bcd]
	chromedriver!GetHandleVerifier [0x7ff623818588+313348]
	chromedriver!GetHandleVerifier [0x7ff623839d7a+334b3a]
	chromedriver!GetHandleVerifier [0x7ff623536785+31545]
	chromedriver!GetHandleVerifier [0x7ff62353facc+3a88c]
	chromedriver!GetHandleVerifier [0x7ff623523634+1e3f4]
	chromedriver!GetHandleVerifier [0x7ff6235237e6+1e5a6]
	chromedriver!GetHandleVerifier [0x7ff623507e37+2bf7]
	KERNEL32!BaseThreadInitThunk [0x7fffd5cee8d7+17]
	ntdll!RtlUserThreadStart [0x7fffd6cac48c+2c]

Traceback (most recent call last):
  File "E:\whatssappAuto\automatizaçãoWatts.py", line 114, in enviar_pasta_para_grupo
    search_box = WebDriverWait(driver, TEMPO_ESPERA).until(
                 ^^^^^^^^^^^^^^^^^^^^^^^^^^^^^^^^^^^^^^^^^^
  File "C:\Users\fs271\AppData\Local\Programs\Python\Python312\Lib\site-packages\selenium\webdriver\support\wait.py", line 121, in until
    raise TimeoutException(message, screen, stacktrace)
selenium.common.exceptions.TimeoutException: Message: 
Stacktrace:
	chromedriver!GetHandleVerifier [0x7ff6237f29c5+2ed785]
	chromedriver!GetHandleVerifier [0x7ff62351a0d0+14e90]
	chromedriver!(No symbol) [0x7ff62327db2d]
	chromedriver!(No symbol) [0x7ff6232d6b9e]
	chromedriver!(No symbol) [0x7ff6232d6eac]
	chromedriver!(No symbol) [0x7ff623326fe7]
	chromedriver!(No symbol) [0x7ff623323b9b]
	chromedriver!(No symbol) [0x7ff6232c9298]
	chromedriver!(No symbol) [0x7ff6232ca183]
	chromedriver!GetHandleVerifier [0x7ff62381de0d+318bcd]
	chromedriver!GetHandleVerifier [0x7ff623818588+313348]
	chromedriver!GetHandleVerifier [0x7ff623839d7a+334b3a]
	chromedriver!GetHandleVerifier [0x7ff623536785+31545]
	chromedriver!GetHandleVerifier [0x7ff62353facc+3a88c]
	chromedriver!GetHandleVerifier [0x7ff623523634+1e3f4]
	chromedriver!GetHandleVerifier [0x7ff6235237e6+1e5a6]
	chromedriver!GetHandleVerifier [0x7ff623507e37+2bf7]
	KERNEL32!BaseThreadInitThunk [0x7fffd5cee8d7+17]
	ntdll!RtlUserThreadStart [0x7fffd6cac48c+2c]


--------------------------------------------------------------------------------

[06/04/2026 13:19:19] ❌ Erro ao enviar pasta '540 bug leve 2019' para 14 99765-2839: Message: 
Stacktrace:
	chromedriver!GetHandleVerifier [0x7ff6237f29c5+2ed785]
	chromedriver!GetHandleVerifier [0x7ff62351a0d0+14e90]
	chromedriver!(No symbol) [0x7ff62327db2d]
	chromedriver!(No symbol) [0x7ff6232d6b9e]
	chromedriver!(No symbol) [0x7ff6232d6eac]
	chromedriver!(No symbol) [0x7ff623326fe7]
	chromedriver!(No symbol) [0x7ff623323b9b]
	chromedriver!(No symbol) [0x7ff6232c9298]
	chromedriver!(No symbol) [0x7ff6232ca183]
	chromedriver!GetHandleVerifier [0x7ff62381de0d+318bcd]
	chromedriver!GetHandleVerifier [0x7ff623818588+313348]
	chromedriver!GetHandleVerifier [0x7ff623839d7a+334b3a]
	chromedriver!GetHandleVerifier [0x7ff623536785+31545]
	chromedriver!GetHandleVerifier [0x7ff62353facc+3a88c]
	chromedriver!GetHandleVerifier [0x7ff623523634+1e3f4]
	chromedriver!GetHandleVerifier [0x7ff6235237e6+1e5a6]
	chromedriver!GetHandleVerifier [0x7ff623507e37+2bf7]
	KERNEL32!BaseThreadInitThunk [0x7fffd5cee8d7+17]
	ntdll!RtlUserThreadStart [0x7fffd6cac48c+2c]

Traceback (most recent call last):
  File "E:\whatssappAuto\automatizaçãoWatts.py", line 139, in enviar_pasta_para_grupo
    grupo_result = WebDriverWait(driver, 5).until(
                   ^^^^^^^^^^^^^^^^^^^^^^^^^^^^^^^
  File "C:\Users\fs271\AppData\Local\Programs\Python\Python312\Lib\site-packages\selenium\webdriver\support\wait.py", line 121, in until
    raise TimeoutException(message, screen, stacktrace)
selenium.common.exceptions.TimeoutException: Message: 
Stacktrace:
	chromedriver!GetHandleVerifier [0x7ff6237f29c5+2ed785]
	chromedriver!GetHandleVerifier [0x7ff62351a0d0+14e90]
	chromedriver!(No symbol) [0x7ff62327db2d]
	chromedriver!(No symbol) [0x7ff6232d6b9e]
	chromedriver!(No symbol) [0x7ff6232d6eac]
	chromedriver!(No symbol) [0x7ff623326fe7]
	chromedriver!(No symbol) [0x7ff623323b9b]
	chromedriver!(No symbol) [0x7ff6232c9298]
	chromedriver!(No symbol) [0x7ff6232ca183]
	chromedriver!GetHandleVerifier [0x7ff62381de0d+318bcd]
	chromedriver!GetHandleVerifier [0x7ff623818588+313348]
	chromedriver!GetHandleVerifier [0x7ff623839d7a+334b3a]
	chromedriver!GetHandleVerifier [0x7ff623536785+31545]
	chromedriver!GetHandleVerifier [0x7ff62353facc+3a88c]
	chromedriver!GetHandleVerifier [0x7ff623523634+1e3f4]
	chromedriver!GetHandleVerifier [0x7ff6235237e6+1e5a6]
	chromedriver!GetHandleVerifier [0x7ff623507e37+2bf7]
	KERNEL32!BaseThreadInitThunk [0x7fffd5cee8d7+17]
	ntdll!RtlUserThreadStart [0x7fffd6cac48c+2c]


During handling of the above exception, another exception occurred:

Traceback (most recent call last):
  File "E:\whatssappAuto\automatizaçãoWatts.py", line 148, in enviar_pasta_para_grupo
    search_box = WebDriverWait(driver, TEMPO_ESPERA).until(
                 ^^^^^^^^^^^^^^^^^^^^^^^^^^^^^^^^^^^^^^^^^^
  File "C:\Users\fs271\AppData\Local\Programs\Python\Python312\Lib\site-packages\selenium\webdriver\support\wait.py", line 121, in until
    raise TimeoutException(message, screen, stacktrace)
selenium.common.exceptions.TimeoutException: Message: 
Stacktrace:
	chromedriver!GetHandleVerifier [0x7ff6237f29c5+2ed785]
	chromedriver!GetHandleVerifier [0x7ff62351a0d0+14e90]
	chromedriver!(No symbol) [0x7ff62327db2d]
	chromedriver!(No symbol) [0x7ff6232d6b9e]
	chromedriver!(No symbol) [0x7ff6232d6eac]
	chromedriver!(No symbol) [0x7ff623326fe7]
	chromedriver!(No symbol) [0x7ff623323b9b]
	chromedriver!(No symbol) [0x7ff6232c9298]
	chromedriver!(No symbol) [0x7ff6232ca183]
	chromedriver!GetHandleVerifier [0x7ff62381de0d+318bcd]
	chromedriver!GetHandleVerifier [0x7ff623818588+313348]
	chromedriver!GetHandleVerifier [0x7ff623839d7a+334b3a]
	chromedriver!GetHandleVerifier [0x7ff623536785+31545]
	chromedriver!GetHandleVerifier [0x7ff62353facc+3a88c]
	chromedriver!GetHandleVerifier [0x7ff623523634+1e3f4]
	chromedriver!GetHandleVerifier [0x7ff6235237e6+1e5a6]
	chromedriver!GetHandleVerifier [0x7ff623507e37+2bf7]
	KERNEL32!BaseThreadInitThunk [0x7fffd5cee8d7+17]
	ntdll!RtlUserThreadStart [0x7fffd6cac48c+2c]


--------------------------------------------------------------------------------

[06/04/2026 13:19:32] ❌ Erro ao enviar pasta '540 bug leve 2019' para 14 99765-2839: Message: invalid session id; For documentation on this error, please visit: https://www.selenium.dev/documentation/webdriver/troubleshooting/errors#invalidsessionidexception
Stacktrace:
	chromedriver!GetHandleVerifier [0x7ff6237f29c5+2ed785]
	chromedriver!GetHandleVerifier [0x7ff62351a0d0+14e90]
	chromedriver!(No symbol) [0x7ff62327d916]
	chromedriver!(No symbol) [0x7ff6232c8313]
	chromedriver!(No symbol) [0x7ff6232ffe92]
	chromedriver!(No symbol) [0x7ff6232fa011]
	chromedriver!(No symbol) [0x7ff6232f92c3]
	chromedriver!(No symbol) [0x7ff623246565]
	chromedriver!GetHandleVerifier [0x7ff62381de0d+318bcd]
	chromedriver!GetHandleVerifier [0x7ff623818588+313348]
	chromedriver!GetHandleVerifier [0x7ff623839d7a+334b3a]
	chromedriver!GetHandleVerifier [0x7ff623536785+31545]
	chromedriver!GetHandleVerifier [0x7ff62353facc+3a88c]
	chromedriver!(No symbol) [0x7ff62324532a]
	chromedriver!GetHandleVerifier [0x7ff623974b48+46f908]
	KERNEL32!BaseThreadInitThunk [0x7fffd5cee8d7+17]
	ntdll!RtlUserThreadStart [0x7fffd6cac48c+2c]

Traceback (most recent call last):
  File "E:\whatssappAuto\automatizaçãoWatts.py", line 139, in enviar_pasta_para_grupo
    grupo_result = WebDriverWait(driver, 5).until(
                   ^^^^^^^^^^^^^^^^^^^^^^^^^^^^^^^
  File "C:\Users\fs271\AppData\Local\Programs\Python\Python312\Lib\site-packages\selenium\webdriver\support\wait.py", line 112, in until
    value = method(self._driver)
            ^^^^^^^^^^^^^^^^^^^^
  File "C:\Users\fs271\AppData\Local\Programs\Python\Python312\Lib\site-packages\selenium\webdriver\support\expected_conditions.py", line 92, in _predicate
    return driver.find_element(*locator)
           ^^^^^^^^^^^^^^^^^^^^^^^^^^^^^
  File "C:\Users\fs271\AppData\Local\Programs\Python\Python312\Lib\site-packages\selenium\webdriver\remote\webdriver.py", line 816, in find_element
    return self.execute(Command.FIND_ELEMENT, {"using": by, "value": value})["value"]
           ^^^^^^^^^^^^^^^^^^^^^^^^^^^^^^^^^^^^^^^^^^^^^^^^^^^^^^^^^^^^^^^^^
  File "C:\Users\fs271\AppData\Local\Programs\Python\Python312\Lib\site-packages\selenium\webdriver\remote\webdriver.py", line 446, in execute
    self.error_handler.check_response(response)
  File "C:\Users\fs271\AppData\Local\Programs\Python\Python312\Lib\site-packages\selenium\webdriver\remote\errorhandler.py", line 232, in check_response
    raise exception_class(message, screen, stacktrace)
selenium.common.exceptions.InvalidSessionIdException: Message: invalid session id: session deleted as the browser has closed the connection
from disconnected: not connected to DevTools
  (Session info: chrome=146.0.7680.178); For documentation on this error, please visit: https://www.selenium.dev/documentation/webdriver/troubleshooting/errors#invalidsessionidexception
Stacktrace:
	chromedriver!GetHandleVerifier [0x7ff6237f29c5+2ed785]
	chromedriver!GetHandleVerifier [0x7ff62351a0d0+14e90]
	chromedriver!(No symbol) [0x7ff62327db2d]
	chromedriver!(No symbol) [0x7ff623268ca2]
	chromedriver!(No symbol) [0x7ff62328f416]
	chromedriver!(No symbol) [0x7ff6233070e0]
	chromedriver!(No symbol) [0x7ff623323482]
	chromedriver!(No symbol) [0x7ff6232c9298]
	chromedriver!(No symbol) [0x7ff6232ca183]
	chromedriver!GetHandleVerifier [0x7ff62381de0d+318bcd]
	chromedriver!GetHandleVerifier [0x7ff623818588+313348]
	chromedriver!GetHandleVerifier [0x7ff623839d7a+334b3a]
	chromedriver!GetHandleVerifier [0x7ff623536785+31545]
	chromedriver!GetHandleVerifier [0x7ff62353facc+3a88c]
	chromedriver!GetHandleVerifier [0x7ff623523634+1e3f4]
	chromedriver!GetHandleVerifier [0x7ff6235237e6+1e5a6]
	chromedriver!GetHandleVerifier [0x7ff623507e37+2bf7]
	KERNEL32!BaseThreadInitThunk [0x7fffd5cee8d7+17]
	ntdll!RtlUserThreadStart [0x7fffd6cac48c+2c]


During handling of the above exception, another exception occurred:

Traceback (most recent call last):
  File "E:\whatssappAuto\automatizaçãoWatts.py", line 148, in enviar_pasta_para_grupo
    search_box = WebDriverWait(driver, TEMPO_ESPERA).until(
                 ^^^^^^^^^^^^^^^^^^^^^^^^^^^^^^^^^^^^^^^^^^
  File "C:\Users\fs271\AppData\Local\Programs\Python\Python312\Lib\site-packages\selenium\webdriver\support\wait.py", line 112, in until
    value = method(self._driver)
            ^^^^^^^^^^^^^^^^^^^^
  File "C:\Users\fs271\AppData\Local\Programs\Python\Python312\Lib\site-packages\selenium\webdriver\support\expected_conditions.py", line 92, in _predicate
    return driver.find_element(*locator)
           ^^^^^^^^^^^^^^^^^^^^^^^^^^^^^
  File "C:\Users\fs271\AppData\Local\Programs\Python\Python312\Lib\site-packages\selenium\webdriver\remote\webdriver.py", line 816, in find_element
    return self.execute(Command.FIND_ELEMENT, {"using": by, "value": value})["value"]
           ^^^^^^^^^^^^^^^^^^^^^^^^^^^^^^^^^^^^^^^^^^^^^^^^^^^^^^^^^^^^^^^^^
  File "C:\Users\fs271\AppData\Local\Programs\Python\Python312\Lib\site-packages\selenium\webdriver\remote\webdriver.py", line 446, in execute
    self.error_handler.check_response(response)
  File "C:\Users\fs271\AppData\Local\Programs\Python\Python312\Lib\site-packages\selenium\webdriver\remote\errorhandler.py", line 232, in check_response
    raise exception_class(message, screen, stacktrace)
selenium.common.exceptions.InvalidSessionIdException: Message: invalid session id; For documentation on this error, please visit: https://www.selenium.dev/documentation/webdriver/troubleshooting/errors#invalidsessionidexception
Stacktrace:
	chromedriver!GetHandleVerifier [0x7ff6237f29c5+2ed785]
	chromedriver!GetHandleVerifier [0x7ff62351a0d0+14e90]
	chromedriver!(No symbol) [0x7ff62327d916]
	chromedriver!(No symbol) [0x7ff6232c8313]
	chromedriver!(No symbol) [0x7ff6232ffe92]
	chromedriver!(No symbol) [0x7ff6232fa011]
	chromedriver!(No symbol) [0x7ff6232f92c3]
	chromedriver!(No symbol) [0x7ff623246565]
	chromedriver!GetHandleVerifier [0x7ff62381de0d+318bcd]
	chromedriver!GetHandleVerifier [0x7ff623818588+313348]
	chromedriver!GetHandleVerifier [0x7ff623839d7a+334b3a]
	chromedriver!GetHandleVerifier [0x7ff623536785+31545]
	chromedriver!GetHandleVerifier [0x7ff62353facc+3a88c]
	chromedriver!(No symbol) [0x7ff62324532a]
	chromedriver!GetHandleVerifier [0x7ff623974b48+46f908]
	KERNEL32!BaseThreadInitThunk [0x7fffd5cee8d7+17]
	ntdll!RtlUserThreadStart [0x7fffd6cac48c+2c]


--------------------------------------------------------------------------------
❌ Erro ao enviar pasta '1630 ano 95' para 14997652839: Message: 
Stacktrace:
	chromedriver!GetHandleVerifier [0x7ff6bec8a8e5+14e45]
	chromedriver!GetHandleVerifier [0x7ff6bec8a950+14eb0]
	chromedriver!(No symbol) [0x7ff6be9fd6ed]
	chromedriver!(No symbol) [0x7ff6bea56cfe]
	chromedriver!(No symbol) [0x7ff6bea5700c]
	chromedriver!(No symbol) [0x7ff6beaa7cb7]
	chromedriver!(No symbol) [0x7ff6beaa483b]
	chromedriver!(No symbol) [0x7ff6bea490e8]
	chromedriver!(No symbol) [0x7ff6bea49fc3]
	chromedriver!GetHandleVerifier [0x7ff6befa0149+32a6a9]
	chromedriver!GetHandleVerifier [0x7ff6bef9a715+324c75]
	chromedriver!GetHandleVerifier [0x7ff6befbc012+346572]
	chromedriver!GetHandleVerifier [0x7ff6beca7cb5+32215]
	chromedriver!GetHandleVerifier [0x7ff6becb087c+3addc]
	chromedriver!GetHandleVerifier [0x7ff6bec940e4+1e644]
	chromedriver!GetHandleVerifier [0x7ff6bec94296+1e7f6]
	chromedriver!GetHandleVerifier [0x7ff6bec78737+2c97]
	KERNEL32!BaseThreadInitThunk [0x7ffe79b2e8d7+17]
	ntdll!RtlUserThreadStart [0x7ffe7b4ac3fc+2c]

❌ Erro ao enviar pasta '1630 ano 95' para 14997652839: Message: 
Stacktrace:
	chromedriver!GetHandleVerifier [0x7ff6bec8a8e5+14e45]
	chromedriver!GetHandleVerifier [0x7ff6bec8a950+14eb0]
	chromedriver!(No symbol) [0x7ff6be9fd6ed]
	chromedriver!(No symbol) [0x7ff6bea56cfe]
	chromedriver!(No symbol) [0x7ff6bea5700c]
	chromedriver!(No symbol) [0x7ff6beaa7cb7]
	chromedriver!(No symbol) [0x7ff6beaa483b]
	chromedriver!(No symbol) [0x7ff6bea490e8]
	chromedriver!(No symbol) [0x7ff6bea49fc3]
	chromedriver!GetHandleVerifier [0x7ff6befa0149+32a6a9]
	chromedriver!GetHandleVerifier [0x7ff6bef9a715+324c75]
	chromedriver!GetHandleVerifier [0x7ff6befbc012+346572]
	chromedriver!GetHandleVerifier [0x7ff6beca7cb5+32215]
	chromedriver!GetHandleVerifier [0x7ff6becb087c+3addc]
	chromedriver!GetHandleVerifier [0x7ff6bec940e4+1e644]
	chromedriver!GetHandleVerifier [0x7ff6bec94296+1e7f6]
	chromedriver!GetHandleVerifier [0x7ff6bec78737+2c97]
	KERNEL32!BaseThreadInitThunk [0x7ffe79b2e8d7+17]
	ntdll!RtlUserThreadStart [0x7ffe7b4ac3fc+2c]

❌ Erro ao enviar pasta 'meteor 29520' para ⚜️🌱VENDAS BRASIL 🏦🏡🏘️🌱JB🚛🚜 🏢🏗️: Message: unknown error: ChromeDriver only supports characters in the BMP
  (Session info: chrome=147.0.7727.116)
Stacktrace:
	chromedriver!GetHandleVerifier [0x7ff6bec8a8e5+14e45]
	chromedriver!GetHandleVerifier [0x7ff6bec8a950+14eb0]
	chromedriver!(No symbol) [0x7ff6be9fd6ed]
	chromedriver!(No symbol) [0x7ff6bea9c665]
	chromedriver!(No symbol) [0x7ff6bea51a37]
	chromedriver!(No symbol) [0x7ff6bea4f701]
	chromedriver!(No symbol) [0x7ff6bea8002a]
	chromedriver!(No symbol) [0x7ff6bea4aa46]
	chromedriver!(No symbol) [0x7ff6beaa483b]
	chromedriver!(No symbol) [0x7ff6bea490e8]
	chromedriver!(No symbol) [0x7ff6bea49fc3]
	chromedriver!GetHandleVerifier [0x7ff6befa0149+32a6a9]
	chromedriver!GetHandleVerifier [0x7ff6bef9a715+324c75]
	chromedriver!GetHandleVerifier [0x7ff6befbc012+346572]
	chromedriver!GetHandleVerifier [0x7ff6beca7cb5+32215]
	chromedriver!GetHandleVerifier [0x7ff6becb087c+3addc]
	chromedriver!GetHandleVerifier [0x7ff6bec940e4+1e644]
	chromedriver!GetHandleVerifier [0x7ff6bec94296+1e7f6]
	chromedriver!GetHandleVerifier [0x7ff6bec78737+2c97]
	KERNEL32!BaseThreadInitThunk [0x7ffe79b2e8d7+17]
	ntdll!RtlUserThreadStart [0x7ffe7b4ac3fc+2c]

❌ Erro ao enviar pasta 'meteor 29520' para ⚜️🌱VENDAS BRASIL 🏦🏡🏘️🌱JB🚛🚜 🏢🏗️: Message: unknown error: ChromeDriver only supports characters in the BMP
  (Session info: chrome=147.0.7727.116)
Stacktrace:
	chromedriver!GetHandleVerifier [0x7ff6bec8a8e5+14e45]
	chromedriver!GetHandleVerifier [0x7ff6bec8a950+14eb0]
	chromedriver!(No symbol) [0x7ff6be9fd6ed]
	chromedriver!(No symbol) [0x7ff6bea9c665]
	chromedriver!(No symbol) [0x7ff6bea51a37]
	chromedriver!(No symbol) [0x7ff6bea4f701]
	chromedriver!(No symbol) [0x7ff6bea8002a]
	chromedriver!(No symbol) [0x7ff6bea4aa46]
	chromedriver!(No symbol) [0x7ff6beaa483b]
	chromedriver!(No symbol) [0x7ff6bea490e8]
	chromedriver!(No symbol) [0x7ff6bea49fc3]
	chromedriver!GetHandleVerifier [0x7ff6befa0149+32a6a9]
	chromedriver!GetHandleVerifier [0x7ff6bef9a715+324c75]
	chromedriver!GetHandleVerifier [0x7ff6befbc012+346572]
	chromedriver!GetHandleVerifier [0x7ff6beca7cb5+32215]
	chromedriver!GetHandleVerifier [0x7ff6becb087c+3addc]
	chromedriver!GetHandleVerifier [0x7ff6bec940e4+1e644]
	chromedriver!GetHandleVerifier [0x7ff6bec94296+1e7f6]
	chromedriver!GetHandleVerifier [0x7ff6bec78737+2c97]
	KERNEL32!BaseThreadInitThunk [0x7ffe79b2e8d7+17]
	ntdll!RtlUserThreadStart [0x7ffe7b4ac3fc+2c]

❌ Erro ao enviar pasta 'meteor 29520' para ⚜️🌱VENDAS BRASIL 🏦🏡🏘️🌱JB🚛🚜 🏢🏗️: Message: unknown error: ChromeDriver only supports characters in the BMP
  (Session info: chrome=147.0.7727.116)
Stacktrace:
	chromedriver!GetHandleVerifier [0x7ff6bec8a8e5+14e45]
	chromedriver!GetHandleVerifier [0x7ff6bec8a950+14eb0]
	chromedriver!(No symbol) [0x7ff6be9fd6ed]
	chromedriver!(No symbol) [0x7ff6bea9c665]
	chromedriver!(No symbol) [0x7ff6bea51a37]
	chromedriver!(No symbol) [0x7ff6bea4f701]
	chromedriver!(No symbol) [0x7ff6bea8002a]
	chromedriver!(No symbol) [0x7ff6bea4aa46]
	chromedriver!(No symbol) [0x7ff6beaa483b]
	chromedriver!(No symbol) [0x7ff6bea490e8]
	chromedriver!(No symbol) [0x7ff6bea49fc3]
	chromedriver!GetHandleVerifier [0x7ff6befa0149+32a6a9]
	chromedriver!GetHandleVerifier [0x7ff6bef9a715+324c75]
	chromedriver!GetHandleVerifier [0x7ff6befbc012+346572]
	chromedriver!GetHandleVerifier [0x7ff6beca7cb5+32215]
	chromedriver!GetHandleVerifier [0x7ff6becb087c+3addc]
	chromedriver!GetHandleVerifier [0x7ff6bec940e4+1e644]
	chromedriver!GetHandleVerifier [0x7ff6bec94296+1e7f6]
	chromedriver!GetHandleVerifier [0x7ff6bec78737+2c97]
	KERNEL32!BaseThreadInitThunk [0x7ffe79b2e8d7+17]
	ntdll!RtlUserThreadStart [0x7ffe7b4ac3fc+2c]

❌ Erro ao enviar pasta '1630 ano 95' para ⚜️🌱VENDAS BRASIL 🏦🏡🏘️🌱JB🚛🚜 🏢🏗️: 'list' object has no attribute 'click'
❌ Erro ao enviar pasta '1630 ano 95' para ⚜️🌱VENDAS BRASIL 🏦🏡🏘️🌱JB🚛🚜 🏢🏗️: 'list' object has no attribute 'click'
❌ Erro ao enviar pasta '1630 ano 95' para ⚜️🌱VENDAS BRASIL 🏦🏡🏘️🌱JB🚛🚜 🏢🏗️: 'list' object has no attribute 'click'
❌ Erro ao enviar pasta '1630 ano 95' para CORRETORES BILL GRUPO.: 'list' object has no attribute 'click'
❌ Erro ao enviar pasta '1630 ano 95' para CORRETORES BILL GRUPO.: Message: invalid session id; For documentation on this error, please visit: https://www.selenium.dev/documentation/webdriver/troubleshooting/errors#invalidsessionidexception
Stacktrace:
	chromedriver!GetHandleVerifier [0x7ff6253ca8e5+14e45]
	chromedriver!GetHandleVerifier [0x7ff6253ca950+14eb0]
	chromedriver!(No symbol) [0x7ff62513d4d6]
	chromedriver!(No symbol) [0x7ff625188166]
	chromedriver!(No symbol) [0x7ff6251bff32]
	chromedriver!(No symbol) [0x7ff6251ba191]
	chromedriver!(No symbol) [0x7ff6251b9433]
	chromedriver!(No symbol) [0x7ff625106005]
	chromedriver!GetHandleVerifier [0x7ff6256e0149+32a6a9]
	chromedriver!GetHandleVerifier [0x7ff6256da715+324c75]
	chromedriver!GetHandleVerifier [0x7ff6256fc012+346572]
	chromedriver!GetHandleVerifier [0x7ff6253e7cb5+32215]
	chromedriver!GetHandleVerifier [0x7ff6253f087c+3addc]
	chromedriver!(No symbol) [0x7ff625104d9a]
	chromedriver!GetHandleVerifier [0x7ff6258460a8+490608]
	KERNEL32!BaseThreadInitThunk [0x7ff9b391e8d7+17]
	ntdll!RtlUserThreadStart [0x7ff9b53ac3fc+2c]

❌ Erro ao enviar pasta '1630 ano 95' para CORRETORES BILL GRUPO.: Message: invalid session id; For documentation on this error, please visit: https://www.selenium.dev/documentation/webdriver/troubleshooting/errors#invalidsessionidexception
Stacktrace:
	chromedriver!GetHandleVerifier [0x7ff6253ca8e5+14e45]
	chromedriver!GetHandleVerifier [0x7ff6253ca950+14eb0]
	chromedriver!(No symbol) [0x7ff62513d4d6]
	chromedriver!(No symbol) [0x7ff625188166]
	chromedriver!(No symbol) [0x7ff6251bff32]
	chromedriver!(No symbol) [0x7ff6251ba191]
	chromedriver!(No symbol) [0x7ff6251b9433]
	chromedriver!(No symbol) [0x7ff625106005]
	chromedriver!GetHandleVerifier [0x7ff6256e0149+32a6a9]
	chromedriver!GetHandleVerifier [0x7ff6256da715+324c75]
	chromedriver!GetHandleVerifier [0x7ff6256fc012+346572]
	chromedriver!GetHandleVerifier [0x7ff6253e7cb5+32215]
	chromedriver!GetHandleVerifier [0x7ff6253f087c+3addc]
	chromedriver!(No symbol) [0x7ff625104d9a]
	chromedriver!GetHandleVerifier [0x7ff6258460a8+490608]
	KERNEL32!BaseThreadInitThunk [0x7ff9b391e8d7+17]
	ntdll!RtlUserThreadStart [0x7ff9b53ac3fc+2c]

❌ Erro ao enviar pasta '1630 ano 95' para COMPRADORES PROCURAM ...: Message: invalid session id; For documentation on this error, please visit: https://www.selenium.dev/documentation/webdriver/troubleshooting/errors#invalidsessionidexception
Stacktrace:
	chromedriver!GetHandleVerifier [0x7ff6253ca8e5+14e45]
	chromedriver!GetHandleVerifier [0x7ff6253ca950+14eb0]
	chromedriver!(No symbol) [0x7ff62513d4d6]
	chromedriver!(No symbol) [0x7ff625188166]
	chromedriver!(No symbol) [0x7ff6251bff32]
	chromedriver!(No symbol) [0x7ff6251ba191]
	chromedriver!(No symbol) [0x7ff6251b9433]
	chromedriver!(No symbol) [0x7ff625106005]
	chromedriver!GetHandleVerifier [0x7ff6256e0149+32a6a9]
	chromedriver!GetHandleVerifier [0x7ff6256da715+324c75]
	chromedriver!GetHandleVerifier [0x7ff6256fc012+346572]
	chromedriver!GetHandleVerifier [0x7ff6253e7cb5+32215]
	chromedriver!GetHandleVerifier [0x7ff6253f087c+3addc]
	chromedriver!(No symbol) [0x7ff625104d9a]
	chromedriver!GetHandleVerifier [0x7ff6258460a8+490608]
	KERNEL32!BaseThreadInitThunk [0x7ff9b391e8d7+17]
	ntdll!RtlUserThreadStart [0x7ff9b53ac3fc+2c]

❌ Erro ao enviar pasta '1630 ano 95' para COMPRADORES PROCURAM ...: Message: invalid session id; For documentation on this error, please visit: https://www.selenium.dev/documentation/webdriver/troubleshooting/errors#invalidsessionidexception
Stacktrace:
	chromedriver!GetHandleVerifier [0x7ff6253ca8e5+14e45]
	chromedriver!GetHandleVerifier [0x7ff6253ca950+14eb0]
	chromedriver!(No symbol) [0x7ff62513d4d6]
	chromedriver!(No symbol) [0x7ff625188166]
	chromedriver!(No symbol) [0x7ff6251bff32]
	chromedriver!(No symbol) [0x7ff6251ba191]
	chromedriver!(No symbol) [0x7ff6251b9433]
	chromedriver!(No symbol) [0x7ff625106005]
	chromedriver!GetHandleVerifier [0x7ff6256e0149+32a6a9]
	chromedriver!GetHandleVerifier [0x7ff6256da715+324c75]
	chromedriver!GetHandleVerifier [0x7ff6256fc012+346572]
	chromedriver!GetHandleVerifier [0x7ff6253e7cb5+32215]
	chromedriver!GetHandleVerifier [0x7ff6253f087c+3addc]
	chromedriver!(No symbol) [0x7ff625104d9a]
	chromedriver!GetHandleVerifier [0x7ff6258460a8+490608]
	KERNEL32!BaseThreadInitThunk [0x7ff9b391e8d7+17]
	ntdll!RtlUserThreadStart [0x7ff9b53ac3fc+2c]

❌ Erro ao enviar pasta '1630 ano 95' para COMPRADORES PROCURAM ...: Message: invalid session id; For documentation on this error, please visit: https://www.selenium.dev/documentation/webdriver/troubleshooting/errors#invalidsessionidexception
Stacktrace:
	chromedriver!GetHandleVerifier [0x7ff6253ca8e5+14e45]
	chromedriver!GetHandleVerifier [0x7ff6253ca950+14eb0]
	chromedriver!(No symbol) [0x7ff62513d4d6]
	chromedriver!(No symbol) [0x7ff625188166]
	chromedriver!(No symbol) [0x7ff6251bff32]
	chromedriver!(No symbol) [0x7ff6251ba191]
	chromedriver!(No symbol) [0x7ff6251b9433]
	chromedriver!(No symbol) [0x7ff625106005]
	chromedriver!GetHandleVerifier [0x7ff6256e0149+32a6a9]
	chromedriver!GetHandleVerifier [0x7ff6256da715+324c75]
	chromedriver!GetHandleVerifier [0x7ff6256fc012+346572]
	chromedriver!GetHandleVerifier [0x7ff6253e7cb5+32215]
	chromedriver!GetHandleVerifier [0x7ff6253f087c+3addc]
	chromedriver!(No symbol) [0x7ff625104d9a]
	chromedriver!GetHandleVerifier [0x7ff6258460a8+490608]
	KERNEL32!BaseThreadInitThunk [0x7ff9b391e8d7+17]
	ntdll!RtlUserThreadStart [0x7ff9b53ac3fc+2c]

❌ Erro ao enviar pasta '1630 ano 95' para Consultoria, Compra, Vendas e Intermediações Caminhões, Máquinas Pesadas, Aeronaves, Fazendas etc: Message: invalid session id; For documentation on this error, please visit: https://www.selenium.dev/documentation/webdriver/troubleshooting/errors#invalidsessionidexception
Stacktrace:
	chromedriver!GetHandleVerifier [0x7ff6253ca8e5+14e45]
	chromedriver!GetHandleVerifier [0x7ff6253ca950+14eb0]
	chromedriver!(No symbol) [0x7ff62513d4d6]
	chromedriver!(No symbol) [0x7ff625188166]
	chromedriver!(No symbol) [0x7ff6251bff32]
	chromedriver!(No symbol) [0x7ff6251ba191]
	chromedriver!(No symbol) [0x7ff6251b9433]
	chromedriver!(No symbol) [0x7ff625106005]
	chromedriver!GetHandleVerifier [0x7ff6256e0149+32a6a9]
	chromedriver!GetHandleVerifier [0x7ff6256da715+324c75]
	chromedriver!GetHandleVerifier [0x7ff6256fc012+346572]
	chromedriver!GetHandleVerifier [0x7ff6253e7cb5+32215]
	chromedriver!GetHandleVerifier [0x7ff6253f087c+3addc]
	chromedriver!(No symbol) [0x7ff625104d9a]
	chromedriver!GetHandleVerifier [0x7ff6258460a8+490608]
	KERNEL32!BaseThreadInitThunk [0x7ff9b391e8d7+17]
	ntdll!RtlUserThreadStart [0x7ff9b53ac3fc+2c]

❌ Erro ao enviar pasta '1630 ano 95' para Consultoria, Compra, Vendas e Intermediações Caminhões, Máquinas Pesadas, Aeronaves, Fazendas etc: Message: invalid session id; For documentation on this error, please visit: https://www.selenium.dev/documentation/webdriver/troubleshooting/errors#invalidsessionidexception
Stacktrace:
	chromedriver!GetHandleVerifier [0x7ff6253ca8e5+14e45]
	chromedriver!GetHandleVerifier [0x7ff6253ca950+14eb0]
	chromedriver!(No symbol) [0x7ff62513d4d6]
	chromedriver!(No symbol) [0x7ff625188166]
	chromedriver!(No symbol) [0x7ff6251bff32]
	chromedriver!(No symbol) [0x7ff6251ba191]
	chromedriver!(No symbol) [0x7ff6251b9433]
	chromedriver!(No symbol) [0x7ff625106005]
	chromedriver!GetHandleVerifier [0x7ff6256e0149+32a6a9]
	chromedriver!GetHandleVerifier [0x7ff6256da715+324c75]
	chromedriver!GetHandleVerifier [0x7ff6256fc012+346572]
	chromedriver!GetHandleVerifier [0x7ff6253e7cb5+32215]
	chromedriver!GetHandleVerifier [0x7ff6253f087c+3addc]
	chromedriver!(No symbol) [0x7ff625104d9a]
	chromedriver!GetHandleVerifier [0x7ff6258460a8+490608]
	KERNEL32!BaseThreadInitThunk [0x7ff9b391e8d7+17]
	ntdll!RtlUserThreadStart [0x7ff9b53ac3fc+2c]

